archivo,tipo,rutas_declaradas,estado_ledger_historico,presencia_en_manifest_previo,sha256_actual,variante,casos_por_contrastar,estado_de_esta_matriz
src/components/blueprints/BlueprintViewer.tsx,componente_enrutado,/blueprint-viewer,inventoried_only,True,a957eda29f235f5ed3c4a3c236d9021a17556fb0f8c561b1f48ea8ab98397d17,identidad,anónimo/autenticado; rol permitido/denegado; sesión expirada/revocada,"cola de contraste; evidencia previa debe reconciliarse, no significa nunca probado"
src/components/blueprints/BlueprintViewer.tsx,componente_enrutado,/blueprint-viewer,inventoried_only,True,a957eda29f235f5ed3c4a3c236d9021a17556fb0f8c561b1f48ea8ab98397d17,ambito,sin proyecto; A→B→A; cambio de empresa; respuesta tardía,"cola de contraste; evidencia previa debe reconciliarse, no significa nunca probado"
src/components/blueprints/BlueprintViewer.tsx,componente_enrutado,/blueprint-viewer,inventoried_only,True,a957eda29f235f5ed3c4a3c236d9021a17556fb0f8c561b1f48ea8ab98397d17,entrada,menú/URL/QR/push; arranque frío; demo frente a rama normal,"cola de contraste; evidencia previa debe reconciliarse, no significa nunca probado"
src/components/blueprints/BlueprintViewer.tsx,componente_enrutado,/blueprint-viewer,inventoried_only,True,a957eda29f235f5ed3c4a3c236d9021a17556fb0f8c561b1f48ea8ab98397d17,datos,vacío/inválido/antiguo; unidades y fechas; procedencia real,"cola de contraste; evidencia previa debe reconciliarse, no significa nunca probado"
src/components/blueprints/BlueprintViewer.tsx,componente_enrutado,/blueprint-viewer,inventoried_only,True,a957eda29f235f5ed3c4a3c236d9021a17556fb0f8c561b1f48ea8ab98397d17,red,online/offline; timeout/403/500; recuperación sin estado residual,"cola de contraste; evidencia previa debe reconciliarse, no significa nunca probado"
src/components/blueprints/BlueprintViewer.tsx,componente_enrutado,/blueprint-viewer,inventoried_only,True,a957eda29f235f5ed3c4a3c236d9021a17556fb0f8c561b1f48ea8ab98397d17,mutacion,doble clic/reintento/concurrencia; idempotencia y auditoría,"cola de contraste; evidencia previa debe reconciliarse, no significa nunca probado"
src/components/blueprints/BlueprintViewer.tsx,componente_enrutado,/blueprint-viewer,inventoried_only,True,a957eda29f235f5ed3c4a3c236d9021a17556fb0f8c561b1f48ea8ab98397d17,persistencia,guardar→leer de vuelta→recargar; cola→servidor→consumidor,"cola de contraste; evidencia previa debe reconciliarse, no significa nunca probado"
src/components/blueprints/BlueprintViewer.tsx,componente_enrutado,/blueprint-viewer,inventoried_only,True,a957eda29f235f5ed3c4a3c236d9021a17556fb0f8c561b1f48ea8ab98397d17,ciclo_vida,background/proceso muerto; actualización PWA; versión antigua,"cola de contraste; evidencia previa debe reconciliarse, no significa nunca probado"
src/components/blueprints/BlueprintViewer.tsx,componente_enrutado,/blueprint-viewer,inventoried_only,True,a957eda29f235f5ed3c4a3c236d9021a17556fb0f8c561b1f48ea8ab98397d17,salida,exportación/PDF/firma/compartir; integridad; revocación,"cola de contraste; evidencia previa debe reconciliarse, no significa nunca probado"
src/components/blueprints/BlueprintViewer.tsx,componente_enrutado,/blueprint-viewer,inventoried_only,True,a957eda29f235f5ed3c4a3c236d9021a17556fb0f8c561b1f48ea8ab98397d17,dispositivo,web/Android; permisos revocados; OEM; sensores no disponibles,"cola de contraste; evidencia previa debe reconciliarse, no significa nunca probado"
src/components/blueprints/BlueprintViewer.tsx,componente_enrutado,/blueprint-viewer,inventoried_only,True,a957eda29f235f5ed3c4a3c236d9021a17556fb0f8c561b1f48ea8ab98397d17,presentacion,idioma/accesibilidad; loading/error; no convertir falta de datos en seguro,"cola de contraste; evidencia previa debe reconciliarse, no significa nunca probado"
src/components/layout/RootLayout.tsx,componente_enrutado,/,referenced_in_vault_depth_unverified,True,c8894f7d708c7dc0b6aba6658792815b5baa003161c5f510e69e122a10b47d39,identidad,anónimo/autenticado; rol permitido/denegado; sesión expirada/revocada,"cola de contraste; evidencia previa debe reconciliarse, no significa nunca probado"
src/components/layout/RootLayout.tsx,componente_enrutado,/,referenced_in_vault_depth_unverified,True,c8894f7d708c7dc0b6aba6658792815b5baa003161c5f510e69e122a10b47d39,ambito,sin proyecto; A→B→A; cambio de empresa; respuesta tardía,"cola de contraste; evidencia previa debe reconciliarse, no significa nunca probado"
src/components/layout/RootLayout.tsx,componente_enrutado,/,referenced_in_vault_depth_unverified,True,c8894f7d708c7dc0b6aba6658792815b5baa003161c5f510e69e122a10b47d39,entrada,menú/URL/QR/push; arranque frío; demo frente a rama normal,"cola de contraste; evidencia previa debe reconciliarse, no significa nunca probado"
src/components/layout/RootLayout.tsx,componente_enrutado,/,referenced_in_vault_depth_unverified,True,c8894f7d708c7dc0b6aba6658792815b5baa003161c5f510e69e122a10b47d39,datos,vacío/inválido/antiguo; unidades y fechas; procedencia real,"cola de contraste; evidencia previa debe reconciliarse, no significa nunca probado"
src/components/layout/RootLayout.tsx,componente_enrutado,/,referenced_in_vault_depth_unverified,True,c8894f7d708c7dc0b6aba6658792815b5baa003161c5f510e69e122a10b47d39,red,online/offline; timeout/403/500; recuperación sin estado residual,"cola de contraste; evidencia previa debe reconciliarse, no significa nunca probado"
src/components/layout/RootLayout.tsx,componente_enrutado,/,referenced_in_vault_depth_unverified,True,c8894f7d708c7dc0b6aba6658792815b5baa003161c5f510e69e122a10b47d39,mutacion,doble clic/reintento/concurrencia; idempotencia y auditoría,"cola de contraste; evidencia previa debe reconciliarse, no significa nunca probado"
src/components/layout/RootLayout.tsx,componente_enrutado,/,referenced_in_vault_depth_unverified,True,c8894f7d708c7dc0b6aba6658792815b5baa003161c5f510e69e122a10b47d39,persistencia,guardar→leer de vuelta→recargar; cola→servidor→consumidor,"cola de contraste; evidencia previa debe reconciliarse, no significa nunca probado"
src/components/layout/RootLayout.tsx,componente_enrutado,/,referenced_in_vault_depth_unverified,True,c8894f7d708c7dc0b6aba6658792815b5baa003161c5f510e69e122a10b47d39,ciclo_vida,background/proceso muerto; actualización PWA; versión antigua,"cola de contraste; evidencia previa debe reconciliarse, no significa nunca probado"
src/components/layout/RootLayout.tsx,componente_enrutado,/,referenced_in_vault_depth_unverified,True,c8894f7d708c7dc0b6aba6658792815b5baa003161c5f510e69e122a10b47d39,salida,exportación/PDF/firma/compartir; integridad; revocación,"cola de contraste; evidencia previa debe reconciliarse, no significa nunca probado"
src/components/layout/RootLayout.tsx,componente_enrutado,/,referenced_in_vault_depth_unverified,True,c8894f7d708c7dc0b6aba6658792815b5baa003161c5f510e69e122a10b47d39,dispositivo,web/Android; permisos revocados; OEM; sensores no disponibles,"cola de contraste; evidencia previa debe reconciliarse, no significa nunca probado"
src/components/layout/RootLayout.tsx,componente_enrutado,/,referenced_in_vault_depth_unverified,True,c8894f7d708c7dc0b6aba6658792815b5baa003161c5f510e69e122a10b47d39,presentacion,idioma/accesibilidad; loading/error; no convertir falta de datos en seguro,"cola de contraste; evidencia previa debe reconciliarse, no significa nunca probado"
src/pages/AIHub.tsx,pagina,/ai-hub,referenced_in_vault_depth_unverified,True,f7999512040712812d2ffe38751597b46c121841ab057c475d1d58435db3b608,identidad,anónimo/autenticado; rol permitido/denegado; sesión expirada/revocada,"cola de contraste; evidencia previa debe reconciliarse, no significa nunca probado"
src/pages/AIHub.tsx,pagina,/ai-hub,referenced_in_vault_depth_unverified,True,f7999512040712812d2ffe38751597b46c121841ab057c475d1d58435db3b608,ambito,sin proyecto; A→B→A; cambio de empresa; respuesta tardía,"cola de contraste; evidencia previa debe reconciliarse, no significa nunca probado"
src/pages/AIHub.tsx,pagina,/ai-hub,referenced_in_vault_depth_unverified,True,f7999512040712812d2ffe38751597b46c121841ab057c475d1d58435db3b608,entrada,menú/URL/QR/push; arranque frío; demo frente a rama normal,"cola de contraste; evidencia previa debe reconciliarse, no significa nunca probado"
src/pages/AIHub.tsx,pagina,/ai-hub,referenced_in_vault_depth_unverified,True,f7999512040712812d2ffe38751597b46c121841ab057c475d1d58435db3b608,datos,vacío/inválido/antiguo; unidades y fechas; procedencia real,"cola de contraste; evidencia previa debe reconciliarse, no significa nunca probado"
src/pages/AIHub.tsx,pagina,/ai-hub,referenced_in_vault_depth_unverified,True,f7999512040712812d2ffe38751597b46c121841ab057c475d1d58435db3b608,red,online/offline; timeout/403/500; recuperación sin estado residual,"cola de contraste; evidencia previa debe reconciliarse, no significa nunca probado"
src/pages/AIHub.tsx,pagina,/ai-hub,referenced_in_vault_depth_unverified,True,f7999512040712812d2ffe38751597b46c121841ab057c475d1d58435db3b608,mutacion,doble clic/reintento/concurrencia; idempotencia y auditoría,"cola de contraste; evidencia previa debe reconciliarse, no significa nunca probado"
src/pages/AIHub.tsx,pagina,/ai-hub,referenced_in_vault_depth_unverified,True,f7999512040712812d2ffe38751597b46c121841ab057c475d1d58435db3b608,persistencia,guardar→leer de vuelta→recargar; cola→servidor→consumidor,"cola de contraste; evidencia previa debe reconciliarse, no significa nunca probado"
src/pages/AIHub.tsx,pagina,/ai-hub,referenced_in_vault_depth_unverified,True,f7999512040712812d2ffe38751597b46c121841ab057c475d1d58435db3b608,ciclo_vida,background/proceso muerto; actualización PWA; versión antigua,"cola de contraste; evidencia previa debe reconciliarse, no significa nunca probado"
src/pages/AIHub.tsx,pagina,/ai-hub,referenced_in_vault_depth_unverified,True,f7999512040712812d2ffe38751597b46c121841ab057c475d1d58435db3b608,salida,exportación/PDF/firma/compartir; integridad; revocación,"cola de contraste; evidencia previa debe reconciliarse, no significa nunca probado"
src/pages/AIHub.tsx,pagina,/ai-hub,referenced_in_vault_depth_unverified,True,f7999512040712812d2ffe38751597b46c121841ab057c475d1d58435db3b608,dispositivo,web/Android; permisos revocados; OEM; sensores no disponibles,"cola de contraste; evidencia previa debe reconciliarse, no significa nunca probado"
src/pages/AIHub.tsx,pagina,/ai-hub,referenced_in_vault_depth_unverified,True,f7999512040712812d2ffe38751597b46c121841ab057c475d1d58435db3b608,presentacion,idioma/accesibilidad; loading/error; no convertir falta de datos en seguro,"cola de contraste; evidencia previa debe reconciliarse, no significa nunca probado"
src/pages/AcademicProcessor.tsx,pagina,/academic-processor,referenced_in_vault_depth_unverified,True,e297c92e12a18617a005e2b8722e8b5978dd81a341a9b2a7ee3620798fcc363f,identidad,anónimo/autenticado; rol permitido/denegado; sesión expirada/revocada,"cola de contraste; evidencia previa debe reconciliarse, no significa nunca probado"
src/pages/AcademicProcessor.tsx,pagina,/academic-processor,referenced_in_vault_depth_unverified,True,e297c92e12a18617a005e2b8722e8b5978dd81a341a9b2a7ee3620798fcc363f,ambito,sin proyecto; A→B→A; cambio de empresa; respuesta tardía,"cola de contraste; evidencia previa debe reconciliarse, no significa nunca probado"
src/pages/AcademicProcessor.tsx,pagina,/academic-processor,referenced_in_vault_depth_unverified,True,e297c92e12a18617a005e2b8722e8b5978dd81a341a9b2a7ee3620798fcc363f,entrada,menú/URL/QR/push; arranque frío; demo frente a rama normal,"cola de contraste; evidencia previa debe reconciliarse, no significa nunca probado"
src/pages/AcademicProcessor.tsx,pagina,/academic-processor,referenced_in_vault_depth_unverified,True,e297c92e12a18617a005e2b8722e8b5978dd81a341a9b2a7ee3620798fcc363f,datos,vacío/inválido/antiguo; unidades y fechas; procedencia real,"cola de contraste; evidencia previa debe reconciliarse, no significa nunca probado"
src/pages/AcademicProcessor.tsx,pagina,/academic-processor,referenced_in_vault_depth_unverified,True,e297c92e12a18617a005e2b8722e8b5978dd81a341a9b2a7ee3620798fcc363f,red,online/offline; timeout/403/500; recuperación sin estado residual,"cola de contraste; evidencia previa debe reconciliarse, no significa nunca probado"
src/pages/AcademicProcessor.tsx,pagina,/academic-processor,referenced_in_vault_depth_unverified,True,e297c92e12a18617a005e2b8722e8b5978dd81a341a9b2a7ee3620798fcc363f,mutacion,doble clic/reintento/concurrencia; idempotencia y auditoría,"cola de contraste; evidencia previa debe reconciliarse, no significa nunca probado"
src/pages/AcademicProcessor.tsx,pagina,/academic-processor,referenced_in_vault_depth_unverified,True,e297c92e12a18617a005e2b8722e8b5978dd81a341a9b2a7ee3620798fcc363f,persistencia,guardar→leer de vuelta→recargar; cola→servidor→consumidor,"cola de contraste; evidencia previa debe reconciliarse, no significa nunca probado"
src/pages/AcademicProcessor.tsx,pagina,/academic-processor,referenced_in_vault_depth_unverified,True,e297c92e12a18617a005e2b8722e8b5978dd81a341a9b2a7ee3620798fcc363f,ciclo_vida,background/proceso muerto; actualización PWA; versión antigua,"cola de contraste; evidencia previa debe reconciliarse, no significa nunca probado"
src/pages/AcademicProcessor.tsx,pagina,/academic-processor,referenced_in_vault_depth_unverified,True,e297c92e12a18617a005e2b8722e8b5978dd81a341a9b2a7ee3620798fcc363f,salida,exportación/PDF/firma/compartir; integridad; revocación,"cola de contraste; evidencia previa debe reconciliarse, no significa nunca probado"
src/pages/AcademicProcessor.tsx,pagina,/academic-processor,referenced_in_vault_depth_unverified,True,e297c92e12a18617a005e2b8722e8b5978dd81a341a9b2a7ee3620798fcc363f,dispositivo,web/Android; permisos revocados; OEM; sensores no disponibles,"cola de contraste; evidencia previa debe reconciliarse, no significa nunca probado"
src/pages/AcademicProcessor.tsx,pagina,/academic-processor,referenced_in_vault_depth_unverified,True,e297c92e12a18617a005e2b8722e8b5978dd81a341a9b2a7ee3620798fcc363f,presentacion,idioma/accesibilidad; loading/error; no convertir falta de datos en seguro,"cola de contraste; evidencia previa debe reconciliarse, no significa nunca probado"
src/pages/Accessibility.tsx,pagina,/accessibility,referenced_in_vault_depth_unverified,True,60b65f325b9f102c4e3980cf9495535d399d962752ae2a8bd06e199ab7ffe971,identidad,anónimo/autenticado; rol permitido/denegado; sesión expirada/revocada,"cola de contraste; evidencia previa debe reconciliarse, no significa nunca probado"
src/pages/Accessibility.tsx,pagina,/accessibility,referenced_in_vault_depth_unverified,True,60b65f325b9f102c4e3980cf9495535d399d962752ae2a8bd06e199ab7ffe971,ambito,sin proyecto; A→B→A; cambio de empresa; respuesta tardía,"cola de contraste; evidencia previa debe reconciliarse, no significa nunca probado"
src/pages/Accessibility.tsx,pagina,/accessibility,referenced_in_vault_depth_unverified,True,60b65f325b9f102c4e3980cf9495535d399d962752ae2a8bd06e199ab7ffe971,entrada,menú/URL/QR/push; arranque frío; demo frente a rama normal,"cola de contraste; evidencia previa debe reconciliarse, no significa nunca probado"
src/pages/Accessibility.tsx,pagina,/accessibility,referenced_in_vault_depth_unverified,True,60b65f325b9f102c4e3980cf9495535d399d962752ae2a8bd06e199ab7ffe971,datos,vacío/inválido/antiguo; unidades y fechas; procedencia real,"cola de contraste; evidencia previa debe reconciliarse, no significa nunca probado"
src/pages/Accessibility.tsx,pagina,/accessibility,referenced_in_vault_depth_unverified,True,60b65f325b9f102c4e3980cf9495535d399d962752ae2a8bd06e199ab7ffe971,red,online/offline; timeout/403/500; recuperación sin estado residual,"cola de contraste; evidencia previa debe reconciliarse, no significa nunca probado"
src/pages/Accessibility.tsx,pagina,/accessibility,referenced_in_vault_depth_unverified,True,60b65f325b9f102c4e3980cf9495535d399d962752ae2a8bd06e199ab7ffe971,mutacion,doble clic/reintento/concurrencia; idempotencia y auditoría,"cola de contraste; evidencia previa debe reconciliarse, no significa nunca probado"
src/pages/Accessibility.tsx,pagina,/accessibility,referenced_in_vault_depth_unverified,True,60b65f325b9f102c4e3980cf9495535d399d962752ae2a8bd06e199ab7ffe971,persistencia,guardar→leer de vuelta→recargar; cola→servidor→consumidor,"cola de contraste; evidencia previa debe reconciliarse, no significa nunca probado"
src/pages/Accessibility.tsx,pagina,/accessibility,referenced_in_vault_depth_unverified,True,60b65f325b9f102c4e3980cf9495535d399d962752ae2a8bd06e199ab7ffe971,ciclo_vida,background/proceso muerto; actualización PWA; versión antigua,"cola de contraste; evidencia previa debe reconciliarse, no significa nunca probado"
src/pages/Accessibility.tsx,pagina,/accessibility,referenced_in_vault_depth_unverified,True,60b65f325b9f102c4e3980cf9495535d399d962752ae2a8bd06e199ab7ffe971,salida,exportación/PDF/firma/compartir; integridad; revocación,"cola de contraste; evidencia previa debe reconciliarse, no significa nunca probado"
src/pages/Accessibility.tsx,pagina,/accessibility,referenced_in_vault_depth_unverified,True,60b65f325b9f102c4e3980cf9495535d399d962752ae2a8bd06e199ab7ffe971,dispositivo,web/Android; permisos revocados; OEM; sensores no disponibles,"cola de contraste; evidencia previa debe reconciliarse, no significa nunca probado"
src/pages/Accessibility.tsx,pagina,/accessibility,referenced_in_vault_depth_unverified,True,60b65f325b9f102c4e3980cf9495535d399d962752ae2a8bd06e199ab7ffe971,presentacion,idioma/accesibilidad; loading/error; no convertir falta de datos en seguro,"cola de contraste; evidencia previa debe reconciliarse, no significa nunca probado"
src/pages/AfichesSeguridad.tsx,pagina,/afiches-seguridad,referenced_in_vault_depth_unverified,True,5d096bd093181ffcae9f23847587def6d63d7f9b5e8514849136556188e3fb9a,identidad,anónimo/autenticado; rol permitido/denegado; sesión expirada/revocada,"cola de contraste; evidencia previa debe reconciliarse, no significa nunca probado"
src/pages/AfichesSeguridad.tsx,pagina,/afiches-seguridad,referenced_in_vault_depth_unverified,True,5d096bd093181ffcae9f23847587def6d63d7f9b5e8514849136556188e3fb9a,ambito,sin proyecto; A→B→A; cambio de empresa; respuesta tardía,"cola de contraste; evidencia previa debe reconciliarse, no significa nunca probado"
src/pages/AfichesSeguridad.tsx,pagina,/afiches-seguridad,referenced_in_vault_depth_unverified,True,5d096bd093181ffcae9f23847587def6d63d7f9b5e8514849136556188e3fb9a,entrada,menú/URL/QR/push; arranque frío; demo frente a rama normal,"cola de contraste; evidencia previa debe reconciliarse, no significa nunca probado"
src/pages/AfichesSeguridad.tsx,pagina,/afiches-seguridad,referenced_in_vault_depth_unverified,True,5d096bd093181ffcae9f23847587def6d63d7f9b5e8514849136556188e3fb9a,datos,vacío/inválido/antiguo; unidades y fechas; procedencia real,"cola de contraste; evidencia previa debe reconciliarse, no significa nunca probado"
src/pages/AfichesSeguridad.tsx,pagina,/afiches-seguridad,referenced_in_vault_depth_unverified,True,5d096bd093181ffcae9f23847587def6d63d7f9b5e8514849136556188e3fb9a,red,online/offline; timeout/403/500; recuperación sin estado residual,"cola de contraste; evidencia previa debe reconciliarse, no significa nunca probado"
src/pages/AfichesSeguridad.tsx,pagina,/afiches-seguridad,referenced_in_vault_depth_unverified,True,5d096bd093181ffcae9f23847587def6d63d7f9b5e8514849136556188e3fb9a,mutacion,doble clic/reintento/concurrencia; idempotencia y auditoría,"cola de contraste; evidencia previa debe reconciliarse, no significa nunca probado"
src/pages/AfichesSeguridad.tsx,pagina,/afiches-seguridad,referenced_in_vault_depth_unverified,True,5d096bd093181ffcae9f23847587def6d63d7f9b5e8514849136556188e3fb9a,persistencia,guardar→leer de vuelta→recargar; cola→servidor→consumidor,"cola de contraste; evidencia previa debe reconciliarse, no significa nunca probado"
src/pages/AfichesSeguridad.tsx,pagina,/afiches-seguridad,referenced_in_vault_depth_unverified,True,5d096bd093181ffcae9f23847587def6d63d7f9b5e8514849136556188e3fb9a,ciclo_vida,background/proceso muerto; actualización PWA; versión antigua,"cola de contraste; evidencia previa debe reconciliarse, no significa nunca probado"
src/pages/AfichesSeguridad.tsx,pagina,/afiches-seguridad,referenced_in_vault_depth_unverified,True,5d096bd093181ffcae9f23847587def6d63d7f9b5e8514849136556188e3fb9a,salida,exportación/PDF/firma/compartir; integridad; revocación,"cola de contraste; evidencia previa debe reconciliarse, no significa nunca probado"
src/pages/AfichesSeguridad.tsx,pagina,/afiches-seguridad,referenced_in_vault_depth_unverified,True,5d096bd093181ffcae9f23847587def6d63d7f9b5e8514849136556188e3fb9a,dispositivo,web/Android; permisos revocados; OEM; sensores no disponibles,"cola de contraste; evidencia previa debe reconciliarse, no significa nunca probado"
src/pages/AfichesSeguridad.tsx,pagina,/afiches-seguridad,referenced_in_vault_depth_unverified,True,5d096bd093181ffcae9f23847587def6d63d7f9b5e8514849136556188e3fb9a,presentacion,idioma/accesibilidad; loading/error; no convertir falta de datos en seguro,"cola de contraste; evidencia previa debe reconciliarse, no significa nunca probado"
src/pages/Analytics.tsx,pagina,/analytics,referenced_in_vault_depth_unverified,True,e274150bbd57fccaabe5f68fd38831c0b83becb5833ea1d5d3e567d597cfa9da,identidad,anónimo/autenticado; rol permitido/denegado; sesión expirada/revocada,"cola de contraste; evidencia previa debe reconciliarse, no significa nunca probado"
src/pages/Analytics.tsx,pagina,/analytics,referenced_in_vault_depth_unverified,True,e274150bbd57fccaabe5f68fd38831c0b83becb5833ea1d5d3e567d597cfa9da,ambito,sin proyecto; A→B→A; cambio de empresa; respuesta tardía,"cola de contraste; evidencia previa debe reconciliarse, no significa nunca probado"
src/pages/Analytics.tsx,pagina,/analytics,referenced_in_vault_depth_unverified,True,e274150bbd57fccaabe5f68fd38831c0b83becb5833ea1d5d3e567d597cfa9da,entrada,menú/URL/QR/push; arranque frío; demo frente a rama normal,"cola de contraste; evidencia previa debe reconciliarse, no significa nunca probado"
src/pages/Analytics.tsx,pagina,/analytics,referenced_in_vault_depth_unverified,True,e274150bbd57fccaabe5f68fd38831c0b83becb5833ea1d5d3e567d597cfa9da,datos,vacío/inválido/antiguo; unidades y fechas; procedencia real,"cola de contraste; evidencia previa debe reconciliarse, no significa nunca probado"
src/pages/Analytics.tsx,pagina,/analytics,referenced_in_vault_depth_unverified,True,e274150bbd57fccaabe5f68fd38831c0b83becb5833ea1d5d3e567d597cfa9da,red,online/offline; timeout/403/500; recuperación sin estado residual,"cola de contraste; evidencia previa debe reconciliarse, no significa nunca probado"
src/pages/Analytics.tsx,pagina,/analytics,referenced_in_vault_depth_unverified,True,e274150bbd57fccaabe5f68fd38831c0b83becb5833ea1d5d3e567d597cfa9da,mutacion,doble clic/reintento/concurrencia; idempotencia y auditoría,"cola de contraste; evidencia previa debe reconciliarse, no significa nunca probado"
src/pages/Analytics.tsx,pagina,/analytics,referenced_in_vault_depth_unverified,True,e274150bbd57fccaabe5f68fd38831c0b83becb5833ea1d5d3e567d597cfa9da,persistencia,guardar→leer de vuelta→recargar; cola→servidor→consumidor,"cola de contraste; evidencia previa debe reconciliarse, no significa nunca probado"
src/pages/Analytics.tsx,pagina,/analytics,referenced_in_vault_depth_unverified,True,e274150bbd57fccaabe5f68fd38831c0b83becb5833ea1d5d3e567d597cfa9da,ciclo_vida,background/proceso muerto; actualización PWA; versión antigua,"cola de contraste; evidencia previa debe reconciliarse, no significa nunca probado"
src/pages/Analytics.tsx,pagina,/analytics,referenced_in_vault_depth_unverified,True,e274150bbd57fccaabe5f68fd38831c0b83becb5833ea1d5d3e567d597cfa9da,salida,exportación/PDF/firma/compartir; integridad; revocación,"cola de contraste; evidencia previa debe reconciliarse, no significa nunca probado"
src/pages/Analytics.tsx,pagina,/analytics,referenced_in_vault_depth_unverified,True,e274150bbd57fccaabe5f68fd38831c0b83becb5833ea1d5d3e567d597cfa9da,dispositivo,web/Android; permisos revocados; OEM; sensores no disponibles,"cola de contraste; evidencia previa debe reconciliarse, no significa nunca probado"
src/pages/Analytics.tsx,pagina,/analytics,referenced_in_vault_depth_unverified,True,e274150bbd57fccaabe5f68fd38831c0b83becb5833ea1d5d3e567d597cfa9da,presentacion,idioma/accesibilidad; loading/error; no convertir falta de datos en seguro,"cola de contraste; evidencia previa debe reconciliarse, no significa nunca probado"
src/pages/AnnualReview.tsx,pagina,/annual-review,referenced_in_vault_depth_unverified,True,744ad3a23655e3176dec92115d55356ae895fefcfe93ade86a00086574a8441f,identidad,anónimo/autenticado; rol permitido/denegado; sesión expirada/revocada,"cola de contraste; evidencia previa debe reconciliarse, no significa nunca probado"
src/pages/AnnualReview.tsx,pagina,/annual-review,referenced_in_vault_depth_unverified,True,744ad3a23655e3176dec92115d55356ae895fefcfe93ade86a00086574a8441f,ambito,sin proyecto; A→B→A; cambio de empresa; respuesta tardía,"cola de contraste; evidencia previa debe reconciliarse, no significa nunca probado"
src/pages/AnnualReview.tsx,pagina,/annual-review,referenced_in_vault_depth_unverified,True,744ad3a23655e3176dec92115d55356ae895fefcfe93ade86a00086574a8441f,entrada,menú/URL/QR/push; arranque frío; demo frente a rama normal,"cola de contraste; evidencia previa debe reconciliarse, no significa nunca probado"
src/pages/AnnualReview.tsx,pagina,/annual-review,referenced_in_vault_depth_unverified,True,744ad3a23655e3176dec92115d55356ae895fefcfe93ade86a00086574a8441f,datos,vacío/inválido/antiguo; unidades y fechas; procedencia real,"cola de contraste; evidencia previa debe reconciliarse, no significa nunca probado"
src/pages/AnnualReview.tsx,pagina,/annual-review,referenced_in_vault_depth_unverified,True,744ad3a23655e3176dec92115d55356ae895fefcfe93ade86a00086574a8441f,red,online/offline; timeout/403/500; recuperación sin estado residual,"cola de contraste; evidencia previa debe reconciliarse, no significa nunca probado"
src/pages/AnnualReview.tsx,pagina,/annual-review,referenced_in_vault_depth_unverified,True,744ad3a23655e3176dec92115d55356ae895fefcfe93ade86a00086574a8441f,mutacion,doble clic/reintento/concurrencia; idempotencia y auditoría,"cola de contraste; evidencia previa debe reconciliarse, no significa nunca probado"
src/pages/AnnualReview.tsx,pagina,/annual-review,referenced_in_vault_depth_unverified,True,744ad3a23655e3176dec92115d55356ae895fefcfe93ade86a00086574a8441f,persistencia,guardar→leer de vuelta→recargar; cola→servidor→consumidor,"cola de contraste; evidencia previa debe reconciliarse, no significa nunca probado"
src/pages/AnnualReview.tsx,pagina,/annual-review,referenced_in_vault_depth_unverified,True,744ad3a23655e3176dec92115d55356ae895fefcfe93ade86a00086574a8441f,ciclo_vida,background/proceso muerto; actualización PWA; versión antigua,"cola de contraste; evidencia previa debe reconciliarse, no significa nunca probado"
src/pages/AnnualReview.tsx,pagina,/annual-review,referenced_in_vault_depth_unverified,True,744ad3a23655e3176dec92115d55356ae895fefcfe93ade86a00086574a8441f,salida,exportación/PDF/firma/compartir; integridad; revocación,"cola de contraste; evidencia previa debe reconciliarse, no significa nunca probado"
src/pages/AnnualReview.tsx,pagina,/annual-review,referenced_in_vault_depth_unverified,True,744ad3a23655e3176dec92115d55356ae895fefcfe93ade86a00086574a8441f,dispositivo,web/Android; permisos revocados; OEM; sensores no disponibles,"cola de contraste; evidencia previa debe reconciliarse, no significa nunca probado"
src/pages/AnnualReview.tsx,pagina,/annual-review,referenced_in_vault_depth_unverified,True,744ad3a23655e3176dec92115d55356ae895fefcfe93ade86a00086574a8441f,presentacion,idioma/accesibilidad; loading/error; no convertir falta de datos en seguro,"cola de contraste; evidencia previa debe reconciliarse, no significa nunca probado"
src/pages/Apprenticeship.tsx,pagina,/apprenticeship,referenced_in_vault_depth_unverified,True,e91c2c4b9b2667d9564c0ca43ffc5df978ed5758b09af6ca943f084c685ed4d2,identidad,anónimo/autenticado; rol permitido/denegado; sesión expirada/revocada,"cola de contraste; evidencia previa debe reconciliarse, no significa nunca probado"
src/pages/Apprenticeship.tsx,pagina,/apprenticeship,referenced_in_vault_depth_unverified,True,e91c2c4b9b2667d9564c0ca43ffc5df978ed5758b09af6ca943f084c685ed4d2,ambito,sin proyecto; A→B→A; cambio de empresa; respuesta tardía,"cola de contraste; evidencia previa debe reconciliarse, no significa nunca probado"
src/pages/Apprenticeship.tsx,pagina,/apprenticeship,referenced_in_vault_depth_unverified,True,e91c2c4b9b2667d9564c0ca43ffc5df978ed5758b09af6ca943f084c685ed4d2,entrada,menú/URL/QR/push; arranque frío; demo frente a rama normal,"cola de contraste; evidencia previa debe reconciliarse, no significa nunca probado"
src/pages/Apprenticeship.tsx,pagina,/apprenticeship,referenced_in_vault_depth_unverified,True,e91c2c4b9b2667d9564c0ca43ffc5df978ed5758b09af6ca943f084c685ed4d2,datos,vacío/inválido/antiguo; unidades y fechas; procedencia real,"cola de contraste; evidencia previa debe reconciliarse, no significa nunca probado"
src/pages/Apprenticeship.tsx,pagina,/apprenticeship,referenced_in_vault_depth_unverified,True,e91c2c4b9b2667d9564c0ca43ffc5df978ed5758b09af6ca943f084c685ed4d2,red,online/offline; timeout/403/500; recuperación sin estado residual,"cola de contraste; evidencia previa debe reconciliarse, no significa nunca probado"
src/pages/Apprenticeship.tsx,pagina,/apprenticeship,referenced_in_vault_depth_unverified,True,e91c2c4b9b2667d9564c0ca43ffc5df978ed5758b09af6ca943f084c685ed4d2,mutacion,doble clic/reintento/concurrencia; idempotencia y auditoría,"cola de contraste; evidencia previa debe reconciliarse, no significa nunca probado"
src/pages/Apprenticeship.tsx,pagina,/apprenticeship,referenced_in_vault_depth_unverified,True,e91c2c4b9b2667d9564c0ca43ffc5df978ed5758b09af6ca943f084c685ed4d2,persistencia,guardar→leer de vuelta→recargar; cola→servidor→consumidor,"cola de contraste; evidencia previa debe reconciliarse, no significa nunca probado"
src/pages/Apprenticeship.tsx,pagina,/apprenticeship,referenced_in_vault_depth_unverified,True,e91c2c4b9b2667d9564c0ca43ffc5df978ed5758b09af6ca943f084c685ed4d2,ciclo_vida,background/proceso muerto; actualización PWA; versión antigua,"cola de contraste; evidencia previa debe reconciliarse, no significa nunca probado"
src/pages/Apprenticeship.tsx,pagina,/apprenticeship,referenced_in_vault_depth_unverified,True,e91c2c4b9b2667d9564c0ca43ffc5df978ed5758b09af6ca943f084c685ed4d2,salida,exportación/PDF/firma/compartir; integridad; revocación,"cola de contraste; evidencia previa debe reconciliarse, no significa nunca probado"
src/pages/Apprenticeship.tsx,pagina,/apprenticeship,referenced_in_vault_depth_unverified,True,e91c2c4b9b2667d9564c0ca43ffc5df978ed5758b09af6ca943f084c685ed4d2,dispositivo,web/Android; permisos revocados; OEM; sensores no disponibles,"cola de contraste; evidencia previa debe reconciliarse, no significa nunca probado"
src/pages/Apprenticeship.tsx,pagina,/apprenticeship,referenced_in_vault_depth_unverified,True,e91c2c4b9b2667d9564c0ca43ffc5df978ed5758b09af6ca943f084c685ed4d2,presentacion,idioma/accesibilidad; loading/error; no convertir falta de datos en seguro,"cola de contraste; evidencia previa debe reconciliarse, no significa nunca probado"
src/pages/ArcadeGames.tsx,pagina,/arcade-games,referenced_in_vault_depth_unverified,True,52a393d181c76a51818aef8c155199781c3c65a5c056a40f98a7b4f74cd7575d,identidad,anónimo/autenticado; rol permitido/denegado; sesión expirada/revocada,"cola de contraste; evidencia previa debe reconciliarse, no significa nunca probado"
src/pages/ArcadeGames.tsx,pagina,/arcade-games,referenced_in_vault_depth_unverified,True,52a393d181c76a51818aef8c155199781c3c65a5c056a40f98a7b4f74cd7575d,ambito,sin proyecto; A→B→A; cambio de empresa; respuesta tardía,"cola de contraste; evidencia previa debe reconciliarse, no significa nunca probado"
src/pages/ArcadeGames.tsx,pagina,/arcade-games,referenced_in_vault_depth_unverified,True,52a393d181c76a51818aef8c155199781c3c65a5c056a40f98a7b4f74cd7575d,entrada,menú/URL/QR/push; arranque frío; demo frente a rama normal,"cola de contraste; evidencia previa debe reconciliarse, no significa nunca probado"
src/pages/ArcadeGames.tsx,pagina,/arcade-games,referenced_in_vault_depth_unverified,True,52a393d181c76a51818aef8c155199781c3c65a5c056a40f98a7b4f74cd7575d,datos,vacío/inválido/antiguo; unidades y fechas; procedencia real,"cola de contraste; evidencia previa debe reconciliarse, no significa nunca probado"
src/pages/ArcadeGames.tsx,pagina,/arcade-games,referenced_in_vault_depth_unverified,True,52a393d181c76a51818aef8c155199781c3c65a5c056a40f98a7b4f74cd7575d,red,online/offline; timeout/403/500; recuperación sin estado residual,"cola de contraste; evidencia previa debe reconciliarse, no significa nunca probado"
src/pages/ArcadeGames.tsx,pagina,/arcade-games,referenced_in_vault_depth_unverified,True,52a393d181c76a51818aef8c155199781c3c65a5c056a40f98a7b4f74cd7575d,mutacion,doble clic/reintento/concurrencia; idempotencia y auditoría,"cola de contraste; evidencia previa debe reconciliarse, no significa nunca probado"
src/pages/ArcadeGames.tsx,pagina,/arcade-games,referenced_in_vault_depth_unverified,True,52a393d181c76a51818aef8c155199781c3c65a5c056a40f98a7b4f74cd7575d,persistencia,guardar→leer de vuelta→recargar; cola→servidor→consumidor,"cola de contraste; evidencia previa debe reconciliarse, no significa nunca probado"
src/pages/ArcadeGames.tsx,pagina,/arcade-games,referenced_in_vault_depth_unverified,True,52a393d181c76a51818aef8c155199781c3c65a5c056a40f98a7b4f74cd7575d,ciclo_vida,background/proceso muerto; actualización PWA; versión antigua,"cola de contraste; evidencia previa debe reconciliarse, no significa nunca probado"
src/pages/ArcadeGames.tsx,pagina,/arcade-games,referenced_in_vault_depth_unverified,True,52a393d181c76a51818aef8c155199781c3c65a5c056a40f98a7b4f74cd7575d,salida,exportación/PDF/firma/compartir; integridad; revocación,"cola de contraste; evidencia previa debe reconciliarse, no significa nunca probado"
src/pages/ArcadeGames.tsx,pagina,/arcade-games,referenced_in_vault_depth_unverified,True,52a393d181c76a51818aef8c155199781c3c65a5c056a40f98a7b4f74cd7575d,dispositivo,web/Android; permisos revocados; OEM; sensores no disponibles,"cola de contraste; evidencia previa debe reconciliarse, no significa nunca probado"
src/pages/ArcadeGames.tsx,pagina,/arcade-games,referenced_in_vault_depth_unverified,True,52a393d181c76a51818aef8c155199781c3c65a5c056a40f98a7b4f74cd7575d,presentacion,idioma/accesibilidad; loading/error; no convertir falta de datos en seguro,"cola de contraste; evidencia previa debe reconciliarse, no significa nunca probado"
src/pages/Assets.tsx,pagina,/assets,referenced_in_vault_depth_unverified,True,877918460a21524a8cfffc6e373e643867287119bd53415fa8ca8c1c607ac94e,identidad,anónimo/autenticado; rol permitido/denegado; sesión expirada/revocada,"cola de contraste; evidencia previa debe reconciliarse, no significa nunca probado"
src/pages/Assets.tsx,pagina,/assets,referenced_in_vault_depth_unverified,True,877918460a21524a8cfffc6e373e643867287119bd53415fa8ca8c1c607ac94e,ambito,sin proyecto; A→B→A; cambio de empresa; respuesta tardía,"cola de contraste; evidencia previa debe reconciliarse, no significa nunca probado"
src/pages/Assets.tsx,pagina,/assets,referenced_in_vault_depth_unverified,True,877918460a21524a8cfffc6e373e643867287119bd53415fa8ca8c1c607ac94e,entrada,menú/URL/QR/push; arranque frío; demo frente a rama normal,"cola de contraste; evidencia previa debe reconciliarse, no significa nunca probado"
src/pages/Assets.tsx,pagina,/assets,referenced_in_vault_depth_unverified,True,877918460a21524a8cfffc6e373e643867287119bd53415fa8ca8c1c607ac94e,datos,vacío/inválido/antiguo; unidades y fechas; procedencia real,"cola de contraste; evidencia previa debe reconciliarse, no significa nunca probado"
src/pages/Assets.tsx,pagina,/assets,referenced_in_vault_depth_unverified,True,877918460a21524a8cfffc6e373e643867287119bd53415fa8ca8c1c607ac94e,red,online/offline; timeout/403/500; recuperación sin estado residual,"cola de contraste; evidencia previa debe reconciliarse, no significa nunca probado"
src/pages/Assets.tsx,pagina,/assets,referenced_in_vault_depth_unverified,True,877918460a21524a8cfffc6e373e643867287119bd53415fa8ca8c1c607ac94e,mutacion,doble clic/reintento/concurrencia; idempotencia y auditoría,"cola de contraste; evidencia previa debe reconciliarse, no significa nunca probado"
src/pages/Assets.tsx,pagina,/assets,referenced_in_vault_depth_unverified,True,877918460a21524a8cfffc6e373e643867287119bd53415fa8ca8c1c607ac94e,persistencia,guardar→leer de vuelta→recargar; cola→servidor→consumidor,"cola de contraste; evidencia previa debe reconciliarse, no significa nunca probado"
src/pages/Assets.tsx,pagina,/assets,referenced_in_vault_depth_unverified,True,877918460a21524a8cfffc6e373e643867287119bd53415fa8ca8c1c607ac94e,ciclo_vida,background/proceso muerto; actualización PWA; versión antigua,"cola de contraste; evidencia previa debe reconciliarse, no significa nunca probado"
src/pages/Assets.tsx,pagina,/assets,referenced_in_vault_depth_unverified,True,877918460a21524a8cfffc6e373e643867287119bd53415fa8ca8c1c607ac94e,salida,exportación/PDF/firma/compartir; integridad; revocación,"cola de contraste; evidencia previa debe reconciliarse, no significa nunca probado"
src/pages/Assets.tsx,pagina,/assets,referenced_in_vault_depth_unverified,True,877918460a21524a8cfffc6e373e643867287119bd53415fa8ca8c1c607ac94e,dispositivo,web/Android; permisos revocados; OEM; sensores no disponibles,"cola de contraste; evidencia previa debe reconciliarse, no significa nunca probado"
src/pages/Assets.tsx,pagina,/assets,referenced_in_vault_depth_unverified,True,877918460a21524a8cfffc6e373e643867287119bd53415fa8ca8c1c607ac94e,presentacion,idioma/accesibilidad; loading/error; no convertir falta de datos en seguro,"cola de contraste; evidencia previa debe reconciliarse, no significa nunca probado"
src/pages/Attendance.tsx,pagina,/attendance,referenced_in_vault_depth_unverified,True,5c22033f27a6c65ae340c46bc4eeee31d3206dd0ae6e996ba0e90a930fff6eeb,identidad,anónimo/autenticado; rol permitido/denegado; sesión expirada/revocada,"cola de contraste; evidencia previa debe reconciliarse, no significa nunca probado"
src/pages/Attendance.tsx,pagina,/attendance,referenced_in_vault_depth_unverified,True,5c22033f27a6c65ae340c46bc4eeee31d3206dd0ae6e996ba0e90a930fff6eeb,ambito,sin proyecto; A→B→A; cambio de empresa; respuesta tardía,"cola de contraste; evidencia previa debe reconciliarse, no significa nunca probado"
src/pages/Attendance.tsx,pagina,/attendance,referenced_in_vault_depth_unverified,True,5c22033f27a6c65ae340c46bc4eeee31d3206dd0ae6e996ba0e90a930fff6eeb,entrada,menú/URL/QR/push; arranque frío; demo frente a rama normal,"cola de contraste; evidencia previa debe reconciliarse, no significa nunca probado"
src/pages/Attendance.tsx,pagina,/attendance,referenced_in_vault_depth_unverified,True,5c22033f27a6c65ae340c46bc4eeee31d3206dd0ae6e996ba0e90a930fff6eeb,datos,vacío/inválido/antiguo; unidades y fechas; procedencia real,"cola de contraste; evidencia previa debe reconciliarse, no significa nunca probado"
src/pages/Attendance.tsx,pagina,/attendance,referenced_in_vault_depth_unverified,True,5c22033f27a6c65ae340c46bc4eeee31d3206dd0ae6e996ba0e90a930fff6eeb,red,online/offline; timeout/403/500; recuperación sin estado residual,"cola de contraste; evidencia previa debe reconciliarse, no significa nunca probado"
src/pages/Attendance.tsx,pagina,/attendance,referenced_in_vault_depth_unverified,True,5c22033f27a6c65ae340c46bc4eeee31d3206dd0ae6e996ba0e90a930fff6eeb,mutacion,doble clic/reintento/concurrencia; idempotencia y auditoría,"cola de contraste; evidencia previa debe reconciliarse, no significa nunca probado"
src/pages/Attendance.tsx,pagina,/attendance,referenced_in_vault_depth_unverified,True,5c22033f27a6c65ae340c46bc4eeee31d3206dd0ae6e996ba0e90a930fff6eeb,persistencia,guardar→leer de vuelta→recargar; cola→servidor→consumidor,"cola de contraste; evidencia previa debe reconciliarse, no significa nunca probado"
src/pages/Attendance.tsx,pagina,/attendance,referenced_in_vault_depth_unverified,True,5c22033f27a6c65ae340c46bc4eeee31d3206dd0ae6e996ba0e90a930fff6eeb,ciclo_vida,background/proceso muerto; actualización PWA; versión antigua,"cola de contraste; evidencia previa debe reconciliarse, no significa nunca probado"
src/pages/Attendance.tsx,pagina,/attendance,referenced_in_vault_depth_unverified,True,5c22033f27a6c65ae340c46bc4eeee31d3206dd0ae6e996ba0e90a930fff6eeb,salida,exportación/PDF/firma/compartir; integridad; revocación,"cola de contraste; evidencia previa debe reconciliarse, no significa nunca probado"
src/pages/Attendance.tsx,pagina,/attendance,referenced_in_vault_depth_unverified,True,5c22033f27a6c65ae340c46bc4eeee31d3206dd0ae6e996ba0e90a930fff6eeb,dispositivo,web/Android; permisos revocados; OEM; sensores no disponibles,"cola de contraste; evidencia previa debe reconciliarse, no significa nunca probado"
src/pages/Attendance.tsx,pagina,/attendance,referenced_in_vault_depth_unverified,True,5c22033f27a6c65ae340c46bc4eeee31d3206dd0ae6e996ba0e90a930fff6eeb,presentacion,idioma/accesibilidad; loading/error; no convertir falta de datos en seguro,"cola de contraste; evidencia previa debe reconciliarse, no significa nunca probado"
src/pages/AuditPortals.tsx,pagina,/audit-portals,referenced_in_vault_depth_unverified,True,7948e6d832496375576adbc4c5a60adb53ee562cb9d3d5905c29d4d731809269,identidad,anónimo/autenticado; rol permitido/denegado; sesión expirada/revocada,"cola de contraste; evidencia previa debe reconciliarse, no significa nunca probado"
src/pages/AuditPortals.tsx,pagina,/audit-portals,referenced_in_vault_depth_unverified,True,7948e6d832496375576adbc4c5a60adb53ee562cb9d3d5905c29d4d731809269,ambito,sin proyecto; A→B→A; cambio de empresa; respuesta tardía,"cola de contraste; evidencia previa debe reconciliarse, no significa nunca probado"
src/pages/AuditPortals.tsx,pagina,/audit-portals,referenced_in_vault_depth_unverified,True,7948e6d832496375576adbc4c5a60adb53ee562cb9d3d5905c29d4d731809269,entrada,menú/URL/QR/push; arranque frío; demo frente a rama normal,"cola de contraste; evidencia previa debe reconciliarse, no significa nunca probado"
src/pages/AuditPortals.tsx,pagina,/audit-portals,referenced_in_vault_depth_unverified,True,7948e6d832496375576adbc4c5a60adb53ee562cb9d3d5905c29d4d731809269,datos,vacío/inválido/antiguo; unidades y fechas; procedencia real,"cola de contraste; evidencia previa debe reconciliarse, no significa nunca probado"
src/pages/AuditPortals.tsx,pagina,/audit-portals,referenced_in_vault_depth_unverified,True,7948e6d832496375576adbc4c5a60adb53ee562cb9d3d5905c29d4d731809269,red,online/offline; timeout/403/500; recuperación sin estado residual,"cola de contraste; evidencia previa debe reconciliarse, no significa nunca probado"
src/pages/AuditPortals.tsx,pagina,/audit-portals,referenced_in_vault_depth_unverified,True,7948e6d832496375576adbc4c5a60adb53ee562cb9d3d5905c29d4d731809269,mutacion,doble clic/reintento/concurrencia; idempotencia y auditoría,"cola de contraste; evidencia previa debe reconciliarse, no significa nunca probado"
src/pages/AuditPortals.tsx,pagina,/audit-portals,referenced_in_vault_depth_unverified,True,7948e6d832496375576adbc4c5a60adb53ee562cb9d3d5905c29d4d731809269,persistencia,guardar→leer de vuelta→recargar; cola→servidor→consumidor,"cola de contraste; evidencia previa debe reconciliarse, no significa nunca probado"
src/pages/AuditPortals.tsx,pagina,/audit-portals,referenced_in_vault_depth_unverified,True,7948e6d832496375576adbc4c5a60adb53ee562cb9d3d5905c29d4d731809269,ciclo_vida,background/proceso muerto; actualización PWA; versión antigua,"cola de contraste; evidencia previa debe reconciliarse, no significa nunca probado"
src/pages/AuditPortals.tsx,pagina,/audit-portals,referenced_in_vault_depth_unverified,True,7948e6d832496375576adbc4c5a60adb53ee562cb9d3d5905c29d4d731809269,salida,exportación/PDF/firma/compartir; integridad; revocación,"cola de contraste; evidencia previa debe reconciliarse, no significa nunca probado"
src/pages/AuditPortals.tsx,pagina,/audit-portals,referenced_in_vault_depth_unverified,True,7948e6d832496375576adbc4c5a60adb53ee562cb9d3d5905c29d4d731809269,dispositivo,web/Android; permisos revocados; OEM; sensores no disponibles,"cola de contraste; evidencia previa debe reconciliarse, no significa nunca probado"
src/pages/AuditPortals.tsx,pagina,/audit-portals,referenced_in_vault_depth_unverified,True,7948e6d832496375576adbc4c5a60adb53ee562cb9d3d5905c29d4d731809269,presentacion,idioma/accesibilidad; loading/error; no convertir falta de datos en seguro,"cola de contraste; evidencia previa debe reconciliarse, no significa nunca probado"
src/pages/AuditTrail.tsx,pagina,/audit-trail,referenced_in_vault_depth_unverified,True,c1d0918e4ae81a2298fa6d235e23767eacd84eb215c0bd3559c207d6113d55f0,identidad,anónimo/autenticado; rol permitido/denegado; sesión expirada/revocada,"cola de contraste; evidencia previa debe reconciliarse, no significa nunca probado"
src/pages/AuditTrail.tsx,pagina,/audit-trail,referenced_in_vault_depth_unverified,True,c1d0918e4ae81a2298fa6d235e23767eacd84eb215c0bd3559c207d6113d55f0,ambito,sin proyecto; A→B→A; cambio de empresa; respuesta tardía,"cola de contraste; evidencia previa debe reconciliarse, no significa nunca probado"
src/pages/AuditTrail.tsx,pagina,/audit-trail,referenced_in_vault_depth_unverified,True,c1d0918e4ae81a2298fa6d235e23767eacd84eb215c0bd3559c207d6113d55f0,entrada,menú/URL/QR/push; arranque frío; demo frente a rama normal,"cola de contraste; evidencia previa debe reconciliarse, no significa nunca probado"
src/pages/AuditTrail.tsx,pagina,/audit-trail,referenced_in_vault_depth_unverified,True,c1d0918e4ae81a2298fa6d235e23767eacd84eb215c0bd3559c207d6113d55f0,datos,vacío/inválido/antiguo; unidades y fechas; procedencia real,"cola de contraste; evidencia previa debe reconciliarse, no significa nunca probado"
src/pages/AuditTrail.tsx,pagina,/audit-trail,referenced_in_vault_depth_unverified,True,c1d0918e4ae81a2298fa6d235e23767eacd84eb215c0bd3559c207d6113d55f0,red,online/offline; timeout/403/500; recuperación sin estado residual,"cola de contraste; evidencia previa debe reconciliarse, no significa nunca probado"
src/pages/AuditTrail.tsx,pagina,/audit-trail,referenced_in_vault_depth_unverified,True,c1d0918e4ae81a2298fa6d235e23767eacd84eb215c0bd3559c207d6113d55f0,mutacion,doble clic/reintento/concurrencia; idempotencia y auditoría,"cola de contraste; evidencia previa debe reconciliarse, no significa nunca probado"
src/pages/AuditTrail.tsx,pagina,/audit-trail,referenced_in_vault_depth_unverified,True,c1d0918e4ae81a2298fa6d235e23767eacd84eb215c0bd3559c207d6113d55f0,persistencia,guardar→leer de vuelta→recargar; cola→servidor→consumidor,"cola de contraste; evidencia previa debe reconciliarse, no significa nunca probado"
src/pages/AuditTrail.tsx,pagina,/audit-trail,referenced_in_vault_depth_unverified,True,c1d0918e4ae81a2298fa6d235e23767eacd84eb215c0bd3559c207d6113d55f0,ciclo_vida,background/proceso muerto; actualización PWA; versión antigua,"cola de contraste; evidencia previa debe reconciliarse, no significa nunca probado"
src/pages/AuditTrail.tsx,pagina,/audit-trail,referenced_in_vault_depth_unverified,True,c1d0918e4ae81a2298fa6d235e23767eacd84eb215c0bd3559c207d6113d55f0,salida,exportación/PDF/firma/compartir; integridad; revocación,"cola de contraste; evidencia previa debe reconciliarse, no significa nunca probado"
src/pages/AuditTrail.tsx,pagina,/audit-trail,referenced_in_vault_depth_unverified,True,c1d0918e4ae81a2298fa6d235e23767eacd84eb215c0bd3559c207d6113d55f0,dispositivo,web/Android; permisos revocados; OEM; sensores no disponibles,"cola de contraste; evidencia previa debe reconciliarse, no significa nunca probado"
src/pages/AuditTrail.tsx,pagina,/audit-trail,referenced_in_vault_depth_unverified,True,c1d0918e4ae81a2298fa6d235e23767eacd84eb215c0bd3559c207d6113d55f0,presentacion,idioma/accesibilidad; loading/error; no convertir falta de datos en seguro,"cola de contraste; evidencia previa debe reconciliarse, no significa nunca probado"
src/pages/Auditoria5S.tsx,pagina,/auditoria-5s,referenced_in_vault_depth_unverified,True,cf9429308d7f312ec439c62b99e9ea1d6b25ab9fc1984b83539abd3d8bb4e3bd,identidad,anónimo/autenticado; rol permitido/denegado; sesión expirada/revocada,"cola de contraste; evidencia previa debe reconciliarse, no significa nunca probado"
src/pages/Auditoria5S.tsx,pagina,/auditoria-5s,referenced_in_vault_depth_unverified,True,cf9429308d7f312ec439c62b99e9ea1d6b25ab9fc1984b83539abd3d8bb4e3bd,ambito,sin proyecto; A→B→A; cambio de empresa; respuesta tardía,"cola de contraste; evidencia previa debe reconciliarse, no significa nunca probado"
src/pages/Auditoria5S.tsx,pagina,/auditoria-5s,referenced_in_vault_depth_unverified,True,cf9429308d7f312ec439c62b99e9ea1d6b25ab9fc1984b83539abd3d8bb4e3bd,entrada,menú/URL/QR/push; arranque frío; demo frente a rama normal,"cola de contraste; evidencia previa debe reconciliarse, no significa nunca probado"
src/pages/Auditoria5S.tsx,pagina,/auditoria-5s,referenced_in_vault_depth_unverified,True,cf9429308d7f312ec439c62b99e9ea1d6b25ab9fc1984b83539abd3d8bb4e3bd,datos,vacío/inválido/antiguo; unidades y fechas; procedencia real,"cola de contraste; evidencia previa debe reconciliarse, no significa nunca probado"
src/pages/Auditoria5S.tsx,pagina,/auditoria-5s,referenced_in_vault_depth_unverified,True,cf9429308d7f312ec439c62b99e9ea1d6b25ab9fc1984b83539abd3d8bb4e3bd,red,online/offline; timeout/403/500; recuperación sin estado residual,"cola de contraste; evidencia previa debe reconciliarse, no significa nunca probado"
src/pages/Auditoria5S.tsx,pagina,/auditoria-5s,referenced_in_vault_depth_unverified,True,cf9429308d7f312ec439c62b99e9ea1d6b25ab9fc1984b83539abd3d8bb4e3bd,mutacion,doble clic/reintento/concurrencia; idempotencia y auditoría,"cola de contraste; evidencia previa debe reconciliarse, no significa nunca probado"
src/pages/Auditoria5S.tsx,pagina,/auditoria-5s,referenced_in_vault_depth_unverified,True,cf9429308d7f312ec439c62b99e9ea1d6b25ab9fc1984b83539abd3d8bb4e3bd,persistencia,guardar→leer de vuelta→recargar; cola→servidor→consumidor,"cola de contraste; evidencia previa debe reconciliarse, no significa nunca probado"
src/pages/Auditoria5S.tsx,pagina,/auditoria-5s,referenced_in_vault_depth_unverified,True,cf9429308d7f312ec439c62b99e9ea1d6b25ab9fc1984b83539abd3d8bb4e3bd,ciclo_vida,background/proceso muerto; actualización PWA; versión antigua,"cola de contraste; evidencia previa debe reconciliarse, no significa nunca probado"
src/pages/Auditoria5S.tsx,pagina,/auditoria-5s,referenced_in_vault_depth_unverified,True,cf9429308d7f312ec439c62b99e9ea1d6b25ab9fc1984b83539abd3d8bb4e3bd,salida,exportación/PDF/firma/compartir; integridad; revocación,"cola de contraste; evidencia previa debe reconciliarse, no significa nunca probado"
src/pages/Auditoria5S.tsx,pagina,/auditoria-5s,referenced_in_vault_depth_unverified,True,cf9429308d7f312ec439c62b99e9ea1d6b25ab9fc1984b83539abd3d8bb4e3bd,dispositivo,web/Android; permisos revocados; OEM; sensores no disponibles,"cola de contraste; evidencia previa debe reconciliarse, no significa nunca probado"
src/pages/Auditoria5S.tsx,pagina,/auditoria-5s,referenced_in_vault_depth_unverified,True,cf9429308d7f312ec439c62b99e9ea1d6b25ab9fc1984b83539abd3d8bb4e3bd,presentacion,idioma/accesibilidad; loading/error; no convertir falta de datos en seguro,"cola de contraste; evidencia previa debe reconciliarse, no significa nunca probado"
src/pages/Audits.tsx,pagina,/audits,referenced_in_vault_depth_unverified,True,c9951181a395f6185269d43aa43e0c17ca0b8d033342603ddd3a0670592876da,identidad,anónimo/autenticado; rol permitido/denegado; sesión expirada/revocada,"cola de contraste; evidencia previa debe reconciliarse, no significa nunca probado"
src/pages/Audits.tsx,pagina,/audits,referenced_in_vault_depth_unverified,True,c9951181a395f6185269d43aa43e0c17ca0b8d033342603ddd3a0670592876da,ambito,sin proyecto; A→B→A; cambio de empresa; respuesta tardía,"cola de contraste; evidencia previa debe reconciliarse, no significa nunca probado"
src/pages/Audits.tsx,pagina,/audits,referenced_in_vault_depth_unverified,True,c9951181a395f6185269d43aa43e0c17ca0b8d033342603ddd3a0670592876da,entrada,menú/URL/QR/push; arranque frío; demo frente a rama normal,"cola de contraste; evidencia previa debe reconciliarse, no significa nunca probado"
src/pages/Audits.tsx,pagina,/audits,referenced_in_vault_depth_unverified,True,c9951181a395f6185269d43aa43e0c17ca0b8d033342603ddd3a0670592876da,datos,vacío/inválido/antiguo; unidades y fechas; procedencia real,"cola de contraste; evidencia previa debe reconciliarse, no significa nunca probado"
src/pages/Audits.tsx,pagina,/audits,referenced_in_vault_depth_unverified,True,c9951181a395f6185269d43aa43e0c17ca0b8d033342603ddd3a0670592876da,red,online/offline; timeout/403/500; recuperación sin estado residual,"cola de contraste; evidencia previa debe reconciliarse, no significa nunca probado"
src/pages/Audits.tsx,pagina,/audits,referenced_in_vault_depth_unverified,True,c9951181a395f6185269d43aa43e0c17ca0b8d033342603ddd3a0670592876da,mutacion,doble clic/reintento/concurrencia; idempotencia y auditoría,"cola de contraste; evidencia previa debe reconciliarse, no significa nunca probado"
src/pages/Audits.tsx,pagina,/audits,referenced_in_vault_depth_unverified,True,c9951181a395f6185269d43aa43e0c17ca0b8d033342603ddd3a0670592876da,persistencia,guardar→leer de vuelta→recargar; cola→servidor→consumidor,"cola de contraste; evidencia previa debe reconciliarse, no significa nunca probado"
src/pages/Audits.tsx,pagina,/audits,referenced_in_vault_depth_unverified,True,c9951181a395f6185269d43aa43e0c17ca0b8d033342603ddd3a0670592876da,ciclo_vida,background/proceso muerto; actualización PWA; versión antigua,"cola de contraste; evidencia previa debe reconciliarse, no significa nunca probado"
src/pages/Audits.tsx,pagina,/audits,referenced_in_vault_depth_unverified,True,c9951181a395f6185269d43aa43e0c17ca0b8d033342603ddd3a0670592876da,salida,exportación/PDF/firma/compartir; integridad; revocación,"cola de contraste; evidencia previa debe reconciliarse, no significa nunca probado"
src/pages/Audits.tsx,pagina,/audits,referenced_in_vault_depth_unverified,True,c9951181a395f6185269d43aa43e0c17ca0b8d033342603ddd3a0670592876da,dispositivo,web/Android; permisos revocados; OEM; sensores no disponibles,"cola de contraste; evidencia previa debe reconciliarse, no significa nunca probado"
src/pages/Audits.tsx,pagina,/audits,referenced_in_vault_depth_unverified,True,c9951181a395f6185269d43aa43e0c17ca0b8d033342603ddd3a0670592876da,presentacion,idioma/accesibilidad; loading/error; no convertir falta de datos en seguro,"cola de contraste; evidencia previa debe reconciliarse, no significa nunca probado"
src/pages/AutoCADViewer.tsx,pagina,/autocad,referenced_in_vault_depth_unverified,True,154d145f468f848e41dc35fce380385d49d02e276c5da928c09a38b526b46e3a,identidad,anónimo/autenticado; rol permitido/denegado; sesión expirada/revocada,"cola de contraste; evidencia previa debe reconciliarse, no significa nunca probado"
src/pages/AutoCADViewer.tsx,pagina,/autocad,referenced_in_vault_depth_unverified,True,154d145f468f848e41dc35fce380385d49d02e276c5da928c09a38b526b46e3a,ambito,sin proyecto; A→B→A; cambio de empresa; respuesta tardía,"cola de contraste; evidencia previa debe reconciliarse, no significa nunca probado"
src/pages/AutoCADViewer.tsx,pagina,/autocad,referenced_in_vault_depth_unverified,True,154d145f468f848e41dc35fce380385d49d02e276c5da928c09a38b526b46e3a,entrada,menú/URL/QR/push; arranque frío; demo frente a rama normal,"cola de contraste; evidencia previa debe reconciliarse, no significa nunca probado"
src/pages/AutoCADViewer.tsx,pagina,/autocad,referenced_in_vault_depth_unverified,True,154d145f468f848e41dc35fce380385d49d02e276c5da928c09a38b526b46e3a,datos,vacío/inválido/antiguo; unidades y fechas; procedencia real,"cola de contraste; evidencia previa debe reconciliarse, no significa nunca probado"
src/pages/AutoCADViewer.tsx,pagina,/autocad,referenced_in_vault_depth_unverified,True,154d145f468f848e41dc35fce380385d49d02e276c5da928c09a38b526b46e3a,red,online/offline; timeout/403/500; recuperación sin estado residual,"cola de contraste; evidencia previa debe reconciliarse, no significa nunca probado"
src/pages/AutoCADViewer.tsx,pagina,/autocad,referenced_in_vault_depth_unverified,True,154d145f468f848e41dc35fce380385d49d02e276c5da928c09a38b526b46e3a,mutacion,doble clic/reintento/concurrencia; idempotencia y auditoría,"cola de contraste; evidencia previa debe reconciliarse, no significa nunca probado"
src/pages/AutoCADViewer.tsx,pagina,/autocad,referenced_in_vault_depth_unverified,True,154d145f468f848e41dc35fce380385d49d02e276c5da928c09a38b526b46e3a,persistencia,guardar→leer de vuelta→recargar; cola→servidor→consumidor,"cola de contraste; evidencia previa debe reconciliarse, no significa nunca probado"
src/pages/AutoCADViewer.tsx,pagina,/autocad,referenced_in_vault_depth_unverified,True,154d145f468f848e41dc35fce380385d49d02e276c5da928c09a38b526b46e3a,ciclo_vida,background/proceso muerto; actualización PWA; versión antigua,"cola de contraste; evidencia previa debe reconciliarse, no significa nunca probado"
src/pages/AutoCADViewer.tsx,pagina,/autocad,referenced_in_vault_depth_unverified,True,154d145f468f848e41dc35fce380385d49d02e276c5da928c09a38b526b46e3a,salida,exportación/PDF/firma/compartir; integridad; revocación,"cola de contraste; evidencia previa debe reconciliarse, no significa nunca probado"
src/pages/AutoCADViewer.tsx,pagina,/autocad,referenced_in_vault_depth_unverified,True,154d145f468f848e41dc35fce380385d49d02e276c5da928c09a38b526b46e3a,dispositivo,web/Android; permisos revocados; OEM; sensores no disponibles,"cola de contraste; evidencia previa debe reconciliarse, no significa nunca probado"
src/pages/AutoCADViewer.tsx,pagina,/autocad,referenced_in_vault_depth_unverified,True,154d145f468f848e41dc35fce380385d49d02e276c5da928c09a38b526b46e3a,presentacion,idioma/accesibilidad; loading/error; no convertir falta de datos en seguro,"cola de contraste; evidencia previa debe reconciliarse, no significa nunca probado"
src/pages/B2dAdminPanel.tsx,pagina,/admin/b2d,referenced_in_vault_depth_unverified,True,12684ccaa37beb52e6ae8a22fc58a6481e52fbd21af2220525ee3e935a414789,identidad,anónimo/autenticado; rol permitido/denegado; sesión expirada/revocada,"cola de contraste; evidencia previa debe reconciliarse, no significa nunca probado"
src/pages/B2dAdminPanel.tsx,pagina,/admin/b2d,referenced_in_vault_depth_unverified,True,12684ccaa37beb52e6ae8a22fc58a6481e52fbd21af2220525ee3e935a414789,ambito,sin proyecto; A→B→A; cambio de empresa; respuesta tardía,"cola de contraste; evidencia previa debe reconciliarse, no significa nunca probado"
src/pages/B2dAdminPanel.tsx,pagina,/admin/b2d,referenced_in_vault_depth_unverified,True,12684ccaa37beb52e6ae8a22fc58a6481e52fbd21af2220525ee3e935a414789,entrada,menú/URL/QR/push; arranque frío; demo frente a rama normal,"cola de contraste; evidencia previa debe reconciliarse, no significa nunca probado"
src/pages/B2dAdminPanel.tsx,pagina,/admin/b2d,referenced_in_vault_depth_unverified,True,12684ccaa37beb52e6ae8a22fc58a6481e52fbd21af2220525ee3e935a414789,datos,vacío/inválido/antiguo; unidades y fechas; procedencia real,"cola de contraste; evidencia previa debe reconciliarse, no significa nunca probado"
src/pages/B2dAdminPanel.tsx,pagina,/admin/b2d,referenced_in_vault_depth_unverified,True,12684ccaa37beb52e6ae8a22fc58a6481e52fbd21af2220525ee3e935a414789,red,online/offline; timeout/403/500; recuperación sin estado residual,"cola de contraste; evidencia previa debe reconciliarse, no significa nunca probado"
src/pages/B2dAdminPanel.tsx,pagina,/admin/b2d,referenced_in_vault_depth_unverified,True,12684ccaa37beb52e6ae8a22fc58a6481e52fbd21af2220525ee3e935a414789,mutacion,doble clic/reintento/concurrencia; idempotencia y auditoría,"cola de contraste; evidencia previa debe reconciliarse, no significa nunca probado"
src/pages/B2dAdminPanel.tsx,pagina,/admin/b2d,referenced_in_vault_depth_unverified,True,12684ccaa37beb52e6ae8a22fc58a6481e52fbd21af2220525ee3e935a414789,persistencia,guardar→leer de vuelta→recargar; cola→servidor→consumidor,"cola de contraste; evidencia previa debe reconciliarse, no significa nunca probado"
src/pages/B2dAdminPanel.tsx,pagina,/admin/b2d,referenced_in_vault_depth_unverified,True,12684ccaa37beb52e6ae8a22fc58a6481e52fbd21af2220525ee3e935a414789,ciclo_vida,background/proceso muerto; actualización PWA; versión antigua,"cola de contraste; evidencia previa debe reconciliarse, no significa nunca probado"
src/pages/B2dAdminPanel.tsx,pagina,/admin/b2d,referenced_in_vault_depth_unverified,True,12684ccaa37beb52e6ae8a22fc58a6481e52fbd21af2220525ee3e935a414789,salida,exportación/PDF/firma/compartir; integridad; revocación,"cola de contraste; evidencia previa debe reconciliarse, no significa nunca probado"
src/pages/B2dAdminPanel.tsx,pagina,/admin/b2d,referenced_in_vault_depth_unverified,True,12684ccaa37beb52e6ae8a22fc58a6481e52fbd21af2220525ee3e935a414789,dispositivo,web/Android; permisos revocados; OEM; sensores no disponibles,"cola de contraste; evidencia previa debe reconciliarse, no significa nunca probado"
src/pages/B2dAdminPanel.tsx,pagina,/admin/b2d,referenced_in_vault_depth_unverified,True,12684ccaa37beb52e6ae8a22fc58a6481e52fbd21af2220525ee3e935a414789,presentacion,idioma/accesibilidad; loading/error; no convertir falta de datos en seguro,"cola de contraste; evidencia previa debe reconciliarse, no significa nunca probado"
src/pages/BioAnalysis.tsx,pagina,/bio-analysis,referenced_in_vault_depth_unverified,True,dfec9c538552feb77a5048ba79425bc7c038f76ad3cde6be4c5669334e7e2db5,identidad,anónimo/autenticado; rol permitido/denegado; sesión expirada/revocada,"cola de contraste; evidencia previa debe reconciliarse, no significa nunca probado"
src/pages/BioAnalysis.tsx,pagina,/bio-analysis,referenced_in_vault_depth_unverified,True,dfec9c538552feb77a5048ba79425bc7c038f76ad3cde6be4c5669334e7e2db5,ambito,sin proyecto; A→B→A; cambio de empresa; respuesta tardía,"cola de contraste; evidencia previa debe reconciliarse, no significa nunca probado"
src/pages/BioAnalysis.tsx,pagina,/bio-analysis,referenced_in_vault_depth_unverified,True,dfec9c538552feb77a5048ba79425bc7c038f76ad3cde6be4c5669334e7e2db5,entrada,menú/URL/QR/push; arranque frío; demo frente a rama normal,"cola de contraste; evidencia previa debe reconciliarse, no significa nunca probado"
src/pages/BioAnalysis.tsx,pagina,/bio-analysis,referenced_in_vault_depth_unverified,True,dfec9c538552feb77a5048ba79425bc7c038f76ad3cde6be4c5669334e7e2db5,datos,vacío/inválido/antiguo; unidades y fechas; procedencia real,"cola de contraste; evidencia previa debe reconciliarse, no significa nunca probado"
src/pages/BioAnalysis.tsx,pagina,/bio-analysis,referenced_in_vault_depth_unverified,True,dfec9c538552feb77a5048ba79425bc7c038f76ad3cde6be4c5669334e7e2db5,red,online/offline; timeout/403/500; recuperación sin estado residual,"cola de contraste; evidencia previa debe reconciliarse, no significa nunca probado"
src/pages/BioAnalysis.tsx,pagina,/bio-analysis,referenced_in_vault_depth_unverified,True,dfec9c538552feb77a5048ba79425bc7c038f76ad3cde6be4c5669334e7e2db5,mutacion,doble clic/reintento/concurrencia; idempotencia y auditoría,"cola de contraste; evidencia previa debe reconciliarse, no significa nunca probado"
src/pages/BioAnalysis.tsx,pagina,/bio-analysis,referenced_in_vault_depth_unverified,True,dfec9c538552feb77a5048ba79425bc7c038f76ad3cde6be4c5669334e7e2db5,persistencia,guardar→leer de vuelta→recargar; cola→servidor→consumidor,"cola de contraste; evidencia previa debe reconciliarse, no significa nunca probado"
src/pages/BioAnalysis.tsx,pagina,/bio-analysis,referenced_in_vault_depth_unverified,True,dfec9c538552feb77a5048ba79425bc7c038f76ad3cde6be4c5669334e7e2db5,ciclo_vida,background/proceso muerto; actualización PWA; versión antigua,"cola de contraste; evidencia previa debe reconciliarse, no significa nunca probado"
src/pages/BioAnalysis.tsx,pagina,/bio-analysis,referenced_in_vault_depth_unverified,True,dfec9c538552feb77a5048ba79425bc7c038f76ad3cde6be4c5669334e7e2db5,salida,exportación/PDF/firma/compartir; integridad; revocación,"cola de contraste; evidencia previa debe reconciliarse, no significa nunca probado"
src/pages/BioAnalysis.tsx,pagina,/bio-analysis,referenced_in_vault_depth_unverified,True,dfec9c538552feb77a5048ba79425bc7c038f76ad3cde6be4c5669334e7e2db5,dispositivo,web/Android; permisos revocados; OEM; sensores no disponibles,"cola de contraste; evidencia previa debe reconciliarse, no significa nunca probado"
src/pages/BioAnalysis.tsx,pagina,/bio-analysis,referenced_in_vault_depth_unverified,True,dfec9c538552feb77a5048ba79425bc7c038f76ad3cde6be4c5669334e7e2db5,presentacion,idioma/accesibilidad; loading/error; no convertir falta de datos en seguro,"cola de contraste; evidencia previa debe reconciliarse, no significa nunca probado"
src/pages/BlueprintViewer.tsx,pagina,,referenced_in_vault_depth_unverified,False,7ca42e34f317b63080aef2de6870a69e4229492fe70e67fb60ab0c16c0c023cd,identidad,anónimo/autenticado; rol permitido/denegado; sesión expirada/revocada,"cola de contraste; evidencia previa debe reconciliarse, no significa nunca probado"
src/pages/BlueprintViewer.tsx,pagina,,referenced_in_vault_depth_unverified,False,7ca42e34f317b63080aef2de6870a69e4229492fe70e67fb60ab0c16c0c023cd,ambito,sin proyecto; A→B→A; cambio de empresa; respuesta tardía,"cola de contraste; evidencia previa debe reconciliarse, no significa nunca probado"
src/pages/BlueprintViewer.tsx,pagina,,referenced_in_vault_depth_unverified,False,7ca42e34f317b63080aef2de6870a69e4229492fe70e67fb60ab0c16c0c023cd,entrada,menú/URL/QR/push; arranque frío; demo frente a rama normal,"cola de contraste; evidencia previa debe reconciliarse, no significa nunca probado"
src/pages/BlueprintViewer.tsx,pagina,,referenced_in_vault_depth_unverified,False,7ca42e34f317b63080aef2de6870a69e4229492fe70e67fb60ab0c16c0c023cd,datos,vacío/inválido/antiguo; unidades y fechas; procedencia real,"cola de contraste; evidencia previa debe reconciliarse, no significa nunca probado"
src/pages/BlueprintViewer.tsx,pagina,,referenced_in_vault_depth_unverified,False,7ca42e34f317b63080aef2de6870a69e4229492fe70e67fb60ab0c16c0c023cd,red,online/offline; timeout/403/500; recuperación sin estado residual,"cola de contraste; evidencia previa debe reconciliarse, no significa nunca probado"
src/pages/BlueprintViewer.tsx,pagina,,referenced_in_vault_depth_unverified,False,7ca42e34f317b63080aef2de6870a69e4229492fe70e67fb60ab0c16c0c023cd,mutacion,doble clic/reintento/concurrencia; idempotencia y auditoría,"cola de contraste; evidencia previa debe reconciliarse, no significa nunca probado"
src/pages/BlueprintViewer.tsx,pagina,,referenced_in_vault_depth_unverified,False,7ca42e34f317b63080aef2de6870a69e4229492fe70e67fb60ab0c16c0c023cd,persistencia,guardar→leer de vuelta→recargar; cola→servidor→consumidor,"cola de contraste; evidencia previa debe reconciliarse, no significa nunca probado"
src/pages/BlueprintViewer.tsx,pagina,,referenced_in_vault_depth_unverified,False,7ca42e34f317b63080aef2de6870a69e4229492fe70e67fb60ab0c16c0c023cd,ciclo_vida,background/proceso muerto; actualización PWA; versión antigua,"cola de contraste; evidencia previa debe reconciliarse, no significa nunca probado"
src/pages/BlueprintViewer.tsx,pagina,,referenced_in_vault_depth_unverified,False,7ca42e34f317b63080aef2de6870a69e4229492fe70e67fb60ab0c16c0c023cd,salida,exportación/PDF/firma/compartir; integridad; revocación,"cola de contraste; evidencia previa debe reconciliarse, no significa nunca probado"
src/pages/BlueprintViewer.tsx,pagina,,referenced_in_vault_depth_unverified,False,7ca42e34f317b63080aef2de6870a69e4229492fe70e67fb60ab0c16c0c023cd,dispositivo,web/Android; permisos revocados; OEM; sensores no disponibles,"cola de contraste; evidencia previa debe reconciliarse, no significa nunca probado"
src/pages/BlueprintViewer.tsx,pagina,,referenced_in_vault_depth_unverified,False,7ca42e34f317b63080aef2de6870a69e4229492fe70e67fb60ab0c16c0c023cd,presentacion,idioma/accesibilidad; loading/error; no convertir falta de datos en seguro,"cola de contraste; evidencia previa debe reconciliarse, no significa nunca probado"
src/pages/CQRSArchitecture.tsx,pagina,/cqrs-architecture,inventoried_only,True,eddd3f4fd9cf34de7c7bf4eb743681061757f812189cfc9efa7c4ca7c96ef7d2,identidad,anónimo/autenticado; rol permitido/denegado; sesión expirada/revocada,"cola de contraste; evidencia previa debe reconciliarse, no significa nunca probado"
src/pages/CQRSArchitecture.tsx,pagina,/cqrs-architecture,inventoried_only,True,eddd3f4fd9cf34de7c7bf4eb743681061757f812189cfc9efa7c4ca7c96ef7d2,ambito,sin proyecto; A→B→A; cambio de empresa; respuesta tardía,"cola de contraste; evidencia previa debe reconciliarse, no significa nunca probado"
src/pages/CQRSArchitecture.tsx,pagina,/cqrs-architecture,inventoried_only,True,eddd3f4fd9cf34de7c7bf4eb743681061757f812189cfc9efa7c4ca7c96ef7d2,entrada,menú/URL/QR/push; arranque frío; demo frente a rama normal,"cola de contraste; evidencia previa debe reconciliarse, no significa nunca probado"
src/pages/CQRSArchitecture.tsx,pagina,/cqrs-architecture,inventoried_only,True,eddd3f4fd9cf34de7c7bf4eb743681061757f812189cfc9efa7c4ca7c96ef7d2,datos,vacío/inválido/antiguo; unidades y fechas; procedencia real,"cola de contraste; evidencia previa debe reconciliarse, no significa nunca probado"
src/pages/CQRSArchitecture.tsx,pagina,/cqrs-architecture,inventoried_only,True,eddd3f4fd9cf34de7c7bf4eb743681061757f812189cfc9efa7c4ca7c96ef7d2,red,online/offline; timeout/403/500; recuperación sin estado residual,"cola de contraste; evidencia previa debe reconciliarse, no significa nunca probado"
src/pages/CQRSArchitecture.tsx,pagina,/cqrs-architecture,inventoried_only,True,eddd3f4fd9cf34de7c7bf4eb743681061757f812189cfc9efa7c4ca7c96ef7d2,mutacion,doble clic/reintento/concurrencia; idempotencia y auditoría,"cola de contraste; evidencia previa debe reconciliarse, no significa nunca probado"
src/pages/CQRSArchitecture.tsx,pagina,/cqrs-architecture,inventoried_only,True,eddd3f4fd9cf34de7c7bf4eb743681061757f812189cfc9efa7c4ca7c96ef7d2,persistencia,guardar→leer de vuelta→recargar; cola→servidor→consumidor,"cola de contraste; evidencia previa debe reconciliarse, no significa nunca probado"
src/pages/CQRSArchitecture.tsx,pagina,/cqrs-architecture,inventoried_only,True,eddd3f4fd9cf34de7c7bf4eb743681061757f812189cfc9efa7c4ca7c96ef7d2,ciclo_vida,background/proceso muerto; actualización PWA; versión antigua,"cola de contraste; evidencia previa debe reconciliarse, no significa nunca probado"
src/pages/CQRSArchitecture.tsx,pagina,/cqrs-architecture,inventoried_only,True,eddd3f4fd9cf34de7c7bf4eb743681061757f812189cfc9efa7c4ca7c96ef7d2,salida,exportación/PDF/firma/compartir; integridad; revocación,"cola de contraste; evidencia previa debe reconciliarse, no significa nunca probado"
src/pages/CQRSArchitecture.tsx,pagina,/cqrs-architecture,inventoried_only,True,eddd3f4fd9cf34de7c7bf4eb743681061757f812189cfc9efa7c4ca7c96ef7d2,dispositivo,web/Android; permisos revocados; OEM; sensores no disponibles,"cola de contraste; evidencia previa debe reconciliarse, no significa nunca probado"
src/pages/CQRSArchitecture.tsx,pagina,/cqrs-architecture,inventoried_only,True,eddd3f4fd9cf34de7c7bf4eb743681061757f812189cfc9efa7c4ca7c96ef7d2,presentacion,idioma/accesibilidad; loading/error; no convertir falta de datos en seguro,"cola de contraste; evidencia previa debe reconciliarse, no significa nunca probado"
src/pages/CalculadoraPandeo.tsx,pagina,/calculadora-pandeo,referenced_in_vault_depth_unverified,True,963b33860041493fa11cfc7b8a5b8ef4385b0bd005bb15604e3e988d49df1196,identidad,anónimo/autenticado; rol permitido/denegado; sesión expirada/revocada,"cola de contraste; evidencia previa debe reconciliarse, no significa nunca probado"
src/pages/CalculadoraPandeo.tsx,pagina,/calculadora-pandeo,referenced_in_vault_depth_unverified,True,963b33860041493fa11cfc7b8a5b8ef4385b0bd005bb15604e3e988d49df1196,ambito,sin proyecto; A→B→A; cambio de empresa; respuesta tardía,"cola de contraste; evidencia previa debe reconciliarse, no significa nunca probado"
src/pages/CalculadoraPandeo.tsx,pagina,/calculadora-pandeo,referenced_in_vault_depth_unverified,True,963b33860041493fa11cfc7b8a5b8ef4385b0bd005bb15604e3e988d49df1196,entrada,menú/URL/QR/push; arranque frío; demo frente a rama normal,"cola de contraste; evidencia previa debe reconciliarse, no significa nunca probado"
src/pages/CalculadoraPandeo.tsx,pagina,/calculadora-pandeo,referenced_in_vault_depth_unverified,True,963b33860041493fa11cfc7b8a5b8ef4385b0bd005bb15604e3e988d49df1196,datos,vacío/inválido/antiguo; unidades y fechas; procedencia real,"cola de contraste; evidencia previa debe reconciliarse, no significa nunca probado"
src/pages/CalculadoraPandeo.tsx,pagina,/calculadora-pandeo,referenced_in_vault_depth_unverified,True,963b33860041493fa11cfc7b8a5b8ef4385b0bd005bb15604e3e988d49df1196,red,online/offline; timeout/403/500; recuperación sin estado residual,"cola de contraste; evidencia previa debe reconciliarse, no significa nunca probado"
src/pages/CalculadoraPandeo.tsx,pagina,/calculadora-pandeo,referenced_in_vault_depth_unverified,True,963b33860041493fa11cfc7b8a5b8ef4385b0bd005bb15604e3e988d49df1196,mutacion,doble clic/reintento/concurrencia; idempotencia y auditoría,"cola de contraste; evidencia previa debe reconciliarse, no significa nunca probado"
src/pages/CalculadoraPandeo.tsx,pagina,/calculadora-pandeo,referenced_in_vault_depth_unverified,True,963b33860041493fa11cfc7b8a5b8ef4385b0bd005bb15604e3e988d49df1196,persistencia,guardar→leer de vuelta→recargar; cola→servidor→consumidor,"cola de contraste; evidencia previa debe reconciliarse, no significa nunca probado"
src/pages/CalculadoraPandeo.tsx,pagina,/calculadora-pandeo,referenced_in_vault_depth_unverified,True,963b33860041493fa11cfc7b8a5b8ef4385b0bd005bb15604e3e988d49df1196,ciclo_vida,background/proceso muerto; actualización PWA; versión antigua,"cola de contraste; evidencia previa debe reconciliarse, no significa nunca probado"
src/pages/CalculadoraPandeo.tsx,pagina,/calculadora-pandeo,referenced_in_vault_depth_unverified,True,963b33860041493fa11cfc7b8a5b8ef4385b0bd005bb15604e3e988d49df1196,salida,exportación/PDF/firma/compartir; integridad; revocación,"cola de contraste; evidencia previa debe reconciliarse, no significa nunca probado"
src/pages/CalculadoraPandeo.tsx,pagina,/calculadora-pandeo,referenced_in_vault_depth_unverified,True,963b33860041493fa11cfc7b8a5b8ef4385b0bd005bb15604e3e988d49df1196,dispositivo,web/Android; permisos revocados; OEM; sensores no disponibles,"cola de contraste; evidencia previa debe reconciliarse, no significa nunca probado"
src/pages/CalculadoraPandeo.tsx,pagina,/calculadora-pandeo,referenced_in_vault_depth_unverified,True,963b33860041493fa11cfc7b8a5b8ef4385b0bd005bb15604e3e988d49df1196,presentacion,idioma/accesibilidad; loading/error; no convertir falta de datos en seguro,"cola de contraste; evidencia previa debe reconciliarse, no significa nunca probado"
src/pages/CalculatorHub.tsx,pagina,/calculators,referenced_in_vault_depth_unverified,True,358571f74d0403b6c6772be0bb127a6c326288f069d40523c19ef05a5ca90a84,identidad,anónimo/autenticado; rol permitido/denegado; sesión expirada/revocada,"cola de contraste; evidencia previa debe reconciliarse, no significa nunca probado"
src/pages/CalculatorHub.tsx,pagina,/calculators,referenced_in_vault_depth_unverified,True,358571f74d0403b6c6772be0bb127a6c326288f069d40523c19ef05a5ca90a84,ambito,sin proyecto; A→B→A; cambio de empresa; respuesta tardía,"cola de contraste; evidencia previa debe reconciliarse, no significa nunca probado"
src/pages/CalculatorHub.tsx,pagina,/calculators,referenced_in_vault_depth_unverified,True,358571f74d0403b6c6772be0bb127a6c326288f069d40523c19ef05a5ca90a84,entrada,menú/URL/QR/push; arranque frío; demo frente a rama normal,"cola de contraste; evidencia previa debe reconciliarse, no significa nunca probado"
src/pages/CalculatorHub.tsx,pagina,/calculators,referenced_in_vault_depth_unverified,True,358571f74d0403b6c6772be0bb127a6c326288f069d40523c19ef05a5ca90a84,datos,vacío/inválido/antiguo; unidades y fechas; procedencia real,"cola de contraste; evidencia previa debe reconciliarse, no significa nunca probado"
src/pages/CalculatorHub.tsx,pagina,/calculators,referenced_in_vault_depth_unverified,True,358571f74d0403b6c6772be0bb127a6c326288f069d40523c19ef05a5ca90a84,red,online/offline; timeout/403/500; recuperación sin estado residual,"cola de contraste; evidencia previa debe reconciliarse, no significa nunca probado"
src/pages/CalculatorHub.tsx,pagina,/calculators,referenced_in_vault_depth_unverified,True,358571f74d0403b6c6772be0bb127a6c326288f069d40523c19ef05a5ca90a84,mutacion,doble clic/reintento/concurrencia; idempotencia y auditoría,"cola de contraste; evidencia previa debe reconciliarse, no significa nunca probado"
src/pages/CalculatorHub.tsx,pagina,/calculators,referenced_in_vault_depth_unverified,True,358571f74d0403b6c6772be0bb127a6c326288f069d40523c19ef05a5ca90a84,persistencia,guardar→leer de vuelta→recargar; cola→servidor→consumidor,"cola de contraste; evidencia previa debe reconciliarse, no significa nunca probado"
src/pages/CalculatorHub.tsx,pagina,/calculators,referenced_in_vault_depth_unverified,True,358571f74d0403b6c6772be0bb127a6c326288f069d40523c19ef05a5ca90a84,ciclo_vida,background/proceso muerto; actualización PWA; versión antigua,"cola de contraste; evidencia previa debe reconciliarse, no significa nunca probado"
src/pages/CalculatorHub.tsx,pagina,/calculators,referenced_in_vault_depth_unverified,True,358571f74d0403b6c6772be0bb127a6c326288f069d40523c19ef05a5ca90a84,salida,exportación/PDF/firma/compartir; integridad; revocación,"cola de contraste; evidencia previa debe reconciliarse, no significa nunca probado"
src/pages/CalculatorHub.tsx,pagina,/calculators,referenced_in_vault_depth_unverified,True,358571f74d0403b6c6772be0bb127a6c326288f069d40523c19ef05a5ca90a84,dispositivo,web/Android; permisos revocados; OEM; sensores no disponibles,"cola de contraste; evidencia previa debe reconciliarse, no significa nunca probado"
src/pages/CalculatorHub.tsx,pagina,/calculators,referenced_in_vault_depth_unverified,True,358571f74d0403b6c6772be0bb127a6c326288f069d40523c19ef05a5ca90a84,presentacion,idioma/accesibilidad; loading/error; no convertir falta de datos en seguro,"cola de contraste; evidencia previa debe reconciliarse, no significa nunca probado"
src/pages/Calendar.tsx,pagina,/calendar,referenced_in_vault_depth_unverified,True,c90299caf38642ed1d1eae05760a3d5354b8da7a9f05a285653520ee002ffe42,identidad,anónimo/autenticado; rol permitido/denegado; sesión expirada/revocada,"cola de contraste; evidencia previa debe reconciliarse, no significa nunca probado"
src/pages/Calendar.tsx,pagina,/calendar,referenced_in_vault_depth_unverified,True,c90299caf38642ed1d1eae05760a3d5354b8da7a9f05a285653520ee002ffe42,ambito,sin proyecto; A→B→A; cambio de empresa; respuesta tardía,"cola de contraste; evidencia previa debe reconciliarse, no significa nunca probado"
src/pages/Calendar.tsx,pagina,/calendar,referenced_in_vault_depth_unverified,True,c90299caf38642ed1d1eae05760a3d5354b8da7a9f05a285653520ee002ffe42,entrada,menú/URL/QR/push; arranque frío; demo frente a rama normal,"cola de contraste; evidencia previa debe reconciliarse, no significa nunca probado"
src/pages/Calendar.tsx,pagina,/calendar,referenced_in_vault_depth_unverified,True,c90299caf38642ed1d1eae05760a3d5354b8da7a9f05a285653520ee002ffe42,datos,vacío/inválido/antiguo; unidades y fechas; procedencia real,"cola de contraste; evidencia previa debe reconciliarse, no significa nunca probado"
src/pages/Calendar.tsx,pagina,/calendar,referenced_in_vault_depth_unverified,True,c90299caf38642ed1d1eae05760a3d5354b8da7a9f05a285653520ee002ffe42,red,online/offline; timeout/403/500; recuperación sin estado residual,"cola de contraste; evidencia previa debe reconciliarse, no significa nunca probado"
src/pages/Calendar.tsx,pagina,/calendar,referenced_in_vault_depth_unverified,True,c90299caf38642ed1d1eae05760a3d5354b8da7a9f05a285653520ee002ffe42,mutacion,doble clic/reintento/concurrencia; idempotencia y auditoría,"cola de contraste; evidencia previa debe reconciliarse, no significa nunca probado"
src/pages/Calendar.tsx,pagina,/calendar,referenced_in_vault_depth_unverified,True,c90299caf38642ed1d1eae05760a3d5354b8da7a9f05a285653520ee002ffe42,persistencia,guardar→leer de vuelta→recargar; cola→servidor→consumidor,"cola de contraste; evidencia previa debe reconciliarse, no significa nunca probado"
src/pages/Calendar.tsx,pagina,/calendar,referenced_in_vault_depth_unverified,True,c90299caf38642ed1d1eae05760a3d5354b8da7a9f05a285653520ee002ffe42,ciclo_vida,background/proceso muerto; actualización PWA; versión antigua,"cola de contraste; evidencia previa debe reconciliarse, no significa nunca probado"
src/pages/Calendar.tsx,pagina,/calendar,referenced_in_vault_depth_unverified,True,c90299caf38642ed1d1eae05760a3d5354b8da7a9f05a285653520ee002ffe42,salida,exportación/PDF/firma/compartir; integridad; revocación,"cola de contraste; evidencia previa debe reconciliarse, no significa nunca probado"
src/pages/Calendar.tsx,pagina,/calendar,referenced_in_vault_depth_unverified,True,c90299caf38642ed1d1eae05760a3d5354b8da7a9f05a285653520ee002ffe42,dispositivo,web/Android; permisos revocados; OEM; sensores no disponibles,"cola de contraste; evidencia previa debe reconciliarse, no significa nunca probado"
src/pages/Calendar.tsx,pagina,/calendar,referenced_in_vault_depth_unverified,True,c90299caf38642ed1d1eae05760a3d5354b8da7a9f05a285653520ee002ffe42,presentacion,idioma/accesibilidad; loading/error; no convertir falta de datos en seguro,"cola de contraste; evidencia previa debe reconciliarse, no significa nunca probado"
src/pages/CargaMental.tsx,pagina,/carga-mental,referenced_in_vault_depth_unverified,True,e8224f3caf19dacb1e1457449f61e4d587f1a3418f17b9f1ec11a1ead2787f36,identidad,anónimo/autenticado; rol permitido/denegado; sesión expirada/revocada,"cola de contraste; evidencia previa debe reconciliarse, no significa nunca probado"
src/pages/CargaMental.tsx,pagina,/carga-mental,referenced_in_vault_depth_unverified,True,e8224f3caf19dacb1e1457449f61e4d587f1a3418f17b9f1ec11a1ead2787f36,ambito,sin proyecto; A→B→A; cambio de empresa; respuesta tardía,"cola de contraste; evidencia previa debe reconciliarse, no significa nunca probado"
src/pages/CargaMental.tsx,pagina,/carga-mental,referenced_in_vault_depth_unverified,True,e8224f3caf19dacb1e1457449f61e4d587f1a3418f17b9f1ec11a1ead2787f36,entrada,menú/URL/QR/push; arranque frío; demo frente a rama normal,"cola de contraste; evidencia previa debe reconciliarse, no significa nunca probado"
src/pages/CargaMental.tsx,pagina,/carga-mental,referenced_in_vault_depth_unverified,True,e8224f3caf19dacb1e1457449f61e4d587f1a3418f17b9f1ec11a1ead2787f36,datos,vacío/inválido/antiguo; unidades y fechas; procedencia real,"cola de contraste; evidencia previa debe reconciliarse, no significa nunca probado"
src/pages/CargaMental.tsx,pagina,/carga-mental,referenced_in_vault_depth_unverified,True,e8224f3caf19dacb1e1457449f61e4d587f1a3418f17b9f1ec11a1ead2787f36,red,online/offline; timeout/403/500; recuperación sin estado residual,"cola de contraste; evidencia previa debe reconciliarse, no significa nunca probado"
src/pages/CargaMental.tsx,pagina,/carga-mental,referenced_in_vault_depth_unverified,True,e8224f3caf19dacb1e1457449f61e4d587f1a3418f17b9f1ec11a1ead2787f36,mutacion,doble clic/reintento/concurrencia; idempotencia y auditoría,"cola de contraste; evidencia previa debe reconciliarse, no significa nunca probado"
src/pages/CargaMental.tsx,pagina,/carga-mental,referenced_in_vault_depth_unverified,True,e8224f3caf19dacb1e1457449f61e4d587f1a3418f17b9f1ec11a1ead2787f36,persistencia,guardar→leer de vuelta→recargar; cola→servidor→consumidor,"cola de contraste; evidencia previa debe reconciliarse, no significa nunca probado"
src/pages/CargaMental.tsx,pagina,/carga-mental,referenced_in_vault_depth_unverified,True,e8224f3caf19dacb1e1457449f61e4d587f1a3418f17b9f1ec11a1ead2787f36,ciclo_vida,background/proceso muerto; actualización PWA; versión antigua,"cola de contraste; evidencia previa debe reconciliarse, no significa nunca probado"
src/pages/CargaMental.tsx,pagina,/carga-mental,referenced_in_vault_depth_unverified,True,e8224f3caf19dacb1e1457449f61e4d587f1a3418f17b9f1ec11a1ead2787f36,salida,exportación/PDF/firma/compartir; integridad; revocación,"cola de contraste; evidencia previa debe reconciliarse, no significa nunca probado"
src/pages/CargaMental.tsx,pagina,/carga-mental,referenced_in_vault_depth_unverified,True,e8224f3caf19dacb1e1457449f61e4d587f1a3418f17b9f1ec11a1ead2787f36,dispositivo,web/Android; permisos revocados; OEM; sensores no disponibles,"cola de contraste; evidencia previa debe reconciliarse, no significa nunca probado"
src/pages/CargaMental.tsx,pagina,/carga-mental,referenced_in_vault_depth_unverified,True,e8224f3caf19dacb1e1457449f61e4d587f1a3418f17b9f1ec11a1ead2787f36,presentacion,idioma/accesibilidad; loading/error; no convertir falta de datos en seguro,"cola de contraste; evidencia previa debe reconciliarse, no significa nunca probado"
src/pages/CargoCogPage.tsx,pagina,/cargo-cog,referenced_in_vault_depth_unverified,True,7e2f55cd2595fe887016d266747b0fffb72cb7261208a705aa06aab40835508b,identidad,anónimo/autenticado; rol permitido/denegado; sesión expirada/revocada,"cola de contraste; evidencia previa debe reconciliarse, no significa nunca probado"
src/pages/CargoCogPage.tsx,pagina,/cargo-cog,referenced_in_vault_depth_unverified,True,7e2f55cd2595fe887016d266747b0fffb72cb7261208a705aa06aab40835508b,ambito,sin proyecto; A→B→A; cambio de empresa; respuesta tardía,"cola de contraste; evidencia previa debe reconciliarse, no significa nunca probado"
src/pages/CargoCogPage.tsx,pagina,/cargo-cog,referenced_in_vault_depth_unverified,True,7e2f55cd2595fe887016d266747b0fffb72cb7261208a705aa06aab40835508b,entrada,menú/URL/QR/push; arranque frío; demo frente a rama normal,"cola de contraste; evidencia previa debe reconciliarse, no significa nunca probado"
src/pages/CargoCogPage.tsx,pagina,/cargo-cog,referenced_in_vault_depth_unverified,True,7e2f55cd2595fe887016d266747b0fffb72cb7261208a705aa06aab40835508b,datos,vacío/inválido/antiguo; unidades y fechas; procedencia real,"cola de contraste; evidencia previa debe reconciliarse, no significa nunca probado"
src/pages/CargoCogPage.tsx,pagina,/cargo-cog,referenced_in_vault_depth_unverified,True,7e2f55cd2595fe887016d266747b0fffb72cb7261208a705aa06aab40835508b,red,online/offline; timeout/403/500; recuperación sin estado residual,"cola de contraste; evidencia previa debe reconciliarse, no significa nunca probado"
src/pages/CargoCogPage.tsx,pagina,/cargo-cog,referenced_in_vault_depth_unverified,True,7e2f55cd2595fe887016d266747b0fffb72cb7261208a705aa06aab40835508b,mutacion,doble clic/reintento/concurrencia; idempotencia y auditoría,"cola de contraste; evidencia previa debe reconciliarse, no significa nunca probado"
src/pages/CargoCogPage.tsx,pagina,/cargo-cog,referenced_in_vault_depth_unverified,True,7e2f55cd2595fe887016d266747b0fffb72cb7261208a705aa06aab40835508b,persistencia,guardar→leer de vuelta→recargar; cola→servidor→consumidor,"cola de contraste; evidencia previa debe reconciliarse, no significa nunca probado"
src/pages/CargoCogPage.tsx,pagina,/cargo-cog,referenced_in_vault_depth_unverified,True,7e2f55cd2595fe887016d266747b0fffb72cb7261208a705aa06aab40835508b,ciclo_vida,background/proceso muerto; actualización PWA; versión antigua,"cola de contraste; evidencia previa debe reconciliarse, no significa nunca probado"
src/pages/CargoCogPage.tsx,pagina,/cargo-cog,referenced_in_vault_depth_unverified,True,7e2f55cd2595fe887016d266747b0fffb72cb7261208a705aa06aab40835508b,salida,exportación/PDF/firma/compartir; integridad; revocación,"cola de contraste; evidencia previa debe reconciliarse, no significa nunca probado"
src/pages/CargoCogPage.tsx,pagina,/cargo-cog,referenced_in_vault_depth_unverified,True,7e2f55cd2595fe887016d266747b0fffb72cb7261208a705aa06aab40835508b,dispositivo,web/Android; permisos revocados; OEM; sensores no disponibles,"cola de contraste; evidencia previa debe reconciliarse, no significa nunca probado"
src/pages/CargoCogPage.tsx,pagina,/cargo-cog,referenced_in_vault_depth_unverified,True,7e2f55cd2595fe887016d266747b0fffb72cb7261208a705aa06aab40835508b,presentacion,idioma/accesibilidad; loading/error; no convertir falta de datos en seguro,"cola de contraste; evidencia previa debe reconciliarse, no significa nunca probado"
src/pages/CealSmCampaigns.tsx,pagina,/ceal-sm,inventoried_only,True,cf1ff25e78378be3c3e8a08d97d84cd2093d3acfc536bf5dc449ef3f1a372282,identidad,anónimo/autenticado; rol permitido/denegado; sesión expirada/revocada,"cola de contraste; evidencia previa debe reconciliarse, no significa nunca probado"
src/pages/CealSmCampaigns.tsx,pagina,/ceal-sm,inventoried_only,True,cf1ff25e78378be3c3e8a08d97d84cd2093d3acfc536bf5dc449ef3f1a372282,ambito,sin proyecto; A→B→A; cambio de empresa; respuesta tardía,"cola de contraste; evidencia previa debe reconciliarse, no significa nunca probado"
src/pages/CealSmCampaigns.tsx,pagina,/ceal-sm,inventoried_only,True,cf1ff25e78378be3c3e8a08d97d84cd2093d3acfc536bf5dc449ef3f1a372282,entrada,menú/URL/QR/push; arranque frío; demo frente a rama normal,"cola de contraste; evidencia previa debe reconciliarse, no significa nunca probado"
src/pages/CealSmCampaigns.tsx,pagina,/ceal-sm,inventoried_only,True,cf1ff25e78378be3c3e8a08d97d84cd2093d3acfc536bf5dc449ef3f1a372282,datos,vacío/inválido/antiguo; unidades y fechas; procedencia real,"cola de contraste; evidencia previa debe reconciliarse, no significa nunca probado"
src/pages/CealSmCampaigns.tsx,pagina,/ceal-sm,inventoried_only,True,cf1ff25e78378be3c3e8a08d97d84cd2093d3acfc536bf5dc449ef3f1a372282,red,online/offline; timeout/403/500; recuperación sin estado residual,"cola de contraste; evidencia previa debe reconciliarse, no significa nunca probado"
src/pages/CealSmCampaigns.tsx,pagina,/ceal-sm,inventoried_only,True,cf1ff25e78378be3c3e8a08d97d84cd2093d3acfc536bf5dc449ef3f1a372282,mutacion,doble clic/reintento/concurrencia; idempotencia y auditoría,"cola de contraste; evidencia previa debe reconciliarse, no significa nunca probado"
src/pages/CealSmCampaigns.tsx,pagina,/ceal-sm,inventoried_only,True,cf1ff25e78378be3c3e8a08d97d84cd2093d3acfc536bf5dc449ef3f1a372282,persistencia,guardar→leer de vuelta→recargar; cola→servidor→consumidor,"cola de contraste; evidencia previa debe reconciliarse, no significa nunca probado"
src/pages/CealSmCampaigns.tsx,pagina,/ceal-sm,inventoried_only,True,cf1ff25e78378be3c3e8a08d97d84cd2093d3acfc536bf5dc449ef3f1a372282,ciclo_vida,background/proceso muerto; actualización PWA; versión antigua,"cola de contraste; evidencia previa debe reconciliarse, no significa nunca probado"
src/pages/CealSmCampaigns.tsx,pagina,/ceal-sm,inventoried_only,True,cf1ff25e78378be3c3e8a08d97d84cd2093d3acfc536bf5dc449ef3f1a372282,salida,exportación/PDF/firma/compartir; integridad; revocación,"cola de contraste; evidencia previa debe reconciliarse, no significa nunca probado"
src/pages/CealSmCampaigns.tsx,pagina,/ceal-sm,inventoried_only,True,cf1ff25e78378be3c3e8a08d97d84cd2093d3acfc536bf5dc449ef3f1a372282,dispositivo,web/Android; permisos revocados; OEM; sensores no disponibles,"cola de contraste; evidencia previa debe reconciliarse, no significa nunca probado"
src/pages/CealSmCampaigns.tsx,pagina,/ceal-sm,inventoried_only,True,cf1ff25e78378be3c3e8a08d97d84cd2093d3acfc536bf5dc449ef3f1a372282,presentacion,idioma/accesibilidad; loading/error; no convertir falta de datos en seguro,"cola de contraste; evidencia previa debe reconciliarse, no significa nunca probado"
src/pages/CealSmResponder.tsx,pagina,/ceal-sm/responder,inventoried_only,True,34125d271ff9761c0bcd0307082ac3e12d7ed3d259e58e2d2af6797d0278a086,identidad,anónimo/autenticado; rol permitido/denegado; sesión expirada/revocada,"cola de contraste; evidencia previa debe reconciliarse, no significa nunca probado"
src/pages/CealSmResponder.tsx,pagina,/ceal-sm/responder,inventoried_only,True,34125d271ff9761c0bcd0307082ac3e12d7ed3d259e58e2d2af6797d0278a086,ambito,sin proyecto; A→B→A; cambio de empresa; respuesta tardía,"cola de contraste; evidencia previa debe reconciliarse, no significa nunca probado"
src/pages/CealSmResponder.tsx,pagina,/ceal-sm/responder,inventoried_only,True,34125d271ff9761c0bcd0307082ac3e12d7ed3d259e58e2d2af6797d0278a086,entrada,menú/URL/QR/push; arranque frío; demo frente a rama normal,"cola de contraste; evidencia previa debe reconciliarse, no significa nunca probado"
src/pages/CealSmResponder.tsx,pagina,/ceal-sm/responder,inventoried_only,True,34125d271ff9761c0bcd0307082ac3e12d7ed3d259e58e2d2af6797d0278a086,datos,vacío/inválido/antiguo; unidades y fechas; procedencia real,"cola de contraste; evidencia previa debe reconciliarse, no significa nunca probado"
src/pages/CealSmResponder.tsx,pagina,/ceal-sm/responder,inventoried_only,True,34125d271ff9761c0bcd0307082ac3e12d7ed3d259e58e2d2af6797d0278a086,red,online/offline; timeout/403/500; recuperación sin estado residual,"cola de contraste; evidencia previa debe reconciliarse, no significa nunca probado"
src/pages/CealSmResponder.tsx,pagina,/ceal-sm/responder,inventoried_only,True,34125d271ff9761c0bcd0307082ac3e12d7ed3d259e58e2d2af6797d0278a086,mutacion,doble clic/reintento/concurrencia; idempotencia y auditoría,"cola de contraste; evidencia previa debe reconciliarse, no significa nunca probado"
src/pages/CealSmResponder.tsx,pagina,/ceal-sm/responder,inventoried_only,True,34125d271ff9761c0bcd0307082ac3e12d7ed3d259e58e2d2af6797d0278a086,persistencia,guardar→leer de vuelta→recargar; cola→servidor→consumidor,"cola de contraste; evidencia previa debe reconciliarse, no significa nunca probado"
src/pages/CealSmResponder.tsx,pagina,/ceal-sm/responder,inventoried_only,True,34125d271ff9761c0bcd0307082ac3e12d7ed3d259e58e2d2af6797d0278a086,ciclo_vida,background/proceso muerto; actualización PWA; versión antigua,"cola de contraste; evidencia previa debe reconciliarse, no significa nunca probado"
src/pages/CealSmResponder.tsx,pagina,/ceal-sm/responder,inventoried_only,True,34125d271ff9761c0bcd0307082ac3e12d7ed3d259e58e2d2af6797d0278a086,salida,exportación/PDF/firma/compartir; integridad; revocación,"cola de contraste; evidencia previa debe reconciliarse, no significa nunca probado"
src/pages/CealSmResponder.tsx,pagina,/ceal-sm/responder,inventoried_only,True,34125d271ff9761c0bcd0307082ac3e12d7ed3d259e58e2d2af6797d0278a086,dispositivo,web/Android; permisos revocados; OEM; sensores no disponibles,"cola de contraste; evidencia previa debe reconciliarse, no significa nunca probado"
src/pages/CealSmResponder.tsx,pagina,/ceal-sm/responder,inventoried_only,True,34125d271ff9761c0bcd0307082ac3e12d7ed3d259e58e2d2af6797d0278a086,presentacion,idioma/accesibilidad; loading/error; no convertir falta de datos en seguro,"cola de contraste; evidencia previa debe reconciliarse, no significa nunca probado"
src/pages/ChangeManagement.tsx,pagina,/change-management,inventoried_only,True,5d348c994bb6c5681c77b464d50e91be94a265d9c068833ea3f2b7369b93ea52,identidad,anónimo/autenticado; rol permitido/denegado; sesión expirada/revocada,"cola de contraste; evidencia previa debe reconciliarse, no significa nunca probado"
src/pages/ChangeManagement.tsx,pagina,/change-management,inventoried_only,True,5d348c994bb6c5681c77b464d50e91be94a265d9c068833ea3f2b7369b93ea52,ambito,sin proyecto; A→B→A; cambio de empresa; respuesta tardía,"cola de contraste; evidencia previa debe reconciliarse, no significa nunca probado"
src/pages/ChangeManagement.tsx,pagina,/change-management,inventoried_only,True,5d348c994bb6c5681c77b464d50e91be94a265d9c068833ea3f2b7369b93ea52,entrada,menú/URL/QR/push; arranque frío; demo frente a rama normal,"cola de contraste; evidencia previa debe reconciliarse, no significa nunca probado"
src/pages/ChangeManagement.tsx,pagina,/change-management,inventoried_only,True,5d348c994bb6c5681c77b464d50e91be94a265d9c068833ea3f2b7369b93ea52,datos,vacío/inválido/antiguo; unidades y fechas; procedencia real,"cola de contraste; evidencia previa debe reconciliarse, no significa nunca probado"
src/pages/ChangeManagement.tsx,pagina,/change-management,inventoried_only,True,5d348c994bb6c5681c77b464d50e91be94a265d9c068833ea3f2b7369b93ea52,red,online/offline; timeout/403/500; recuperación sin estado residual,"cola de contraste; evidencia previa debe reconciliarse, no significa nunca probado"
src/pages/ChangeManagement.tsx,pagina,/change-management,inventoried_only,True,5d348c994bb6c5681c77b464d50e91be94a265d9c068833ea3f2b7369b93ea52,mutacion,doble clic/reintento/concurrencia; idempotencia y auditoría,"cola de contraste; evidencia previa debe reconciliarse, no significa nunca probado"
src/pages/ChangeManagement.tsx,pagina,/change-management,inventoried_only,True,5d348c994bb6c5681c77b464d50e91be94a265d9c068833ea3f2b7369b93ea52,persistencia,guardar→leer de vuelta→recargar; cola→servidor→consumidor,"cola de contraste; evidencia previa debe reconciliarse, no significa nunca probado"
src/pages/ChangeManagement.tsx,pagina,/change-management,inventoried_only,True,5d348c994bb6c5681c77b464d50e91be94a265d9c068833ea3f2b7369b93ea52,ciclo_vida,background/proceso muerto; actualización PWA; versión antigua,"cola de contraste; evidencia previa debe reconciliarse, no significa nunca probado"
src/pages/ChangeManagement.tsx,pagina,/change-management,inventoried_only,True,5d348c994bb6c5681c77b464d50e91be94a265d9c068833ea3f2b7369b93ea52,salida,exportación/PDF/firma/compartir; integridad; revocación,"cola de contraste; evidencia previa debe reconciliarse, no significa nunca probado"
src/pages/ChangeManagement.tsx,pagina,/change-management,inventoried_only,True,5d348c994bb6c5681c77b464d50e91be94a265d9c068833ea3f2b7369b93ea52,dispositivo,web/Android; permisos revocados; OEM; sensores no disponibles,"cola de contraste; evidencia previa debe reconciliarse, no significa nunca probado"
src/pages/ChangeManagement.tsx,pagina,/change-management,inventoried_only,True,5d348c994bb6c5681c77b464d50e91be94a265d9c068833ea3f2b7369b93ea52,presentacion,idioma/accesibilidad; loading/error; no convertir falta de datos en seguro,"cola de contraste; evidencia previa debe reconciliarse, no significa nunca probado"
src/pages/ChecklistVehiculo.tsx,pagina,/checklist-vehiculo,inventoried_only,True,23c3e68157eafd78fadce30f05575c577d7711eb1133028fe2621f38153fc7f0,identidad,anónimo/autenticado; rol permitido/denegado; sesión expirada/revocada,"cola de contraste; evidencia previa debe reconciliarse, no significa nunca probado"
src/pages/ChecklistVehiculo.tsx,pagina,/checklist-vehiculo,inventoried_only,True,23c3e68157eafd78fadce30f05575c577d7711eb1133028fe2621f38153fc7f0,ambito,sin proyecto; A→B→A; cambio de empresa; respuesta tardía,"cola de contraste; evidencia previa debe reconciliarse, no significa nunca probado"
src/pages/ChecklistVehiculo.tsx,pagina,/checklist-vehiculo,inventoried_only,True,23c3e68157eafd78fadce30f05575c577d7711eb1133028fe2621f38153fc7f0,entrada,menú/URL/QR/push; arranque frío; demo frente a rama normal,"cola de contraste; evidencia previa debe reconciliarse, no significa nunca probado"
src/pages/ChecklistVehiculo.tsx,pagina,/checklist-vehiculo,inventoried_only,True,23c3e68157eafd78fadce30f05575c577d7711eb1133028fe2621f38153fc7f0,datos,vacío/inválido/antiguo; unidades y fechas; procedencia real,"cola de contraste; evidencia previa debe reconciliarse, no significa nunca probado"
src/pages/ChecklistVehiculo.tsx,pagina,/checklist-vehiculo,inventoried_only,True,23c3e68157eafd78fadce30f05575c577d7711eb1133028fe2621f38153fc7f0,red,online/offline; timeout/403/500; recuperación sin estado residual,"cola de contraste; evidencia previa debe reconciliarse, no significa nunca probado"
src/pages/ChecklistVehiculo.tsx,pagina,/checklist-vehiculo,inventoried_only,True,23c3e68157eafd78fadce30f05575c577d7711eb1133028fe2621f38153fc7f0,mutacion,doble clic/reintento/concurrencia; idempotencia y auditoría,"cola de contraste; evidencia previa debe reconciliarse, no significa nunca probado"
src/pages/ChecklistVehiculo.tsx,pagina,/checklist-vehiculo,inventoried_only,True,23c3e68157eafd78fadce30f05575c577d7711eb1133028fe2621f38153fc7f0,persistencia,guardar→leer de vuelta→recargar; cola→servidor→consumidor,"cola de contraste; evidencia previa debe reconciliarse, no significa nunca probado"
src/pages/ChecklistVehiculo.tsx,pagina,/checklist-vehiculo,inventoried_only,True,23c3e68157eafd78fadce30f05575c577d7711eb1133028fe2621f38153fc7f0,ciclo_vida,background/proceso muerto; actualización PWA; versión antigua,"cola de contraste; evidencia previa debe reconciliarse, no significa nunca probado"
src/pages/ChecklistVehiculo.tsx,pagina,/checklist-vehiculo,inventoried_only,True,23c3e68157eafd78fadce30f05575c577d7711eb1133028fe2621f38153fc7f0,salida,exportación/PDF/firma/compartir; integridad; revocación,"cola de contraste; evidencia previa debe reconciliarse, no significa nunca probado"
src/pages/ChecklistVehiculo.tsx,pagina,/checklist-vehiculo,inventoried_only,True,23c3e68157eafd78fadce30f05575c577d7711eb1133028fe2621f38153fc7f0,dispositivo,web/Android; permisos revocados; OEM; sensores no disponibles,"cola de contraste; evidencia previa debe reconciliarse, no significa nunca probado"
src/pages/ChecklistVehiculo.tsx,pagina,/checklist-vehiculo,inventoried_only,True,23c3e68157eafd78fadce30f05575c577d7711eb1133028fe2621f38153fc7f0,presentacion,idioma/accesibilidad; loading/error; no convertir falta de datos en seguro,"cola de contraste; evidencia previa debe reconciliarse, no significa nunca probado"
src/pages/ClawMachine.tsx,pagina,/clawmachine,referenced_in_vault_depth_unverified,True,a785c3b6d072bda7f2e763e078a9f580988ab68dbf1ba7a878a88136e80d7d14,identidad,anónimo/autenticado; rol permitido/denegado; sesión expirada/revocada,"cola de contraste; evidencia previa debe reconciliarse, no significa nunca probado"
src/pages/ClawMachine.tsx,pagina,/clawmachine,referenced_in_vault_depth_unverified,True,a785c3b6d072bda7f2e763e078a9f580988ab68dbf1ba7a878a88136e80d7d14,ambito,sin proyecto; A→B→A; cambio de empresa; respuesta tardía,"cola de contraste; evidencia previa debe reconciliarse, no significa nunca probado"
src/pages/ClawMachine.tsx,pagina,/clawmachine,referenced_in_vault_depth_unverified,True,a785c3b6d072bda7f2e763e078a9f580988ab68dbf1ba7a878a88136e80d7d14,entrada,menú/URL/QR/push; arranque frío; demo frente a rama normal,"cola de contraste; evidencia previa debe reconciliarse, no significa nunca probado"
src/pages/ClawMachine.tsx,pagina,/clawmachine,referenced_in_vault_depth_unverified,True,a785c3b6d072bda7f2e763e078a9f580988ab68dbf1ba7a878a88136e80d7d14,datos,vacío/inválido/antiguo; unidades y fechas; procedencia real,"cola de contraste; evidencia previa debe reconciliarse, no significa nunca probado"
src/pages/ClawMachine.tsx,pagina,/clawmachine,referenced_in_vault_depth_unverified,True,a785c3b6d072bda7f2e763e078a9f580988ab68dbf1ba7a878a88136e80d7d14,red,online/offline; timeout/403/500; recuperación sin estado residual,"cola de contraste; evidencia previa debe reconciliarse, no significa nunca probado"
src/pages/ClawMachine.tsx,pagina,/clawmachine,referenced_in_vault_depth_unverified,True,a785c3b6d072bda7f2e763e078a9f580988ab68dbf1ba7a878a88136e80d7d14,mutacion,doble clic/reintento/concurrencia; idempotencia y auditoría,"cola de contraste; evidencia previa debe reconciliarse, no significa nunca probado"
src/pages/ClawMachine.tsx,pagina,/clawmachine,referenced_in_vault_depth_unverified,True,a785c3b6d072bda7f2e763e078a9f580988ab68dbf1ba7a878a88136e80d7d14,persistencia,guardar→leer de vuelta→recargar; cola→servidor→consumidor,"cola de contraste; evidencia previa debe reconciliarse, no significa nunca probado"
src/pages/ClawMachine.tsx,pagina,/clawmachine,referenced_in_vault_depth_unverified,True,a785c3b6d072bda7f2e763e078a9f580988ab68dbf1ba7a878a88136e80d7d14,ciclo_vida,background/proceso muerto; actualización PWA; versión antigua,"cola de contraste; evidencia previa debe reconciliarse, no significa nunca probado"
src/pages/ClawMachine.tsx,pagina,/clawmachine,referenced_in_vault_depth_unverified,True,a785c3b6d072bda7f2e763e078a9f580988ab68dbf1ba7a878a88136e80d7d14,salida,exportación/PDF/firma/compartir; integridad; revocación,"cola de contraste; evidencia previa debe reconciliarse, no significa nunca probado"
src/pages/ClawMachine.tsx,pagina,/clawmachine,referenced_in_vault_depth_unverified,True,a785c3b6d072bda7f2e763e078a9f580988ab68dbf1ba7a878a88136e80d7d14,dispositivo,web/Android; permisos revocados; OEM; sensores no disponibles,"cola de contraste; evidencia previa debe reconciliarse, no significa nunca probado"
src/pages/ClawMachine.tsx,pagina,/clawmachine,referenced_in_vault_depth_unverified,True,a785c3b6d072bda7f2e763e078a9f580988ab68dbf1ba7a878a88136e80d7d14,presentacion,idioma/accesibilidad; loading/error; no convertir falta de datos en seguro,"cola de contraste; evidencia previa debe reconciliarse, no significa nunca probado"
src/pages/ClimateRoutes.tsx,pagina,/climate-routes,referenced_in_vault_depth_unverified,True,d35078031169aa481e949a18d2f4bcdd7c14bd1e7bf98afd41aeac61ca725afb,identidad,anónimo/autenticado; rol permitido/denegado; sesión expirada/revocada,"cola de contraste; evidencia previa debe reconciliarse, no significa nunca probado"
src/pages/ClimateRoutes.tsx,pagina,/climate-routes,referenced_in_vault_depth_unverified,True,d35078031169aa481e949a18d2f4bcdd7c14bd1e7bf98afd41aeac61ca725afb,ambito,sin proyecto; A→B→A; cambio de empresa; respuesta tardía,"cola de contraste; evidencia previa debe reconciliarse, no significa nunca probado"
src/pages/ClimateRoutes.tsx,pagina,/climate-routes,referenced_in_vault_depth_unverified,True,d35078031169aa481e949a18d2f4bcdd7c14bd1e7bf98afd41aeac61ca725afb,entrada,menú/URL/QR/push; arranque frío; demo frente a rama normal,"cola de contraste; evidencia previa debe reconciliarse, no significa nunca probado"
src/pages/ClimateRoutes.tsx,pagina,/climate-routes,referenced_in_vault_depth_unverified,True,d35078031169aa481e949a18d2f4bcdd7c14bd1e7bf98afd41aeac61ca725afb,datos,vacío/inválido/antiguo; unidades y fechas; procedencia real,"cola de contraste; evidencia previa debe reconciliarse, no significa nunca probado"
src/pages/ClimateRoutes.tsx,pagina,/climate-routes,referenced_in_vault_depth_unverified,True,d35078031169aa481e949a18d2f4bcdd7c14bd1e7bf98afd41aeac61ca725afb,red,online/offline; timeout/403/500; recuperación sin estado residual,"cola de contraste; evidencia previa debe reconciliarse, no significa nunca probado"
src/pages/ClimateRoutes.tsx,pagina,/climate-routes,referenced_in_vault_depth_unverified,True,d35078031169aa481e949a18d2f4bcdd7c14bd1e7bf98afd41aeac61ca725afb,mutacion,doble clic/reintento/concurrencia; idempotencia y auditoría,"cola de contraste; evidencia previa debe reconciliarse, no significa nunca probado"
src/pages/ClimateRoutes.tsx,pagina,/climate-routes,referenced_in_vault_depth_unverified,True,d35078031169aa481e949a18d2f4bcdd7c14bd1e7bf98afd41aeac61ca725afb,persistencia,guardar→leer de vuelta→recargar; cola→servidor→consumidor,"cola de contraste; evidencia previa debe reconciliarse, no significa nunca probado"
src/pages/ClimateRoutes.tsx,pagina,/climate-routes,referenced_in_vault_depth_unverified,True,d35078031169aa481e949a18d2f4bcdd7c14bd1e7bf98afd41aeac61ca725afb,ciclo_vida,background/proceso muerto; actualización PWA; versión antigua,"cola de contraste; evidencia previa debe reconciliarse, no significa nunca probado"
src/pages/ClimateRoutes.tsx,pagina,/climate-routes,referenced_in_vault_depth_unverified,True,d35078031169aa481e949a18d2f4bcdd7c14bd1e7bf98afd41aeac61ca725afb,salida,exportación/PDF/firma/compartir; integridad; revocación,"cola de contraste; evidencia previa debe reconciliarse, no significa nunca probado"
src/pages/ClimateRoutes.tsx,pagina,/climate-routes,referenced_in_vault_depth_unverified,True,d35078031169aa481e949a18d2f4bcdd7c14bd1e7bf98afd41aeac61ca725afb,dispositivo,web/Android; permisos revocados; OEM; sensores no disponibles,"cola de contraste; evidencia previa debe reconciliarse, no significa nunca probado"
src/pages/ClimateRoutes.tsx,pagina,/climate-routes,referenced_in_vault_depth_unverified,True,d35078031169aa481e949a18d2f4bcdd7c14bd1e7bf98afd41aeac61ca725afb,presentacion,idioma/accesibilidad; loading/error; no convertir falta de datos en seguro,"cola de contraste; evidencia previa debe reconciliarse, no significa nunca probado"
src/pages/CoastalEmergencyMap.tsx,pagina,/coastal-emergency,referenced_in_vault_depth_unverified,True,41337af4203e22c4336ac3dab3a75bddd1bc8c7a16b81388e3c885d3cdb74911,identidad,anónimo/autenticado; rol permitido/denegado; sesión expirada/revocada,"cola de contraste; evidencia previa debe reconciliarse, no significa nunca probado"
src/pages/CoastalEmergencyMap.tsx,pagina,/coastal-emergency,referenced_in_vault_depth_unverified,True,41337af4203e22c4336ac3dab3a75bddd1bc8c7a16b81388e3c885d3cdb74911,ambito,sin proyecto; A→B→A; cambio de empresa; respuesta tardía,"cola de contraste; evidencia previa debe reconciliarse, no significa nunca probado"
src/pages/CoastalEmergencyMap.tsx,pagina,/coastal-emergency,referenced_in_vault_depth_unverified,True,41337af4203e22c4336ac3dab3a75bddd1bc8c7a16b81388e3c885d3cdb74911,entrada,menú/URL/QR/push; arranque frío; demo frente a rama normal,"cola de contraste; evidencia previa debe reconciliarse, no significa nunca probado"
src/pages/CoastalEmergencyMap.tsx,pagina,/coastal-emergency,referenced_in_vault_depth_unverified,True,41337af4203e22c4336ac3dab3a75bddd1bc8c7a16b81388e3c885d3cdb74911,datos,vacío/inválido/antiguo; unidades y fechas; procedencia real,"cola de contraste; evidencia previa debe reconciliarse, no significa nunca probado"
src/pages/CoastalEmergencyMap.tsx,pagina,/coastal-emergency,referenced_in_vault_depth_unverified,True,41337af4203e22c4336ac3dab3a75bddd1bc8c7a16b81388e3c885d3cdb74911,red,online/offline; timeout/403/500; recuperación sin estado residual,"cola de contraste; evidencia previa debe reconciliarse, no significa nunca probado"
src/pages/CoastalEmergencyMap.tsx,pagina,/coastal-emergency,referenced_in_vault_depth_unverified,True,41337af4203e22c4336ac3dab3a75bddd1bc8c7a16b81388e3c885d3cdb74911,mutacion,doble clic/reintento/concurrencia; idempotencia y auditoría,"cola de contraste; evidencia previa debe reconciliarse, no significa nunca probado"
src/pages/CoastalEmergencyMap.tsx,pagina,/coastal-emergency,referenced_in_vault_depth_unverified,True,41337af4203e22c4336ac3dab3a75bddd1bc8c7a16b81388e3c885d3cdb74911,persistencia,guardar→leer de vuelta→recargar; cola→servidor→consumidor,"cola de contraste; evidencia previa debe reconciliarse, no significa nunca probado"
src/pages/CoastalEmergencyMap.tsx,pagina,/coastal-emergency,referenced_in_vault_depth_unverified,True,41337af4203e22c4336ac3dab3a75bddd1bc8c7a16b81388e3c885d3cdb74911,ciclo_vida,background/proceso muerto; actualización PWA; versión antigua,"cola de contraste; evidencia previa debe reconciliarse, no significa nunca probado"
src/pages/CoastalEmergencyMap.tsx,pagina,/coastal-emergency,referenced_in_vault_depth_unverified,True,41337af4203e22c4336ac3dab3a75bddd1bc8c7a16b81388e3c885d3cdb74911,salida,exportación/PDF/firma/compartir; integridad; revocación,"cola de contraste; evidencia previa debe reconciliarse, no significa nunca probado"
src/pages/CoastalEmergencyMap.tsx,pagina,/coastal-emergency,referenced_in_vault_depth_unverified,True,41337af4203e22c4336ac3dab3a75bddd1bc8c7a16b81388e3c885d3cdb74911,dispositivo,web/Android; permisos revocados; OEM; sensores no disponibles,"cola de contraste; evidencia previa debe reconciliarse, no significa nunca probado"
src/pages/CoastalEmergencyMap.tsx,pagina,/coastal-emergency,referenced_in_vault_depth_unverified,True,41337af4203e22c4336ac3dab3a75bddd1bc8c7a16b81388e3c885d3cdb74911,presentacion,idioma/accesibilidad; loading/error; no convertir falta de datos en seguro,"cola de contraste; evidencia previa debe reconciliarse, no significa nunca probado"
src/pages/ComiteParitario.tsx,pagina,/comite-paritario,referenced_in_vault_depth_unverified,True,c90537f5bb3eb32018743f5714a36c8cdb5b741a911238eb21fad7912ab2665d,identidad,anónimo/autenticado; rol permitido/denegado; sesión expirada/revocada,"cola de contraste; evidencia previa debe reconciliarse, no significa nunca probado"
src/pages/ComiteParitario.tsx,pagina,/comite-paritario,referenced_in_vault_depth_unverified,True,c90537f5bb3eb32018743f5714a36c8cdb5b741a911238eb21fad7912ab2665d,ambito,sin proyecto; A→B→A; cambio de empresa; respuesta tardía,"cola de contraste; evidencia previa debe reconciliarse, no significa nunca probado"
src/pages/ComiteParitario.tsx,pagina,/comite-paritario,referenced_in_vault_depth_unverified,True,c90537f5bb3eb32018743f5714a36c8cdb5b741a911238eb21fad7912ab2665d,entrada,menú/URL/QR/push; arranque frío; demo frente a rama normal,"cola de contraste; evidencia previa debe reconciliarse, no significa nunca probado"
src/pages/ComiteParitario.tsx,pagina,/comite-paritario,referenced_in_vault_depth_unverified,True,c90537f5bb3eb32018743f5714a36c8cdb5b741a911238eb21fad7912ab2665d,datos,vacío/inválido/antiguo; unidades y fechas; procedencia real,"cola de contraste; evidencia previa debe reconciliarse, no significa nunca probado"
src/pages/ComiteParitario.tsx,pagina,/comite-paritario,referenced_in_vault_depth_unverified,True,c90537f5bb3eb32018743f5714a36c8cdb5b741a911238eb21fad7912ab2665d,red,online/offline; timeout/403/500; recuperación sin estado residual,"cola de contraste; evidencia previa debe reconciliarse, no significa nunca probado"
src/pages/ComiteParitario.tsx,pagina,/comite-paritario,referenced_in_vault_depth_unverified,True,c90537f5bb3eb32018743f5714a36c8cdb5b741a911238eb21fad7912ab2665d,mutacion,doble clic/reintento/concurrencia; idempotencia y auditoría,"cola de contraste; evidencia previa debe reconciliarse, no significa nunca probado"
src/pages/ComiteParitario.tsx,pagina,/comite-paritario,referenced_in_vault_depth_unverified,True,c90537f5bb3eb32018743f5714a36c8cdb5b741a911238eb21fad7912ab2665d,persistencia,guardar→leer de vuelta→recargar; cola→servidor→consumidor,"cola de contraste; evidencia previa debe reconciliarse, no significa nunca probado"
src/pages/ComiteParitario.tsx,pagina,/comite-paritario,referenced_in_vault_depth_unverified,True,c90537f5bb3eb32018743f5714a36c8cdb5b741a911238eb21fad7912ab2665d,ciclo_vida,background/proceso muerto; actualización PWA; versión antigua,"cola de contraste; evidencia previa debe reconciliarse, no significa nunca probado"
src/pages/ComiteParitario.tsx,pagina,/comite-paritario,referenced_in_vault_depth_unverified,True,c90537f5bb3eb32018743f5714a36c8cdb5b741a911238eb21fad7912ab2665d,salida,exportación/PDF/firma/compartir; integridad; revocación,"cola de contraste; evidencia previa debe reconciliarse, no significa nunca probado"
src/pages/ComiteParitario.tsx,pagina,/comite-paritario,referenced_in_vault_depth_unverified,True,c90537f5bb3eb32018743f5714a36c8cdb5b741a911238eb21fad7912ab2665d,dispositivo,web/Android; permisos revocados; OEM; sensores no disponibles,"cola de contraste; evidencia previa debe reconciliarse, no significa nunca probado"
src/pages/ComiteParitario.tsx,pagina,/comite-paritario,referenced_in_vault_depth_unverified,True,c90537f5bb3eb32018743f5714a36c8cdb5b741a911238eb21fad7912ab2665d,presentacion,idioma/accesibilidad; loading/error; no convertir falta de datos en seguro,"cola de contraste; evidencia previa debe reconciliarse, no significa nunca probado"
src/pages/ConfidentialReports.tsx,pagina,/confidential-reports,referenced_in_vault_depth_unverified,True,bb8c42837923af29ae86dc857ea274f0c517d5159c4b4a53aa8f429338157ec3,identidad,anónimo/autenticado; rol permitido/denegado; sesión expirada/revocada,"cola de contraste; evidencia previa debe reconciliarse, no significa nunca probado"
src/pages/ConfidentialReports.tsx,pagina,/confidential-reports,referenced_in_vault_depth_unverified,True,bb8c42837923af29ae86dc857ea274f0c517d5159c4b4a53aa8f429338157ec3,ambito,sin proyecto; A→B→A; cambio de empresa; respuesta tardía,"cola de contraste; evidencia previa debe reconciliarse, no significa nunca probado"
src/pages/ConfidentialReports.tsx,pagina,/confidential-reports,referenced_in_vault_depth_unverified,True,bb8c42837923af29ae86dc857ea274f0c517d5159c4b4a53aa8f429338157ec3,entrada,menú/URL/QR/push; arranque frío; demo frente a rama normal,"cola de contraste; evidencia previa debe reconciliarse, no significa nunca probado"
src/pages/ConfidentialReports.tsx,pagina,/confidential-reports,referenced_in_vault_depth_unverified,True,bb8c42837923af29ae86dc857ea274f0c517d5159c4b4a53aa8f429338157ec3,datos,vacío/inválido/antiguo; unidades y fechas; procedencia real,"cola de contraste; evidencia previa debe reconciliarse, no significa nunca probado"
src/pages/ConfidentialReports.tsx,pagina,/confidential-reports,referenced_in_vault_depth_unverified,True,bb8c42837923af29ae86dc857ea274f0c517d5159c4b4a53aa8f429338157ec3,red,online/offline; timeout/403/500; recuperación sin estado residual,"cola de contraste; evidencia previa debe reconciliarse, no significa nunca probado"
src/pages/ConfidentialReports.tsx,pagina,/confidential-reports,referenced_in_vault_depth_unverified,True,bb8c42837923af29ae86dc857ea274f0c517d5159c4b4a53aa8f429338157ec3,mutacion,doble clic/reintento/concurrencia; idempotencia y auditoría,"cola de contraste; evidencia previa debe reconciliarse, no significa nunca probado"
src/pages/ConfidentialReports.tsx,pagina,/confidential-reports,referenced_in_vault_depth_unverified,True,bb8c42837923af29ae86dc857ea274f0c517d5159c4b4a53aa8f429338157ec3,persistencia,guardar→leer de vuelta→recargar; cola→servidor→consumidor,"cola de contraste; evidencia previa debe reconciliarse, no significa nunca probado"
src/pages/ConfidentialReports.tsx,pagina,/confidential-reports,referenced_in_vault_depth_unverified,True,bb8c42837923af29ae86dc857ea274f0c517d5159c4b4a53aa8f429338157ec3,ciclo_vida,background/proceso muerto; actualización PWA; versión antigua,"cola de contraste; evidencia previa debe reconciliarse, no significa nunca probado"
src/pages/ConfidentialReports.tsx,pagina,/confidential-reports,referenced_in_vault_depth_unverified,True,bb8c42837923af29ae86dc857ea274f0c517d5159c4b4a53aa8f429338157ec3,salida,exportación/PDF/firma/compartir; integridad; revocación,"cola de contraste; evidencia previa debe reconciliarse, no significa nunca probado"
src/pages/ConfidentialReports.tsx,pagina,/confidential-reports,referenced_in_vault_depth_unverified,True,bb8c42837923af29ae86dc857ea274f0c517d5159c4b4a53aa8f429338157ec3,dispositivo,web/Android; permisos revocados; OEM; sensores no disponibles,"cola de contraste; evidencia previa debe reconciliarse, no significa nunca probado"
src/pages/ConfidentialReports.tsx,pagina,/confidential-reports,referenced_in_vault_depth_unverified,True,bb8c42837923af29ae86dc857ea274f0c517d5159c4b4a53aa8f429338157ec3,presentacion,idioma/accesibilidad; loading/error; no convertir falta de datos en seguro,"cola de contraste; evidencia previa debe reconciliarse, no significa nunca probado"
src/pages/ConsistencyAudit.tsx,pagina,/consistency-audit,referenced_in_vault_depth_unverified,True,e8702fefc22a366536bd81f2fd0cc2601f406b9f3a0120a9e7a1ab96a212ee49,identidad,anónimo/autenticado; rol permitido/denegado; sesión expirada/revocada,"cola de contraste; evidencia previa debe reconciliarse, no significa nunca probado"
src/pages/ConsistencyAudit.tsx,pagina,/consistency-audit,referenced_in_vault_depth_unverified,True,e8702fefc22a366536bd81f2fd0cc2601f406b9f3a0120a9e7a1ab96a212ee49,ambito,sin proyecto; A→B→A; cambio de empresa; respuesta tardía,"cola de contraste; evidencia previa debe reconciliarse, no significa nunca probado"
src/pages/ConsistencyAudit.tsx,pagina,/consistency-audit,referenced_in_vault_depth_unverified,True,e8702fefc22a366536bd81f2fd0cc2601f406b9f3a0120a9e7a1ab96a212ee49,entrada,menú/URL/QR/push; arranque frío; demo frente a rama normal,"cola de contraste; evidencia previa debe reconciliarse, no significa nunca probado"
src/pages/ConsistencyAudit.tsx,pagina,/consistency-audit,referenced_in_vault_depth_unverified,True,e8702fefc22a366536bd81f2fd0cc2601f406b9f3a0120a9e7a1ab96a212ee49,datos,vacío/inválido/antiguo; unidades y fechas; procedencia real,"cola de contraste; evidencia previa debe reconciliarse, no significa nunca probado"
src/pages/ConsistencyAudit.tsx,pagina,/consistency-audit,referenced_in_vault_depth_unverified,True,e8702fefc22a366536bd81f2fd0cc2601f406b9f3a0120a9e7a1ab96a212ee49,red,online/offline; timeout/403/500; recuperación sin estado residual,"cola de contraste; evidencia previa debe reconciliarse, no significa nunca probado"
src/pages/ConsistencyAudit.tsx,pagina,/consistency-audit,referenced_in_vault_depth_unverified,True,e8702fefc22a366536bd81f2fd0cc2601f406b9f3a0120a9e7a1ab96a212ee49,mutacion,doble clic/reintento/concurrencia; idempotencia y auditoría,"cola de contraste; evidencia previa debe reconciliarse, no significa nunca probado"
src/pages/ConsistencyAudit.tsx,pagina,/consistency-audit,referenced_in_vault_depth_unverified,True,e8702fefc22a366536bd81f2fd0cc2601f406b9f3a0120a9e7a1ab96a212ee49,persistencia,guardar→leer de vuelta→recargar; cola→servidor→consumidor,"cola de contraste; evidencia previa debe reconciliarse, no significa nunca probado"
src/pages/ConsistencyAudit.tsx,pagina,/consistency-audit,referenced_in_vault_depth_unverified,True,e8702fefc22a366536bd81f2fd0cc2601f406b9f3a0120a9e7a1ab96a212ee49,ciclo_vida,background/proceso muerto; actualización PWA; versión antigua,"cola de contraste; evidencia previa debe reconciliarse, no significa nunca probado"
src/pages/ConsistencyAudit.tsx,pagina,/consistency-audit,referenced_in_vault_depth_unverified,True,e8702fefc22a366536bd81f2fd0cc2601f406b9f3a0120a9e7a1ab96a212ee49,salida,exportación/PDF/firma/compartir; integridad; revocación,"cola de contraste; evidencia previa debe reconciliarse, no significa nunca probado"
src/pages/ConsistencyAudit.tsx,pagina,/consistency-audit,referenced_in_vault_depth_unverified,True,e8702fefc22a366536bd81f2fd0cc2601f406b9f3a0120a9e7a1ab96a212ee49,dispositivo,web/Android; permisos revocados; OEM; sensores no disponibles,"cola de contraste; evidencia previa debe reconciliarse, no significa nunca probado"
src/pages/ConsistencyAudit.tsx,pagina,/consistency-audit,referenced_in_vault_depth_unverified,True,e8702fefc22a366536bd81f2fd0cc2601f406b9f3a0120a9e7a1ab96a212ee49,presentacion,idioma/accesibilidad; loading/error; no convertir falta de datos en seguro,"cola de contraste; evidencia previa debe reconciliarse, no significa nunca probado"
src/pages/ContingencySimulationPage.tsx,pagina,/contingency-simulation,referenced_in_vault_depth_unverified,True,75ffa71faef9f90539868f8b5a6b5fe18d91d5cad7f0e83ff11f86d97da4000f,identidad,anónimo/autenticado; rol permitido/denegado; sesión expirada/revocada,"cola de contraste; evidencia previa debe reconciliarse, no significa nunca probado"
src/pages/ContingencySimulationPage.tsx,pagina,/contingency-simulation,referenced_in_vault_depth_unverified,True,75ffa71faef9f90539868f8b5a6b5fe18d91d5cad7f0e83ff11f86d97da4000f,ambito,sin proyecto; A→B→A; cambio de empresa; respuesta tardía,"cola de contraste; evidencia previa debe reconciliarse, no significa nunca probado"
src/pages/ContingencySimulationPage.tsx,pagina,/contingency-simulation,referenced_in_vault_depth_unverified,True,75ffa71faef9f90539868f8b5a6b5fe18d91d5cad7f0e83ff11f86d97da4000f,entrada,menú/URL/QR/push; arranque frío; demo frente a rama normal,"cola de contraste; evidencia previa debe reconciliarse, no significa nunca probado"
src/pages/ContingencySimulationPage.tsx,pagina,/contingency-simulation,referenced_in_vault_depth_unverified,True,75ffa71faef9f90539868f8b5a6b5fe18d91d5cad7f0e83ff11f86d97da4000f,datos,vacío/inválido/antiguo; unidades y fechas; procedencia real,"cola de contraste; evidencia previa debe reconciliarse, no significa nunca probado"
src/pages/ContingencySimulationPage.tsx,pagina,/contingency-simulation,referenced_in_vault_depth_unverified,True,75ffa71faef9f90539868f8b5a6b5fe18d91d5cad7f0e83ff11f86d97da4000f,red,online/offline; timeout/403/500; recuperación sin estado residual,"cola de contraste; evidencia previa debe reconciliarse, no significa nunca probado"
src/pages/ContingencySimulationPage.tsx,pagina,/contingency-simulation,referenced_in_vault_depth_unverified,True,75ffa71faef9f90539868f8b5a6b5fe18d91d5cad7f0e83ff11f86d97da4000f,mutacion,doble clic/reintento/concurrencia; idempotencia y auditoría,"cola de contraste; evidencia previa debe reconciliarse, no significa nunca probado"
src/pages/ContingencySimulationPage.tsx,pagina,/contingency-simulation,referenced_in_vault_depth_unverified,True,75ffa71faef9f90539868f8b5a6b5fe18d91d5cad7f0e83ff11f86d97da4000f,persistencia,guardar→leer de vuelta→recargar; cola→servidor→consumidor,"cola de contraste; evidencia previa debe reconciliarse, no significa nunca probado"
src/pages/ContingencySimulationPage.tsx,pagina,/contingency-simulation,referenced_in_vault_depth_unverified,True,75ffa71faef9f90539868f8b5a6b5fe18d91d5cad7f0e83ff11f86d97da4000f,ciclo_vida,background/proceso muerto; actualización PWA; versión antigua,"cola de contraste; evidencia previa debe reconciliarse, no significa nunca probado"
src/pages/ContingencySimulationPage.tsx,pagina,/contingency-simulation,referenced_in_vault_depth_unverified,True,75ffa71faef9f90539868f8b5a6b5fe18d91d5cad7f0e83ff11f86d97da4000f,salida,exportación/PDF/firma/compartir; integridad; revocación,"cola de contraste; evidencia previa debe reconciliarse, no significa nunca probado"
src/pages/ContingencySimulationPage.tsx,pagina,/contingency-simulation,referenced_in_vault_depth_unverified,True,75ffa71faef9f90539868f8b5a6b5fe18d91d5cad7f0e83ff11f86d97da4000f,dispositivo,web/Android; permisos revocados; OEM; sensores no disponibles,"cola de contraste; evidencia previa debe reconciliarse, no significa nunca probado"
src/pages/ContingencySimulationPage.tsx,pagina,/contingency-simulation,referenced_in_vault_depth_unverified,True,75ffa71faef9f90539868f8b5a6b5fe18d91d5cad7f0e83ff11f86d97da4000f,presentacion,idioma/accesibilidad; loading/error; no convertir falta de datos en seguro,"cola de contraste; evidencia previa debe reconciliarse, no significa nunca probado"
src/pages/ControlsAndMaterials.tsx,pagina,/controls-materials,referenced_in_vault_depth_unverified,True,6f6705bf67c9dd786ca79535adbc9e2f1c1c79d7b8ce408f05b6502bbeba74a9,identidad,anónimo/autenticado; rol permitido/denegado; sesión expirada/revocada,"cola de contraste; evidencia previa debe reconciliarse, no significa nunca probado"
src/pages/ControlsAndMaterials.tsx,pagina,/controls-materials,referenced_in_vault_depth_unverified,True,6f6705bf67c9dd786ca79535adbc9e2f1c1c79d7b8ce408f05b6502bbeba74a9,ambito,sin proyecto; A→B→A; cambio de empresa; respuesta tardía,"cola de contraste; evidencia previa debe reconciliarse, no significa nunca probado"
src/pages/ControlsAndMaterials.tsx,pagina,/controls-materials,referenced_in_vault_depth_unverified,True,6f6705bf67c9dd786ca79535adbc9e2f1c1c79d7b8ce408f05b6502bbeba74a9,entrada,menú/URL/QR/push; arranque frío; demo frente a rama normal,"cola de contraste; evidencia previa debe reconciliarse, no significa nunca probado"
src/pages/ControlsAndMaterials.tsx,pagina,/controls-materials,referenced_in_vault_depth_unverified,True,6f6705bf67c9dd786ca79535adbc9e2f1c1c79d7b8ce408f05b6502bbeba74a9,datos,vacío/inválido/antiguo; unidades y fechas; procedencia real,"cola de contraste; evidencia previa debe reconciliarse, no significa nunca probado"
src/pages/ControlsAndMaterials.tsx,pagina,/controls-materials,referenced_in_vault_depth_unverified,True,6f6705bf67c9dd786ca79535adbc9e2f1c1c79d7b8ce408f05b6502bbeba74a9,red,online/offline; timeout/403/500; recuperación sin estado residual,"cola de contraste; evidencia previa debe reconciliarse, no significa nunca probado"
src/pages/ControlsAndMaterials.tsx,pagina,/controls-materials,referenced_in_vault_depth_unverified,True,6f6705bf67c9dd786ca79535adbc9e2f1c1c79d7b8ce408f05b6502bbeba74a9,mutacion,doble clic/reintento/concurrencia; idempotencia y auditoría,"cola de contraste; evidencia previa debe reconciliarse, no significa nunca probado"
src/pages/ControlsAndMaterials.tsx,pagina,/controls-materials,referenced_in_vault_depth_unverified,True,6f6705bf67c9dd786ca79535adbc9e2f1c1c79d7b8ce408f05b6502bbeba74a9,persistencia,guardar→leer de vuelta→recargar; cola→servidor→consumidor,"cola de contraste; evidencia previa debe reconciliarse, no significa nunca probado"
src/pages/ControlsAndMaterials.tsx,pagina,/controls-materials,referenced_in_vault_depth_unverified,True,6f6705bf67c9dd786ca79535adbc9e2f1c1c79d7b8ce408f05b6502bbeba74a9,ciclo_vida,background/proceso muerto; actualización PWA; versión antigua,"cola de contraste; evidencia previa debe reconciliarse, no significa nunca probado"
src/pages/ControlsAndMaterials.tsx,pagina,/controls-materials,referenced_in_vault_depth_unverified,True,6f6705bf67c9dd786ca79535adbc9e2f1c1c79d7b8ce408f05b6502bbeba74a9,salida,exportación/PDF/firma/compartir; integridad; revocación,"cola de contraste; evidencia previa debe reconciliarse, no significa nunca probado"
src/pages/ControlsAndMaterials.tsx,pagina,/controls-materials,referenced_in_vault_depth_unverified,True,6f6705bf67c9dd786ca79535adbc9e2f1c1c79d7b8ce408f05b6502bbeba74a9,dispositivo,web/Android; permisos revocados; OEM; sensores no disponibles,"cola de contraste; evidencia previa debe reconciliarse, no significa nunca probado"
src/pages/ControlsAndMaterials.tsx,pagina,/controls-materials,referenced_in_vault_depth_unverified,True,6f6705bf67c9dd786ca79535adbc9e2f1c1c79d7b8ce408f05b6502bbeba74a9,presentacion,idioma/accesibilidad; loading/error; no convertir falta de datos en seguro,"cola de contraste; evidencia previa debe reconciliarse, no significa nunca probado"
src/pages/CorrectiveActions.tsx,pagina,/corrective-actions,referenced_in_vault_depth_unverified,True,01d22316ff3a98f5ca5d284c066122913a4a0f58270b5da513ef39dc9d43404a,identidad,anónimo/autenticado; rol permitido/denegado; sesión expirada/revocada,"cola de contraste; evidencia previa debe reconciliarse, no significa nunca probado"
src/pages/CorrectiveActions.tsx,pagina,/corrective-actions,referenced_in_vault_depth_unverified,True,01d22316ff3a98f5ca5d284c066122913a4a0f58270b5da513ef39dc9d43404a,ambito,sin proyecto; A→B→A; cambio de empresa; respuesta tardía,"cola de contraste; evidencia previa debe reconciliarse, no significa nunca probado"
src/pages/CorrectiveActions.tsx,pagina,/corrective-actions,referenced_in_vault_depth_unverified,True,01d22316ff3a98f5ca5d284c066122913a4a0f58270b5da513ef39dc9d43404a,entrada,menú/URL/QR/push; arranque frío; demo frente a rama normal,"cola de contraste; evidencia previa debe reconciliarse, no significa nunca probado"
src/pages/CorrectiveActions.tsx,pagina,/corrective-actions,referenced_in_vault_depth_unverified,True,01d22316ff3a98f5ca5d284c066122913a4a0f58270b5da513ef39dc9d43404a,datos,vacío/inválido/antiguo; unidades y fechas; procedencia real,"cola de contraste; evidencia previa debe reconciliarse, no significa nunca probado"
src/pages/CorrectiveActions.tsx,pagina,/corrective-actions,referenced_in_vault_depth_unverified,True,01d22316ff3a98f5ca5d284c066122913a4a0f58270b5da513ef39dc9d43404a,red,online/offline; timeout/403/500; recuperación sin estado residual,"cola de contraste; evidencia previa debe reconciliarse, no significa nunca probado"
src/pages/CorrectiveActions.tsx,pagina,/corrective-actions,referenced_in_vault_depth_unverified,True,01d22316ff3a98f5ca5d284c066122913a4a0f58270b5da513ef39dc9d43404a,mutacion,doble clic/reintento/concurrencia; idempotencia y auditoría,"cola de contraste; evidencia previa debe reconciliarse, no significa nunca probado"
src/pages/CorrectiveActions.tsx,pagina,/corrective-actions,referenced_in_vault_depth_unverified,True,01d22316ff3a98f5ca5d284c066122913a4a0f58270b5da513ef39dc9d43404a,persistencia,guardar→leer de vuelta→recargar; cola→servidor→consumidor,"cola de contraste; evidencia previa debe reconciliarse, no significa nunca probado"
src/pages/CorrectiveActions.tsx,pagina,/corrective-actions,referenced_in_vault_depth_unverified,True,01d22316ff3a98f5ca5d284c066122913a4a0f58270b5da513ef39dc9d43404a,ciclo_vida,background/proceso muerto; actualización PWA; versión antigua,"cola de contraste; evidencia previa debe reconciliarse, no significa nunca probado"
src/pages/CorrectiveActions.tsx,pagina,/corrective-actions,referenced_in_vault_depth_unverified,True,01d22316ff3a98f5ca5d284c066122913a4a0f58270b5da513ef39dc9d43404a,salida,exportación/PDF/firma/compartir; integridad; revocación,"cola de contraste; evidencia previa debe reconciliarse, no significa nunca probado"
src/pages/CorrectiveActions.tsx,pagina,/corrective-actions,referenced_in_vault_depth_unverified,True,01d22316ff3a98f5ca5d284c066122913a4a0f58270b5da513ef39dc9d43404a,dispositivo,web/Android; permisos revocados; OEM; sensores no disponibles,"cola de contraste; evidencia previa debe reconciliarse, no significa nunca probado"
src/pages/CorrectiveActions.tsx,pagina,/corrective-actions,referenced_in_vault_depth_unverified,True,01d22316ff3a98f5ca5d284c066122913a4a0f58270b5da513ef39dc9d43404a,presentacion,idioma/accesibilidad; loading/error; no convertir falta de datos en seguro,"cola de contraste; evidencia previa debe reconciliarse, no significa nunca probado"
src/pages/CostScenarios.tsx,pagina,/cost-scenarios,referenced_in_vault_depth_unverified,True,ef5583ea5af560547626d6a925b8c55ca0adfc03ab64bed955d03048f2d25407,identidad,anónimo/autenticado; rol permitido/denegado; sesión expirada/revocada,"cola de contraste; evidencia previa debe reconciliarse, no significa nunca probado"
src/pages/CostScenarios.tsx,pagina,/cost-scenarios,referenced_in_vault_depth_unverified,True,ef5583ea5af560547626d6a925b8c55ca0adfc03ab64bed955d03048f2d25407,ambito,sin proyecto; A→B→A; cambio de empresa; respuesta tardía,"cola de contraste; evidencia previa debe reconciliarse, no significa nunca probado"
src/pages/CostScenarios.tsx,pagina,/cost-scenarios,referenced_in_vault_depth_unverified,True,ef5583ea5af560547626d6a925b8c55ca0adfc03ab64bed955d03048f2d25407,entrada,menú/URL/QR/push; arranque frío; demo frente a rama normal,"cola de contraste; evidencia previa debe reconciliarse, no significa nunca probado"
src/pages/CostScenarios.tsx,pagina,/cost-scenarios,referenced_in_vault_depth_unverified,True,ef5583ea5af560547626d6a925b8c55ca0adfc03ab64bed955d03048f2d25407,datos,vacío/inválido/antiguo; unidades y fechas; procedencia real,"cola de contraste; evidencia previa debe reconciliarse, no significa nunca probado"
src/pages/CostScenarios.tsx,pagina,/cost-scenarios,referenced_in_vault_depth_unverified,True,ef5583ea5af560547626d6a925b8c55ca0adfc03ab64bed955d03048f2d25407,red,online/offline; timeout/403/500; recuperación sin estado residual,"cola de contraste; evidencia previa debe reconciliarse, no significa nunca probado"
src/pages/CostScenarios.tsx,pagina,/cost-scenarios,referenced_in_vault_depth_unverified,True,ef5583ea5af560547626d6a925b8c55ca0adfc03ab64bed955d03048f2d25407,mutacion,doble clic/reintento/concurrencia; idempotencia y auditoría,"cola de contraste; evidencia previa debe reconciliarse, no significa nunca probado"
src/pages/CostScenarios.tsx,pagina,/cost-scenarios,referenced_in_vault_depth_unverified,True,ef5583ea5af560547626d6a925b8c55ca0adfc03ab64bed955d03048f2d25407,persistencia,guardar→leer de vuelta→recargar; cola→servidor→consumidor,"cola de contraste; evidencia previa debe reconciliarse, no significa nunca probado"
src/pages/CostScenarios.tsx,pagina,/cost-scenarios,referenced_in_vault_depth_unverified,True,ef5583ea5af560547626d6a925b8c55ca0adfc03ab64bed955d03048f2d25407,ciclo_vida,background/proceso muerto; actualización PWA; versión antigua,"cola de contraste; evidencia previa debe reconciliarse, no significa nunca probado"
src/pages/CostScenarios.tsx,pagina,/cost-scenarios,referenced_in_vault_depth_unverified,True,ef5583ea5af560547626d6a925b8c55ca0adfc03ab64bed955d03048f2d25407,salida,exportación/PDF/firma/compartir; integridad; revocación,"cola de contraste; evidencia previa debe reconciliarse, no significa nunca probado"
src/pages/CostScenarios.tsx,pagina,/cost-scenarios,referenced_in_vault_depth_unverified,True,ef5583ea5af560547626d6a925b8c55ca0adfc03ab64bed955d03048f2d25407,dispositivo,web/Android; permisos revocados; OEM; sensores no disponibles,"cola de contraste; evidencia previa debe reconciliarse, no significa nunca probado"
src/pages/CostScenarios.tsx,pagina,/cost-scenarios,referenced_in_vault_depth_unverified,True,ef5583ea5af560547626d6a925b8c55ca0adfc03ab64bed955d03048f2d25407,presentacion,idioma/accesibilidad; loading/error; no convertir falta de datos en seguro,"cola de contraste; evidencia previa debe reconciliarse, no significa nunca probado"
src/pages/CphsDraftMinute.tsx,pagina,/cphs/draft-minute,inventoried_only,True,ab3bf3c02a7ca6e07157d24e4c1d1319eb7e14b2e0b3aae9f1ee0f973af65aeb,identidad,anónimo/autenticado; rol permitido/denegado; sesión expirada/revocada,"cola de contraste; evidencia previa debe reconciliarse, no significa nunca probado"
src/pages/CphsDraftMinute.tsx,pagina,/cphs/draft-minute,inventoried_only,True,ab3bf3c02a7ca6e07157d24e4c1d1319eb7e14b2e0b3aae9f1ee0f973af65aeb,ambito,sin proyecto; A→B→A; cambio de empresa; respuesta tardía,"cola de contraste; evidencia previa debe reconciliarse, no significa nunca probado"
src/pages/CphsDraftMinute.tsx,pagina,/cphs/draft-minute,inventoried_only,True,ab3bf3c02a7ca6e07157d24e4c1d1319eb7e14b2e0b3aae9f1ee0f973af65aeb,entrada,menú/URL/QR/push; arranque frío; demo frente a rama normal,"cola de contraste; evidencia previa debe reconciliarse, no significa nunca probado"
src/pages/CphsDraftMinute.tsx,pagina,/cphs/draft-minute,inventoried_only,True,ab3bf3c02a7ca6e07157d24e4c1d1319eb7e14b2e0b3aae9f1ee0f973af65aeb,datos,vacío/inválido/antiguo; unidades y fechas; procedencia real,"cola de contraste; evidencia previa debe reconciliarse, no significa nunca probado"
src/pages/CphsDraftMinute.tsx,pagina,/cphs/draft-minute,inventoried_only,True,ab3bf3c02a7ca6e07157d24e4c1d1319eb7e14b2e0b3aae9f1ee0f973af65aeb,red,online/offline; timeout/403/500; recuperación sin estado residual,"cola de contraste; evidencia previa debe reconciliarse, no significa nunca probado"
src/pages/CphsDraftMinute.tsx,pagina,/cphs/draft-minute,inventoried_only,True,ab3bf3c02a7ca6e07157d24e4c1d1319eb7e14b2e0b3aae9f1ee0f973af65aeb,mutacion,doble clic/reintento/concurrencia; idempotencia y auditoría,"cola de contraste; evidencia previa debe reconciliarse, no significa nunca probado"
src/pages/CphsDraftMinute.tsx,pagina,/cphs/draft-minute,inventoried_only,True,ab3bf3c02a7ca6e07157d24e4c1d1319eb7e14b2e0b3aae9f1ee0f973af65aeb,persistencia,guardar→leer de vuelta→recargar; cola→servidor→consumidor,"cola de contraste; evidencia previa debe reconciliarse, no significa nunca probado"
src/pages/CphsDraftMinute.tsx,pagina,/cphs/draft-minute,inventoried_only,True,ab3bf3c02a7ca6e07157d24e4c1d1319eb7e14b2e0b3aae9f1ee0f973af65aeb,ciclo_vida,background/proceso muerto; actualización PWA; versión antigua,"cola de contraste; evidencia previa debe reconciliarse, no significa nunca probado"
src/pages/CphsDraftMinute.tsx,pagina,/cphs/draft-minute,inventoried_only,True,ab3bf3c02a7ca6e07157d24e4c1d1319eb7e14b2e0b3aae9f1ee0f973af65aeb,salida,exportación/PDF/firma/compartir; integridad; revocación,"cola de contraste; evidencia previa debe reconciliarse, no significa nunca probado"
src/pages/CphsDraftMinute.tsx,pagina,/cphs/draft-minute,inventoried_only,True,ab3bf3c02a7ca6e07157d24e4c1d1319eb7e14b2e0b3aae9f1ee0f973af65aeb,dispositivo,web/Android; permisos revocados; OEM; sensores no disponibles,"cola de contraste; evidencia previa debe reconciliarse, no significa nunca probado"
src/pages/CphsDraftMinute.tsx,pagina,/cphs/draft-minute,inventoried_only,True,ab3bf3c02a7ca6e07157d24e4c1d1319eb7e14b2e0b3aae9f1ee0f973af65aeb,presentacion,idioma/accesibilidad; loading/error; no convertir falta de datos en seguro,"cola de contraste; evidencia previa debe reconciliarse, no significa nunca probado"
src/pages/CphsModule.tsx,pagina,/cphs,referenced_in_vault_depth_unverified,True,c0f4bbb1133c8823a3ec39241912be439c0abd88fb5d18daa15b547ffb8c3037,identidad,anónimo/autenticado; rol permitido/denegado; sesión expirada/revocada,"cola de contraste; evidencia previa debe reconciliarse, no significa nunca probado"
src/pages/CphsModule.tsx,pagina,/cphs,referenced_in_vault_depth_unverified,True,c0f4bbb1133c8823a3ec39241912be439c0abd88fb5d18daa15b547ffb8c3037,ambito,sin proyecto; A→B→A; cambio de empresa; respuesta tardía,"cola de contraste; evidencia previa debe reconciliarse, no significa nunca probado"
src/pages/CphsModule.tsx,pagina,/cphs,referenced_in_vault_depth_unverified,True,c0f4bbb1133c8823a3ec39241912be439c0abd88fb5d18daa15b547ffb8c3037,entrada,menú/URL/QR/push; arranque frío; demo frente a rama normal,"cola de contraste; evidencia previa debe reconciliarse, no significa nunca probado"
src/pages/CphsModule.tsx,pagina,/cphs,referenced_in_vault_depth_unverified,True,c0f4bbb1133c8823a3ec39241912be439c0abd88fb5d18daa15b547ffb8c3037,datos,vacío/inválido/antiguo; unidades y fechas; procedencia real,"cola de contraste; evidencia previa debe reconciliarse, no significa nunca probado"
src/pages/CphsModule.tsx,pagina,/cphs,referenced_in_vault_depth_unverified,True,c0f4bbb1133c8823a3ec39241912be439c0abd88fb5d18daa15b547ffb8c3037,red,online/offline; timeout/403/500; recuperación sin estado residual,"cola de contraste; evidencia previa debe reconciliarse, no significa nunca probado"
src/pages/CphsModule.tsx,pagina,/cphs,referenced_in_vault_depth_unverified,True,c0f4bbb1133c8823a3ec39241912be439c0abd88fb5d18daa15b547ffb8c3037,mutacion,doble clic/reintento/concurrencia; idempotencia y auditoría,"cola de contraste; evidencia previa debe reconciliarse, no significa nunca probado"
src/pages/CphsModule.tsx,pagina,/cphs,referenced_in_vault_depth_unverified,True,c0f4bbb1133c8823a3ec39241912be439c0abd88fb5d18daa15b547ffb8c3037,persistencia,guardar→leer de vuelta→recargar; cola→servidor→consumidor,"cola de contraste; evidencia previa debe reconciliarse, no significa nunca probado"
src/pages/CphsModule.tsx,pagina,/cphs,referenced_in_vault_depth_unverified,True,c0f4bbb1133c8823a3ec39241912be439c0abd88fb5d18daa15b547ffb8c3037,ciclo_vida,background/proceso muerto; actualización PWA; versión antigua,"cola de contraste; evidencia previa debe reconciliarse, no significa nunca probado"
src/pages/CphsModule.tsx,pagina,/cphs,referenced_in_vault_depth_unverified,True,c0f4bbb1133c8823a3ec39241912be439c0abd88fb5d18daa15b547ffb8c3037,salida,exportación/PDF/firma/compartir; integridad; revocación,"cola de contraste; evidencia previa debe reconciliarse, no significa nunca probado"
src/pages/CphsModule.tsx,pagina,/cphs,referenced_in_vault_depth_unverified,True,c0f4bbb1133c8823a3ec39241912be439c0abd88fb5d18daa15b547ffb8c3037,dispositivo,web/Android; permisos revocados; OEM; sensores no disponibles,"cola de contraste; evidencia previa debe reconciliarse, no significa nunca probado"
src/pages/CphsModule.tsx,pagina,/cphs,referenced_in_vault_depth_unverified,True,c0f4bbb1133c8823a3ec39241912be439c0abd88fb5d18daa15b547ffb8c3037,presentacion,idioma/accesibilidad; loading/error; no convertir falta de datos en seguro,"cola de contraste; evidencia previa debe reconciliarse, no significa nunca probado"
src/pages/CriticalControlsView.tsx,pagina,/critical-controls,referenced_in_vault_depth_unverified,True,13ffabc224044429ddf65f7ccfa5a66daedbe97a1459bc08487b5359c67a7b9b,identidad,anónimo/autenticado; rol permitido/denegado; sesión expirada/revocada,"cola de contraste; evidencia previa debe reconciliarse, no significa nunca probado"
src/pages/CriticalControlsView.tsx,pagina,/critical-controls,referenced_in_vault_depth_unverified,True,13ffabc224044429ddf65f7ccfa5a66daedbe97a1459bc08487b5359c67a7b9b,ambito,sin proyecto; A→B→A; cambio de empresa; respuesta tardía,"cola de contraste; evidencia previa debe reconciliarse, no significa nunca probado"
src/pages/CriticalControlsView.tsx,pagina,/critical-controls,referenced_in_vault_depth_unverified,True,13ffabc224044429ddf65f7ccfa5a66daedbe97a1459bc08487b5359c67a7b9b,entrada,menú/URL/QR/push; arranque frío; demo frente a rama normal,"cola de contraste; evidencia previa debe reconciliarse, no significa nunca probado"
src/pages/CriticalControlsView.tsx,pagina,/critical-controls,referenced_in_vault_depth_unverified,True,13ffabc224044429ddf65f7ccfa5a66daedbe97a1459bc08487b5359c67a7b9b,datos,vacío/inválido/antiguo; unidades y fechas; procedencia real,"cola de contraste; evidencia previa debe reconciliarse, no significa nunca probado"
src/pages/CriticalControlsView.tsx,pagina,/critical-controls,referenced_in_vault_depth_unverified,True,13ffabc224044429ddf65f7ccfa5a66daedbe97a1459bc08487b5359c67a7b9b,red,online/offline; timeout/403/500; recuperación sin estado residual,"cola de contraste; evidencia previa debe reconciliarse, no significa nunca probado"
src/pages/CriticalControlsView.tsx,pagina,/critical-controls,referenced_in_vault_depth_unverified,True,13ffabc224044429ddf65f7ccfa5a66daedbe97a1459bc08487b5359c67a7b9b,mutacion,doble clic/reintento/concurrencia; idempotencia y auditoría,"cola de contraste; evidencia previa debe reconciliarse, no significa nunca probado"
src/pages/CriticalControlsView.tsx,pagina,/critical-controls,referenced_in_vault_depth_unverified,True,13ffabc224044429ddf65f7ccfa5a66daedbe97a1459bc08487b5359c67a7b9b,persistencia,guardar→leer de vuelta→recargar; cola→servidor→consumidor,"cola de contraste; evidencia previa debe reconciliarse, no significa nunca probado"
src/pages/CriticalControlsView.tsx,pagina,/critical-controls,referenced_in_vault_depth_unverified,True,13ffabc224044429ddf65f7ccfa5a66daedbe97a1459bc08487b5359c67a7b9b,ciclo_vida,background/proceso muerto; actualización PWA; versión antigua,"cola de contraste; evidencia previa debe reconciliarse, no significa nunca probado"
src/pages/CriticalControlsView.tsx,pagina,/critical-controls,referenced_in_vault_depth_unverified,True,13ffabc224044429ddf65f7ccfa5a66daedbe97a1459bc08487b5359c67a7b9b,salida,exportación/PDF/firma/compartir; integridad; revocación,"cola de contraste; evidencia previa debe reconciliarse, no significa nunca probado"
src/pages/CriticalControlsView.tsx,pagina,/critical-controls,referenced_in_vault_depth_unverified,True,13ffabc224044429ddf65f7ccfa5a66daedbe97a1459bc08487b5359c67a7b9b,dispositivo,web/Android; permisos revocados; OEM; sensores no disponibles,"cola de contraste; evidencia previa debe reconciliarse, no significa nunca probado"
src/pages/CriticalControlsView.tsx,pagina,/critical-controls,referenced_in_vault_depth_unverified,True,13ffabc224044429ddf65f7ccfa5a66daedbe97a1459bc08487b5359c67a7b9b,presentacion,idioma/accesibilidad; loading/error; no convertir falta de datos en seguro,"cola de contraste; evidencia previa debe reconciliarse, no significa nunca probado"
src/pages/CriticalRolesPage.tsx,pagina,/critical-roles,referenced_in_vault_depth_unverified,True,e6415340a2f57813870c57d662c8fbeed625cf98ac12c0e3c8027d64d0172d30,identidad,anónimo/autenticado; rol permitido/denegado; sesión expirada/revocada,"cola de contraste; evidencia previa debe reconciliarse, no significa nunca probado"
src/pages/CriticalRolesPage.tsx,pagina,/critical-roles,referenced_in_vault_depth_unverified,True,e6415340a2f57813870c57d662c8fbeed625cf98ac12c0e3c8027d64d0172d30,ambito,sin proyecto; A→B→A; cambio de empresa; respuesta tardía,"cola de contraste; evidencia previa debe reconciliarse, no significa nunca probado"
src/pages/CriticalRolesPage.tsx,pagina,/critical-roles,referenced_in_vault_depth_unverified,True,e6415340a2f57813870c57d662c8fbeed625cf98ac12c0e3c8027d64d0172d30,entrada,menú/URL/QR/push; arranque frío; demo frente a rama normal,"cola de contraste; evidencia previa debe reconciliarse, no significa nunca probado"
src/pages/CriticalRolesPage.tsx,pagina,/critical-roles,referenced_in_vault_depth_unverified,True,e6415340a2f57813870c57d662c8fbeed625cf98ac12c0e3c8027d64d0172d30,datos,vacío/inválido/antiguo; unidades y fechas; procedencia real,"cola de contraste; evidencia previa debe reconciliarse, no significa nunca probado"
src/pages/CriticalRolesPage.tsx,pagina,/critical-roles,referenced_in_vault_depth_unverified,True,e6415340a2f57813870c57d662c8fbeed625cf98ac12c0e3c8027d64d0172d30,red,online/offline; timeout/403/500; recuperación sin estado residual,"cola de contraste; evidencia previa debe reconciliarse, no significa nunca probado"
src/pages/CriticalRolesPage.tsx,pagina,/critical-roles,referenced_in_vault_depth_unverified,True,e6415340a2f57813870c57d662c8fbeed625cf98ac12c0e3c8027d64d0172d30,mutacion,doble clic/reintento/concurrencia; idempotencia y auditoría,"cola de contraste; evidencia previa debe reconciliarse, no significa nunca probado"
src/pages/CriticalRolesPage.tsx,pagina,/critical-roles,referenced_in_vault_depth_unverified,True,e6415340a2f57813870c57d662c8fbeed625cf98ac12c0e3c8027d64d0172d30,persistencia,guardar→leer de vuelta→recargar; cola→servidor→consumidor,"cola de contraste; evidencia previa debe reconciliarse, no significa nunca probado"
src/pages/CriticalRolesPage.tsx,pagina,/critical-roles,referenced_in_vault_depth_unverified,True,e6415340a2f57813870c57d662c8fbeed625cf98ac12c0e3c8027d64d0172d30,ciclo_vida,background/proceso muerto; actualización PWA; versión antigua,"cola de contraste; evidencia previa debe reconciliarse, no significa nunca probado"
src/pages/CriticalRolesPage.tsx,pagina,/critical-roles,referenced_in_vault_depth_unverified,True,e6415340a2f57813870c57d662c8fbeed625cf98ac12c0e3c8027d64d0172d30,salida,exportación/PDF/firma/compartir; integridad; revocación,"cola de contraste; evidencia previa debe reconciliarse, no significa nunca probado"
src/pages/CriticalRolesPage.tsx,pagina,/critical-roles,referenced_in_vault_depth_unverified,True,e6415340a2f57813870c57d662c8fbeed625cf98ac12c0e3c8027d64d0172d30,dispositivo,web/Android; permisos revocados; OEM; sensores no disponibles,"cola de contraste; evidencia previa debe reconciliarse, no significa nunca probado"
src/pages/CriticalRolesPage.tsx,pagina,/critical-roles,referenced_in_vault_depth_unverified,True,e6415340a2f57813870c57d662c8fbeed625cf98ac12c0e3c8027d64d0172d30,presentacion,idioma/accesibilidad; loading/error; no convertir falta de datos en seguro,"cola de contraste; evidencia previa debe reconciliarse, no significa nunca probado"
src/pages/CuadrillasDashboard.tsx,pagina,/cuadrillas,referenced_in_vault_depth_unverified,True,62256f7c71b79f96e2b4f623b66cbec8de8b7a28b93f3c071905b2ed0eb97e01,identidad,anónimo/autenticado; rol permitido/denegado; sesión expirada/revocada,"cola de contraste; evidencia previa debe reconciliarse, no significa nunca probado"
src/pages/CuadrillasDashboard.tsx,pagina,/cuadrillas,referenced_in_vault_depth_unverified,True,62256f7c71b79f96e2b4f623b66cbec8de8b7a28b93f3c071905b2ed0eb97e01,ambito,sin proyecto; A→B→A; cambio de empresa; respuesta tardía,"cola de contraste; evidencia previa debe reconciliarse, no significa nunca probado"
src/pages/CuadrillasDashboard.tsx,pagina,/cuadrillas,referenced_in_vault_depth_unverified,True,62256f7c71b79f96e2b4f623b66cbec8de8b7a28b93f3c071905b2ed0eb97e01,entrada,menú/URL/QR/push; arranque frío; demo frente a rama normal,"cola de contraste; evidencia previa debe reconciliarse, no significa nunca probado"
src/pages/CuadrillasDashboard.tsx,pagina,/cuadrillas,referenced_in_vault_depth_unverified,True,62256f7c71b79f96e2b4f623b66cbec8de8b7a28b93f3c071905b2ed0eb97e01,datos,vacío/inválido/antiguo; unidades y fechas; procedencia real,"cola de contraste; evidencia previa debe reconciliarse, no significa nunca probado"
src/pages/CuadrillasDashboard.tsx,pagina,/cuadrillas,referenced_in_vault_depth_unverified,True,62256f7c71b79f96e2b4f623b66cbec8de8b7a28b93f3c071905b2ed0eb97e01,red,online/offline; timeout/403/500; recuperación sin estado residual,"cola de contraste; evidencia previa debe reconciliarse, no significa nunca probado"
src/pages/CuadrillasDashboard.tsx,pagina,/cuadrillas,referenced_in_vault_depth_unverified,True,62256f7c71b79f96e2b4f623b66cbec8de8b7a28b93f3c071905b2ed0eb97e01,mutacion,doble clic/reintento/concurrencia; idempotencia y auditoría,"cola de contraste; evidencia previa debe reconciliarse, no significa nunca probado"
src/pages/CuadrillasDashboard.tsx,pagina,/cuadrillas,referenced_in_vault_depth_unverified,True,62256f7c71b79f96e2b4f623b66cbec8de8b7a28b93f3c071905b2ed0eb97e01,persistencia,guardar→leer de vuelta→recargar; cola→servidor→consumidor,"cola de contraste; evidencia previa debe reconciliarse, no significa nunca probado"
src/pages/CuadrillasDashboard.tsx,pagina,/cuadrillas,referenced_in_vault_depth_unverified,True,62256f7c71b79f96e2b4f623b66cbec8de8b7a28b93f3c071905b2ed0eb97e01,ciclo_vida,background/proceso muerto; actualización PWA; versión antigua,"cola de contraste; evidencia previa debe reconciliarse, no significa nunca probado"
src/pages/CuadrillasDashboard.tsx,pagina,/cuadrillas,referenced_in_vault_depth_unverified,True,62256f7c71b79f96e2b4f623b66cbec8de8b7a28b93f3c071905b2ed0eb97e01,salida,exportación/PDF/firma/compartir; integridad; revocación,"cola de contraste; evidencia previa debe reconciliarse, no significa nunca probado"
src/pages/CuadrillasDashboard.tsx,pagina,/cuadrillas,referenced_in_vault_depth_unverified,True,62256f7c71b79f96e2b4f623b66cbec8de8b7a28b93f3c071905b2ed0eb97e01,dispositivo,web/Android; permisos revocados; OEM; sensores no disponibles,"cola de contraste; evidencia previa debe reconciliarse, no significa nunca probado"
src/pages/CuadrillasDashboard.tsx,pagina,/cuadrillas,referenced_in_vault_depth_unverified,True,62256f7c71b79f96e2b4f623b66cbec8de8b7a28b93f3c071905b2ed0eb97e01,presentacion,idioma/accesibilidad; loading/error; no convertir falta de datos en seguro,"cola de contraste; evidencia previa debe reconciliarse, no significa nunca probado"
src/pages/CulturePulse.tsx,pagina,/culture-pulse,referenced_in_vault_depth_unverified,True,a826be06dad026d4231f0c6ce8e3c94b9e9727e2be2d14ff1f44bd9b7bd52722,identidad,anónimo/autenticado; rol permitido/denegado; sesión expirada/revocada,"cola de contraste; evidencia previa debe reconciliarse, no significa nunca probado"
src/pages/CulturePulse.tsx,pagina,/culture-pulse,referenced_in_vault_depth_unverified,True,a826be06dad026d4231f0c6ce8e3c94b9e9727e2be2d14ff1f44bd9b7bd52722,ambito,sin proyecto; A→B→A; cambio de empresa; respuesta tardía,"cola de contraste; evidencia previa debe reconciliarse, no significa nunca probado"
src/pages/CulturePulse.tsx,pagina,/culture-pulse,referenced_in_vault_depth_unverified,True,a826be06dad026d4231f0c6ce8e3c94b9e9727e2be2d14ff1f44bd9b7bd52722,entrada,menú/URL/QR/push; arranque frío; demo frente a rama normal,"cola de contraste; evidencia previa debe reconciliarse, no significa nunca probado"
src/pages/CulturePulse.tsx,pagina,/culture-pulse,referenced_in_vault_depth_unverified,True,a826be06dad026d4231f0c6ce8e3c94b9e9727e2be2d14ff1f44bd9b7bd52722,datos,vacío/inválido/antiguo; unidades y fechas; procedencia real,"cola de contraste; evidencia previa debe reconciliarse, no significa nunca probado"
src/pages/CulturePulse.tsx,pagina,/culture-pulse,referenced_in_vault_depth_unverified,True,a826be06dad026d4231f0c6ce8e3c94b9e9727e2be2d14ff1f44bd9b7bd52722,red,online/offline; timeout/403/500; recuperación sin estado residual,"cola de contraste; evidencia previa debe reconciliarse, no significa nunca probado"
src/pages/CulturePulse.tsx,pagina,/culture-pulse,referenced_in_vault_depth_unverified,True,a826be06dad026d4231f0c6ce8e3c94b9e9727e2be2d14ff1f44bd9b7bd52722,mutacion,doble clic/reintento/concurrencia; idempotencia y auditoría,"cola de contraste; evidencia previa debe reconciliarse, no significa nunca probado"
src/pages/CulturePulse.tsx,pagina,/culture-pulse,referenced_in_vault_depth_unverified,True,a826be06dad026d4231f0c6ce8e3c94b9e9727e2be2d14ff1f44bd9b7bd52722,persistencia,guardar→leer de vuelta→recargar; cola→servidor→consumidor,"cola de contraste; evidencia previa debe reconciliarse, no significa nunca probado"
src/pages/CulturePulse.tsx,pagina,/culture-pulse,referenced_in_vault_depth_unverified,True,a826be06dad026d4231f0c6ce8e3c94b9e9727e2be2d14ff1f44bd9b7bd52722,ciclo_vida,background/proceso muerto; actualización PWA; versión antigua,"cola de contraste; evidencia previa debe reconciliarse, no significa nunca probado"
src/pages/CulturePulse.tsx,pagina,/culture-pulse,referenced_in_vault_depth_unverified,True,a826be06dad026d4231f0c6ce8e3c94b9e9727e2be2d14ff1f44bd9b7bd52722,salida,exportación/PDF/firma/compartir; integridad; revocación,"cola de contraste; evidencia previa debe reconciliarse, no significa nunca probado"
src/pages/CulturePulse.tsx,pagina,/culture-pulse,referenced_in_vault_depth_unverified,True,a826be06dad026d4231f0c6ce8e3c94b9e9727e2be2d14ff1f44bd9b7bd52722,dispositivo,web/Android; permisos revocados; OEM; sensores no disponibles,"cola de contraste; evidencia previa debe reconciliarse, no significa nunca probado"
src/pages/CulturePulse.tsx,pagina,/culture-pulse,referenced_in_vault_depth_unverified,True,a826be06dad026d4231f0c6ce8e3c94b9e9727e2be2d14ff1f44bd9b7bd52722,presentacion,idioma/accesibilidad; loading/error; no convertir falta de datos en seguro,"cola de contraste; evidencia previa debe reconciliarse, no significa nunca probado"
src/pages/CustodyChain.tsx,pagina,/custody-chain,inventoried_only,True,526b5a218f49dd8dcfc8d2265341217d7bac33e76f2d6d05a1289f5e2be1c340,identidad,anónimo/autenticado; rol permitido/denegado; sesión expirada/revocada,"cola de contraste; evidencia previa debe reconciliarse, no significa nunca probado"
src/pages/CustodyChain.tsx,pagina,/custody-chain,inventoried_only,True,526b5a218f49dd8dcfc8d2265341217d7bac33e76f2d6d05a1289f5e2be1c340,ambito,sin proyecto; A→B→A; cambio de empresa; respuesta tardía,"cola de contraste; evidencia previa debe reconciliarse, no significa nunca probado"
src/pages/CustodyChain.tsx,pagina,/custody-chain,inventoried_only,True,526b5a218f49dd8dcfc8d2265341217d7bac33e76f2d6d05a1289f5e2be1c340,entrada,menú/URL/QR/push; arranque frío; demo frente a rama normal,"cola de contraste; evidencia previa debe reconciliarse, no significa nunca probado"
src/pages/CustodyChain.tsx,pagina,/custody-chain,inventoried_only,True,526b5a218f49dd8dcfc8d2265341217d7bac33e76f2d6d05a1289f5e2be1c340,datos,vacío/inválido/antiguo; unidades y fechas; procedencia real,"cola de contraste; evidencia previa debe reconciliarse, no significa nunca probado"
src/pages/CustodyChain.tsx,pagina,/custody-chain,inventoried_only,True,526b5a218f49dd8dcfc8d2265341217d7bac33e76f2d6d05a1289f5e2be1c340,red,online/offline; timeout/403/500; recuperación sin estado residual,"cola de contraste; evidencia previa debe reconciliarse, no significa nunca probado"
src/pages/CustodyChain.tsx,pagina,/custody-chain,inventoried_only,True,526b5a218f49dd8dcfc8d2265341217d7bac33e76f2d6d05a1289f5e2be1c340,mutacion,doble clic/reintento/concurrencia; idempotencia y auditoría,"cola de contraste; evidencia previa debe reconciliarse, no significa nunca probado"
src/pages/CustodyChain.tsx,pagina,/custody-chain,inventoried_only,True,526b5a218f49dd8dcfc8d2265341217d7bac33e76f2d6d05a1289f5e2be1c340,persistencia,guardar→leer de vuelta→recargar; cola→servidor→consumidor,"cola de contraste; evidencia previa debe reconciliarse, no significa nunca probado"
src/pages/CustodyChain.tsx,pagina,/custody-chain,inventoried_only,True,526b5a218f49dd8dcfc8d2265341217d7bac33e76f2d6d05a1289f5e2be1c340,ciclo_vida,background/proceso muerto; actualización PWA; versión antigua,"cola de contraste; evidencia previa debe reconciliarse, no significa nunca probado"
src/pages/CustodyChain.tsx,pagina,/custody-chain,inventoried_only,True,526b5a218f49dd8dcfc8d2265341217d7bac33e76f2d6d05a1289f5e2be1c340,salida,exportación/PDF/firma/compartir; integridad; revocación,"cola de contraste; evidencia previa debe reconciliarse, no significa nunca probado"
src/pages/CustodyChain.tsx,pagina,/custody-chain,inventoried_only,True,526b5a218f49dd8dcfc8d2265341217d7bac33e76f2d6d05a1289f5e2be1c340,dispositivo,web/Android; permisos revocados; OEM; sensores no disponibles,"cola de contraste; evidencia previa debe reconciliarse, no significa nunca probado"
src/pages/CustodyChain.tsx,pagina,/custody-chain,inventoried_only,True,526b5a218f49dd8dcfc8d2265341217d7bac33e76f2d6d05a1289f5e2be1c340,presentacion,idioma/accesibilidad; loading/error; no convertir falta de datos en seguro,"cola de contraste; evidencia previa debe reconciliarse, no significa nunca probado"
src/pages/DEAZones.tsx,pagina,/dea-zones,inventoried_only,True,0f3c91b348e9d3d4a73e8d8a7e6d8a64944002a97773bdcf5ceed18717c34d26,identidad,anónimo/autenticado; rol permitido/denegado; sesión expirada/revocada,"cola de contraste; evidencia previa debe reconciliarse, no significa nunca probado"
src/pages/DEAZones.tsx,pagina,/dea-zones,inventoried_only,True,0f3c91b348e9d3d4a73e8d8a7e6d8a64944002a97773bdcf5ceed18717c34d26,ambito,sin proyecto; A→B→A; cambio de empresa; respuesta tardía,"cola de contraste; evidencia previa debe reconciliarse, no significa nunca probado"
src/pages/DEAZones.tsx,pagina,/dea-zones,inventoried_only,True,0f3c91b348e9d3d4a73e8d8a7e6d8a64944002a97773bdcf5ceed18717c34d26,entrada,menú/URL/QR/push; arranque frío; demo frente a rama normal,"cola de contraste; evidencia previa debe reconciliarse, no significa nunca probado"
src/pages/DEAZones.tsx,pagina,/dea-zones,inventoried_only,True,0f3c91b348e9d3d4a73e8d8a7e6d8a64944002a97773bdcf5ceed18717c34d26,datos,vacío/inválido/antiguo; unidades y fechas; procedencia real,"cola de contraste; evidencia previa debe reconciliarse, no significa nunca probado"
src/pages/DEAZones.tsx,pagina,/dea-zones,inventoried_only,True,0f3c91b348e9d3d4a73e8d8a7e6d8a64944002a97773bdcf5ceed18717c34d26,red,online/offline; timeout/403/500; recuperación sin estado residual,"cola de contraste; evidencia previa debe reconciliarse, no significa nunca probado"
src/pages/DEAZones.tsx,pagina,/dea-zones,inventoried_only,True,0f3c91b348e9d3d4a73e8d8a7e6d8a64944002a97773bdcf5ceed18717c34d26,mutacion,doble clic/reintento/concurrencia; idempotencia y auditoría,"cola de contraste; evidencia previa debe reconciliarse, no significa nunca probado"
src/pages/DEAZones.tsx,pagina,/dea-zones,inventoried_only,True,0f3c91b348e9d3d4a73e8d8a7e6d8a64944002a97773bdcf5ceed18717c34d26,persistencia,guardar→leer de vuelta→recargar; cola→servidor→consumidor,"cola de contraste; evidencia previa debe reconciliarse, no significa nunca probado"
src/pages/DEAZones.tsx,pagina,/dea-zones,inventoried_only,True,0f3c91b348e9d3d4a73e8d8a7e6d8a64944002a97773bdcf5ceed18717c34d26,ciclo_vida,background/proceso muerto; actualización PWA; versión antigua,"cola de contraste; evidencia previa debe reconciliarse, no significa nunca probado"
src/pages/DEAZones.tsx,pagina,/dea-zones,inventoried_only,True,0f3c91b348e9d3d4a73e8d8a7e6d8a64944002a97773bdcf5ceed18717c34d26,salida,exportación/PDF/firma/compartir; integridad; revocación,"cola de contraste; evidencia previa debe reconciliarse, no significa nunca probado"
src/pages/DEAZones.tsx,pagina,/dea-zones,inventoried_only,True,0f3c91b348e9d3d4a73e8d8a7e6d8a64944002a97773bdcf5ceed18717c34d26,dispositivo,web/Android; permisos revocados; OEM; sensores no disponibles,"cola de contraste; evidencia previa debe reconciliarse, no significa nunca probado"
src/pages/DEAZones.tsx,pagina,/dea-zones,inventoried_only,True,0f3c91b348e9d3d4a73e8d8a7e6d8a64944002a97773bdcf5ceed18717c34d26,presentacion,idioma/accesibilidad; loading/error; no convertir falta de datos en seguro,"cola de contraste; evidencia previa debe reconciliarse, no significa nunca probado"
src/pages/Dashboard.tsx,pagina,/*,referenced_in_vault_depth_unverified,True,ef368f17b51335d2c2c37a3ae6a91b4fa5d23a02d65c8c887fee67ef2aa60a80,identidad,anónimo/autenticado; rol permitido/denegado; sesión expirada/revocada,"cola de contraste; evidencia previa debe reconciliarse, no significa nunca probado"
src/pages/Dashboard.tsx,pagina,/*,referenced_in_vault_depth_unverified,True,ef368f17b51335d2c2c37a3ae6a91b4fa5d23a02d65c8c887fee67ef2aa60a80,ambito,sin proyecto; A→B→A; cambio de empresa; respuesta tardía,"cola de contraste; evidencia previa debe reconciliarse, no significa nunca probado"
src/pages/Dashboard.tsx,pagina,/*,referenced_in_vault_depth_unverified,True,ef368f17b51335d2c2c37a3ae6a91b4fa5d23a02d65c8c887fee67ef2aa60a80,entrada,menú/URL/QR/push; arranque frío; demo frente a rama normal,"cola de contraste; evidencia previa debe reconciliarse, no significa nunca probado"
src/pages/Dashboard.tsx,pagina,/*,referenced_in_vault_depth_unverified,True,ef368f17b51335d2c2c37a3ae6a91b4fa5d23a02d65c8c887fee67ef2aa60a80,datos,vacío/inválido/antiguo; unidades y fechas; procedencia real,"cola de contraste; evidencia previa debe reconciliarse, no significa nunca probado"
src/pages/Dashboard.tsx,pagina,/*,referenced_in_vault_depth_unverified,True,ef368f17b51335d2c2c37a3ae6a91b4fa5d23a02d65c8c887fee67ef2aa60a80,red,online/offline; timeout/403/500; recuperación sin estado residual,"cola de contraste; evidencia previa debe reconciliarse, no significa nunca probado"
src/pages/Dashboard.tsx,pagina,/*,referenced_in_vault_depth_unverified,True,ef368f17b51335d2c2c37a3ae6a91b4fa5d23a02d65c8c887fee67ef2aa60a80,mutacion,doble clic/reintento/concurrencia; idempotencia y auditoría,"cola de contraste; evidencia previa debe reconciliarse, no significa nunca probado"
src/pages/Dashboard.tsx,pagina,/*,referenced_in_vault_depth_unverified,True,ef368f17b51335d2c2c37a3ae6a91b4fa5d23a02d65c8c887fee67ef2aa60a80,persistencia,guardar→leer de vuelta→recargar; cola→servidor→consumidor,"cola de contraste; evidencia previa debe reconciliarse, no significa nunca probado"
src/pages/Dashboard.tsx,pagina,/*,referenced_in_vault_depth_unverified,True,ef368f17b51335d2c2c37a3ae6a91b4fa5d23a02d65c8c887fee67ef2aa60a80,ciclo_vida,background/proceso muerto; actualización PWA; versión antigua,"cola de contraste; evidencia previa debe reconciliarse, no significa nunca probado"
src/pages/Dashboard.tsx,pagina,/*,referenced_in_vault_depth_unverified,True,ef368f17b51335d2c2c37a3ae6a91b4fa5d23a02d65c8c887fee67ef2aa60a80,salida,exportación/PDF/firma/compartir; integridad; revocación,"cola de contraste; evidencia previa debe reconciliarse, no significa nunca probado"
src/pages/Dashboard.tsx,pagina,/*,referenced_in_vault_depth_unverified,True,ef368f17b51335d2c2c37a3ae6a91b4fa5d23a02d65c8c887fee67ef2aa60a80,dispositivo,web/Android; permisos revocados; OEM; sensores no disponibles,"cola de contraste; evidencia previa debe reconciliarse, no significa nunca probado"
src/pages/Dashboard.tsx,pagina,/*,referenced_in_vault_depth_unverified,True,ef368f17b51335d2c2c37a3ae6a91b4fa5d23a02d65c8c887fee67ef2aa60a80,presentacion,idioma/accesibilidad; loading/error; no convertir falta de datos en seguro,"cola de contraste; evidencia previa debe reconciliarse, no significa nunca probado"
src/pages/DataConfidence.tsx,pagina,/data-confidence,inventoried_only,True,7571286231709c3e37f5b84a32371a85dd7614b37efebdc9ed693647bd68090a,identidad,anónimo/autenticado; rol permitido/denegado; sesión expirada/revocada,"cola de contraste; evidencia previa debe reconciliarse, no significa nunca probado"
src/pages/DataConfidence.tsx,pagina,/data-confidence,inventoried_only,True,7571286231709c3e37f5b84a32371a85dd7614b37efebdc9ed693647bd68090a,ambito,sin proyecto; A→B→A; cambio de empresa; respuesta tardía,"cola de contraste; evidencia previa debe reconciliarse, no significa nunca probado"
src/pages/DataConfidence.tsx,pagina,/data-confidence,inventoried_only,True,7571286231709c3e37f5b84a32371a85dd7614b37efebdc9ed693647bd68090a,entrada,menú/URL/QR/push; arranque frío; demo frente a rama normal,"cola de contraste; evidencia previa debe reconciliarse, no significa nunca probado"
src/pages/DataConfidence.tsx,pagina,/data-confidence,inventoried_only,True,7571286231709c3e37f5b84a32371a85dd7614b37efebdc9ed693647bd68090a,datos,vacío/inválido/antiguo; unidades y fechas; procedencia real,"cola de contraste; evidencia previa debe reconciliarse, no significa nunca probado"
src/pages/DataConfidence.tsx,pagina,/data-confidence,inventoried_only,True,7571286231709c3e37f5b84a32371a85dd7614b37efebdc9ed693647bd68090a,red,online/offline; timeout/403/500; recuperación sin estado residual,"cola de contraste; evidencia previa debe reconciliarse, no significa nunca probado"
src/pages/DataConfidence.tsx,pagina,/data-confidence,inventoried_only,True,7571286231709c3e37f5b84a32371a85dd7614b37efebdc9ed693647bd68090a,mutacion,doble clic/reintento/concurrencia; idempotencia y auditoría,"cola de contraste; evidencia previa debe reconciliarse, no significa nunca probado"
src/pages/DataConfidence.tsx,pagina,/data-confidence,inventoried_only,True,7571286231709c3e37f5b84a32371a85dd7614b37efebdc9ed693647bd68090a,persistencia,guardar→leer de vuelta→recargar; cola→servidor→consumidor,"cola de contraste; evidencia previa debe reconciliarse, no significa nunca probado"
src/pages/DataConfidence.tsx,pagina,/data-confidence,inventoried_only,True,7571286231709c3e37f5b84a32371a85dd7614b37efebdc9ed693647bd68090a,ciclo_vida,background/proceso muerto; actualización PWA; versión antigua,"cola de contraste; evidencia previa debe reconciliarse, no significa nunca probado"
src/pages/DataConfidence.tsx,pagina,/data-confidence,inventoried_only,True,7571286231709c3e37f5b84a32371a85dd7614b37efebdc9ed693647bd68090a,salida,exportación/PDF/firma/compartir; integridad; revocación,"cola de contraste; evidencia previa debe reconciliarse, no significa nunca probado"
src/pages/DataConfidence.tsx,pagina,/data-confidence,inventoried_only,True,7571286231709c3e37f5b84a32371a85dd7614b37efebdc9ed693647bd68090a,dispositivo,web/Android; permisos revocados; OEM; sensores no disponibles,"cola de contraste; evidencia previa debe reconciliarse, no significa nunca probado"
src/pages/DataConfidence.tsx,pagina,/data-confidence,inventoried_only,True,7571286231709c3e37f5b84a32371a85dd7614b37efebdc9ed693647bd68090a,presentacion,idioma/accesibilidad; loading/error; no convertir falta de datos en seguro,"cola de contraste; evidencia previa debe reconciliarse, no significa nunca probado"
src/pages/DeduplicationPage.tsx,pagina,/deduplication,inventoried_only,True,43ecc83aa20b350f314b3ccb1528b538cfbc80717d60af053317ae7833760f43,identidad,anónimo/autenticado; rol permitido/denegado; sesión expirada/revocada,"cola de contraste; evidencia previa debe reconciliarse, no significa nunca probado"
src/pages/DeduplicationPage.tsx,pagina,/deduplication,inventoried_only,True,43ecc83aa20b350f314b3ccb1528b538cfbc80717d60af053317ae7833760f43,ambito,sin proyecto; A→B→A; cambio de empresa; respuesta tardía,"cola de contraste; evidencia previa debe reconciliarse, no significa nunca probado"
src/pages/DeduplicationPage.tsx,pagina,/deduplication,inventoried_only,True,43ecc83aa20b350f314b3ccb1528b538cfbc80717d60af053317ae7833760f43,entrada,menú/URL/QR/push; arranque frío; demo frente a rama normal,"cola de contraste; evidencia previa debe reconciliarse, no significa nunca probado"
src/pages/DeduplicationPage.tsx,pagina,/deduplication,inventoried_only,True,43ecc83aa20b350f314b3ccb1528b538cfbc80717d60af053317ae7833760f43,datos,vacío/inválido/antiguo; unidades y fechas; procedencia real,"cola de contraste; evidencia previa debe reconciliarse, no significa nunca probado"
src/pages/DeduplicationPage.tsx,pagina,/deduplication,inventoried_only,True,43ecc83aa20b350f314b3ccb1528b538cfbc80717d60af053317ae7833760f43,red,online/offline; timeout/403/500; recuperación sin estado residual,"cola de contraste; evidencia previa debe reconciliarse, no significa nunca probado"
src/pages/DeduplicationPage.tsx,pagina,/deduplication,inventoried_only,True,43ecc83aa20b350f314b3ccb1528b538cfbc80717d60af053317ae7833760f43,mutacion,doble clic/reintento/concurrencia; idempotencia y auditoría,"cola de contraste; evidencia previa debe reconciliarse, no significa nunca probado"
src/pages/DeduplicationPage.tsx,pagina,/deduplication,inventoried_only,True,43ecc83aa20b350f314b3ccb1528b538cfbc80717d60af053317ae7833760f43,persistencia,guardar→leer de vuelta→recargar; cola→servidor→consumidor,"cola de contraste; evidencia previa debe reconciliarse, no significa nunca probado"
src/pages/DeduplicationPage.tsx,pagina,/deduplication,inventoried_only,True,43ecc83aa20b350f314b3ccb1528b538cfbc80717d60af053317ae7833760f43,ciclo_vida,background/proceso muerto; actualización PWA; versión antigua,"cola de contraste; evidencia previa debe reconciliarse, no significa nunca probado"
src/pages/DeduplicationPage.tsx,pagina,/deduplication,inventoried_only,True,43ecc83aa20b350f314b3ccb1528b538cfbc80717d60af053317ae7833760f43,salida,exportación/PDF/firma/compartir; integridad; revocación,"cola de contraste; evidencia previa debe reconciliarse, no significa nunca probado"
src/pages/DeduplicationPage.tsx,pagina,/deduplication,inventoried_only,True,43ecc83aa20b350f314b3ccb1528b538cfbc80717d60af053317ae7833760f43,dispositivo,web/Android; permisos revocados; OEM; sensores no disponibles,"cola de contraste; evidencia previa debe reconciliarse, no significa nunca probado"
src/pages/DeduplicationPage.tsx,pagina,/deduplication,inventoried_only,True,43ecc83aa20b350f314b3ccb1528b538cfbc80717d60af053317ae7833760f43,presentacion,idioma/accesibilidad; loading/error; no convertir falta de datos en seguro,"cola de contraste; evidencia previa debe reconciliarse, no significa nunca probado"
src/pages/DevPosterSeeder.tsx,pagina,/dev/poster-seeder,inventoried_only,True,71349196e761c46f5c342cf53d424aa2d548f733bcd625af4cea5704232e4109,identidad,anónimo/autenticado; rol permitido/denegado; sesión expirada/revocada,"cola de contraste; evidencia previa debe reconciliarse, no significa nunca probado"
src/pages/DevPosterSeeder.tsx,pagina,/dev/poster-seeder,inventoried_only,True,71349196e761c46f5c342cf53d424aa2d548f733bcd625af4cea5704232e4109,ambito,sin proyecto; A→B→A; cambio de empresa; respuesta tardía,"cola de contraste; evidencia previa debe reconciliarse, no significa nunca probado"
src/pages/DevPosterSeeder.tsx,pagina,/dev/poster-seeder,inventoried_only,True,71349196e761c46f5c342cf53d424aa2d548f733bcd625af4cea5704232e4109,entrada,menú/URL/QR/push; arranque frío; demo frente a rama normal,"cola de contraste; evidencia previa debe reconciliarse, no significa nunca probado"
src/pages/DevPosterSeeder.tsx,pagina,/dev/poster-seeder,inventoried_only,True,71349196e761c46f5c342cf53d424aa2d548f733bcd625af4cea5704232e4109,datos,vacío/inválido/antiguo; unidades y fechas; procedencia real,"cola de contraste; evidencia previa debe reconciliarse, no significa nunca probado"
src/pages/DevPosterSeeder.tsx,pagina,/dev/poster-seeder,inventoried_only,True,71349196e761c46f5c342cf53d424aa2d548f733bcd625af4cea5704232e4109,red,online/offline; timeout/403/500; recuperación sin estado residual,"cola de contraste; evidencia previa debe reconciliarse, no significa nunca probado"
src/pages/DevPosterSeeder.tsx,pagina,/dev/poster-seeder,inventoried_only,True,71349196e761c46f5c342cf53d424aa2d548f733bcd625af4cea5704232e4109,mutacion,doble clic/reintento/concurrencia; idempotencia y auditoría,"cola de contraste; evidencia previa debe reconciliarse, no significa nunca probado"
src/pages/DevPosterSeeder.tsx,pagina,/dev/poster-seeder,inventoried_only,True,71349196e761c46f5c342cf53d424aa2d548f733bcd625af4cea5704232e4109,persistencia,guardar→leer de vuelta→recargar; cola→servidor→consumidor,"cola de contraste; evidencia previa debe reconciliarse, no significa nunca probado"
src/pages/DevPosterSeeder.tsx,pagina,/dev/poster-seeder,inventoried_only,True,71349196e761c46f5c342cf53d424aa2d548f733bcd625af4cea5704232e4109,ciclo_vida,background/proceso muerto; actualización PWA; versión antigua,"cola de contraste; evidencia previa debe reconciliarse, no significa nunca probado"
src/pages/DevPosterSeeder.tsx,pagina,/dev/poster-seeder,inventoried_only,True,71349196e761c46f5c342cf53d424aa2d548f733bcd625af4cea5704232e4109,salida,exportación/PDF/firma/compartir; integridad; revocación,"cola de contraste; evidencia previa debe reconciliarse, no significa nunca probado"
src/pages/DevPosterSeeder.tsx,pagina,/dev/poster-seeder,inventoried_only,True,71349196e761c46f5c342cf53d424aa2d548f733bcd625af4cea5704232e4109,dispositivo,web/Android; permisos revocados; OEM; sensores no disponibles,"cola de contraste; evidencia previa debe reconciliarse, no significa nunca probado"
src/pages/DevPosterSeeder.tsx,pagina,/dev/poster-seeder,inventoried_only,True,71349196e761c46f5c342cf53d424aa2d548f733bcd625af4cea5704232e4109,presentacion,idioma/accesibilidad; loading/error; no convertir falta de datos en seguro,"cola de contraste; evidencia previa debe reconciliarse, no significa nunca probado"
src/pages/Diagnostico.tsx,pagina,/diagnostico,inventoried_only,True,d758650b915637119cc4cf1c1e79a5d85d95f2bb2bd52efabdf35d57181e8509,identidad,anónimo/autenticado; rol permitido/denegado; sesión expirada/revocada,"cola de contraste; evidencia previa debe reconciliarse, no significa nunca probado"
src/pages/Diagnostico.tsx,pagina,/diagnostico,inventoried_only,True,d758650b915637119cc4cf1c1e79a5d85d95f2bb2bd52efabdf35d57181e8509,ambito,sin proyecto; A→B→A; cambio de empresa; respuesta tardía,"cola de contraste; evidencia previa debe reconciliarse, no significa nunca probado"
src/pages/Diagnostico.tsx,pagina,/diagnostico,inventoried_only,True,d758650b915637119cc4cf1c1e79a5d85d95f2bb2bd52efabdf35d57181e8509,entrada,menú/URL/QR/push; arranque frío; demo frente a rama normal,"cola de contraste; evidencia previa debe reconciliarse, no significa nunca probado"
src/pages/Diagnostico.tsx,pagina,/diagnostico,inventoried_only,True,d758650b915637119cc4cf1c1e79a5d85d95f2bb2bd52efabdf35d57181e8509,datos,vacío/inválido/antiguo; unidades y fechas; procedencia real,"cola de contraste; evidencia previa debe reconciliarse, no significa nunca probado"
src/pages/Diagnostico.tsx,pagina,/diagnostico,inventoried_only,True,d758650b915637119cc4cf1c1e79a5d85d95f2bb2bd52efabdf35d57181e8509,red,online/offline; timeout/403/500; recuperación sin estado residual,"cola de contraste; evidencia previa debe reconciliarse, no significa nunca probado"
src/pages/Diagnostico.tsx,pagina,/diagnostico,inventoried_only,True,d758650b915637119cc4cf1c1e79a5d85d95f2bb2bd52efabdf35d57181e8509,mutacion,doble clic/reintento/concurrencia; idempotencia y auditoría,"cola de contraste; evidencia previa debe reconciliarse, no significa nunca probado"
src/pages/Diagnostico.tsx,pagina,/diagnostico,inventoried_only,True,d758650b915637119cc4cf1c1e79a5d85d95f2bb2bd52efabdf35d57181e8509,persistencia,guardar→leer de vuelta→recargar; cola→servidor→consumidor,"cola de contraste; evidencia previa debe reconciliarse, no significa nunca probado"
src/pages/Diagnostico.tsx,pagina,/diagnostico,inventoried_only,True,d758650b915637119cc4cf1c1e79a5d85d95f2bb2bd52efabdf35d57181e8509,ciclo_vida,background/proceso muerto; actualización PWA; versión antigua,"cola de contraste; evidencia previa debe reconciliarse, no significa nunca probado"
src/pages/Diagnostico.tsx,pagina,/diagnostico,inventoried_only,True,d758650b915637119cc4cf1c1e79a5d85d95f2bb2bd52efabdf35d57181e8509,salida,exportación/PDF/firma/compartir; integridad; revocación,"cola de contraste; evidencia previa debe reconciliarse, no significa nunca probado"
src/pages/Diagnostico.tsx,pagina,/diagnostico,inventoried_only,True,d758650b915637119cc4cf1c1e79a5d85d95f2bb2bd52efabdf35d57181e8509,dispositivo,web/Android; permisos revocados; OEM; sensores no disponibles,"cola de contraste; evidencia previa debe reconciliarse, no significa nunca probado"
src/pages/Diagnostico.tsx,pagina,/diagnostico,inventoried_only,True,d758650b915637119cc4cf1c1e79a5d85d95f2bb2bd52efabdf35d57181e8509,presentacion,idioma/accesibilidad; loading/error; no convertir falta de datos en seguro,"cola de contraste; evidencia previa debe reconciliarse, no significa nunca probado"
src/pages/DigitalTwinAR.tsx,pagina,/digital-twin/ar,inventoried_only,True,371d96d735d7584373cf0a29e952ffe770bbcd9e2dbe3b0e6c5f53dff4e7b858,identidad,anónimo/autenticado; rol permitido/denegado; sesión expirada/revocada,"cola de contraste; evidencia previa debe reconciliarse, no significa nunca probado"
src/pages/DigitalTwinAR.tsx,pagina,/digital-twin/ar,inventoried_only,True,371d96d735d7584373cf0a29e952ffe770bbcd9e2dbe3b0e6c5f53dff4e7b858,ambito,sin proyecto; A→B→A; cambio de empresa; respuesta tardía,"cola de contraste; evidencia previa debe reconciliarse, no significa nunca probado"
src/pages/DigitalTwinAR.tsx,pagina,/digital-twin/ar,inventoried_only,True,371d96d735d7584373cf0a29e952ffe770bbcd9e2dbe3b0e6c5f53dff4e7b858,entrada,menú/URL/QR/push; arranque frío; demo frente a rama normal,"cola de contraste; evidencia previa debe reconciliarse, no significa nunca probado"
src/pages/DigitalTwinAR.tsx,pagina,/digital-twin/ar,inventoried_only,True,371d96d735d7584373cf0a29e952ffe770bbcd9e2dbe3b0e6c5f53dff4e7b858,datos,vacío/inválido/antiguo; unidades y fechas; procedencia real,"cola de contraste; evidencia previa debe reconciliarse, no significa nunca probado"
src/pages/DigitalTwinAR.tsx,pagina,/digital-twin/ar,inventoried_only,True,371d96d735d7584373cf0a29e952ffe770bbcd9e2dbe3b0e6c5f53dff4e7b858,red,online/offline; timeout/403/500; recuperación sin estado residual,"cola de contraste; evidencia previa debe reconciliarse, no significa nunca probado"
src/pages/DigitalTwinAR.tsx,pagina,/digital-twin/ar,inventoried_only,True,371d96d735d7584373cf0a29e952ffe770bbcd9e2dbe3b0e6c5f53dff4e7b858,mutacion,doble clic/reintento/concurrencia; idempotencia y auditoría,"cola de contraste; evidencia previa debe reconciliarse, no significa nunca probado"
src/pages/DigitalTwinAR.tsx,pagina,/digital-twin/ar,inventoried_only,True,371d96d735d7584373cf0a29e952ffe770bbcd9e2dbe3b0e6c5f53dff4e7b858,persistencia,guardar→leer de vuelta→recargar; cola→servidor→consumidor,"cola de contraste; evidencia previa debe reconciliarse, no significa nunca probado"
src/pages/DigitalTwinAR.tsx,pagina,/digital-twin/ar,inventoried_only,True,371d96d735d7584373cf0a29e952ffe770bbcd9e2dbe3b0e6c5f53dff4e7b858,ciclo_vida,background/proceso muerto; actualización PWA; versión antigua,"cola de contraste; evidencia previa debe reconciliarse, no significa nunca probado"
src/pages/DigitalTwinAR.tsx,pagina,/digital-twin/ar,inventoried_only,True,371d96d735d7584373cf0a29e952ffe770bbcd9e2dbe3b0e6c5f53dff4e7b858,salida,exportación/PDF/firma/compartir; integridad; revocación,"cola de contraste; evidencia previa debe reconciliarse, no significa nunca probado"
src/pages/DigitalTwinAR.tsx,pagina,/digital-twin/ar,inventoried_only,True,371d96d735d7584373cf0a29e952ffe770bbcd9e2dbe3b0e6c5f53dff4e7b858,dispositivo,web/Android; permisos revocados; OEM; sensores no disponibles,"cola de contraste; evidencia previa debe reconciliarse, no significa nunca probado"
src/pages/DigitalTwinAR.tsx,pagina,/digital-twin/ar,inventoried_only,True,371d96d735d7584373cf0a29e952ffe770bbcd9e2dbe3b0e6c5f53dff4e7b858,presentacion,idioma/accesibilidad; loading/error; no convertir falta de datos en seguro,"cola de contraste; evidencia previa debe reconciliarse, no significa nunca probado"
src/pages/DigitalTwinFaena.tsx,pagina,/digital-twin,referenced_in_vault_depth_unverified,True,ac0190c323c18f1069701dadd9be5cd3c5aa7c887de12b9a0c8d9afe9e5866b8,identidad,anónimo/autenticado; rol permitido/denegado; sesión expirada/revocada,"cola de contraste; evidencia previa debe reconciliarse, no significa nunca probado"
src/pages/DigitalTwinFaena.tsx,pagina,/digital-twin,referenced_in_vault_depth_unverified,True,ac0190c323c18f1069701dadd9be5cd3c5aa7c887de12b9a0c8d9afe9e5866b8,ambito,sin proyecto; A→B→A; cambio de empresa; respuesta tardía,"cola de contraste; evidencia previa debe reconciliarse, no significa nunca probado"
src/pages/DigitalTwinFaena.tsx,pagina,/digital-twin,referenced_in_vault_depth_unverified,True,ac0190c323c18f1069701dadd9be5cd3c5aa7c887de12b9a0c8d9afe9e5866b8,entrada,menú/URL/QR/push; arranque frío; demo frente a rama normal,"cola de contraste; evidencia previa debe reconciliarse, no significa nunca probado"
src/pages/DigitalTwinFaena.tsx,pagina,/digital-twin,referenced_in_vault_depth_unverified,True,ac0190c323c18f1069701dadd9be5cd3c5aa7c887de12b9a0c8d9afe9e5866b8,datos,vacío/inválido/antiguo; unidades y fechas; procedencia real,"cola de contraste; evidencia previa debe reconciliarse, no significa nunca probado"
src/pages/DigitalTwinFaena.tsx,pagina,/digital-twin,referenced_in_vault_depth_unverified,True,ac0190c323c18f1069701dadd9be5cd3c5aa7c887de12b9a0c8d9afe9e5866b8,red,online/offline; timeout/403/500; recuperación sin estado residual,"cola de contraste; evidencia previa debe reconciliarse, no significa nunca probado"
src/pages/DigitalTwinFaena.tsx,pagina,/digital-twin,referenced_in_vault_depth_unverified,True,ac0190c323c18f1069701dadd9be5cd3c5aa7c887de12b9a0c8d9afe9e5866b8,mutacion,doble clic/reintento/concurrencia; idempotencia y auditoría,"cola de contraste; evidencia previa debe reconciliarse, no significa nunca probado"
src/pages/DigitalTwinFaena.tsx,pagina,/digital-twin,referenced_in_vault_depth_unverified,True,ac0190c323c18f1069701dadd9be5cd3c5aa7c887de12b9a0c8d9afe9e5866b8,persistencia,guardar→leer de vuelta→recargar; cola→servidor→consumidor,"cola de contraste; evidencia previa debe reconciliarse, no significa nunca probado"
src/pages/DigitalTwinFaena.tsx,pagina,/digital-twin,referenced_in_vault_depth_unverified,True,ac0190c323c18f1069701dadd9be5cd3c5aa7c887de12b9a0c8d9afe9e5866b8,ciclo_vida,background/proceso muerto; actualización PWA; versión antigua,"cola de contraste; evidencia previa debe reconciliarse, no significa nunca probado"
src/pages/DigitalTwinFaena.tsx,pagina,/digital-twin,referenced_in_vault_depth_unverified,True,ac0190c323c18f1069701dadd9be5cd3c5aa7c887de12b9a0c8d9afe9e5866b8,salida,exportación/PDF/firma/compartir; integridad; revocación,"cola de contraste; evidencia previa debe reconciliarse, no significa nunca probado"
src/pages/DigitalTwinFaena.tsx,pagina,/digital-twin,referenced_in_vault_depth_unverified,True,ac0190c323c18f1069701dadd9be5cd3c5aa7c887de12b9a0c8d9afe9e5866b8,dispositivo,web/Android; permisos revocados; OEM; sensores no disponibles,"cola de contraste; evidencia previa debe reconciliarse, no significa nunca probado"
src/pages/DigitalTwinFaena.tsx,pagina,/digital-twin,referenced_in_vault_depth_unverified,True,ac0190c323c18f1069701dadd9be5cd3c5aa7c887de12b9a0c8d9afe9e5866b8,presentacion,idioma/accesibilidad; loading/error; no convertir falta de datos en seguro,"cola de contraste; evidencia previa debe reconciliarse, no significa nunca probado"
src/pages/DocumentOCRManager.tsx,pagina,/document-ocr,inventoried_only,True,78c0c834ab3b4ed14802876225d2e48d87ac2a815417214646d568da016c76b0,identidad,anónimo/autenticado; rol permitido/denegado; sesión expirada/revocada,"cola de contraste; evidencia previa debe reconciliarse, no significa nunca probado"
src/pages/DocumentOCRManager.tsx,pagina,/document-ocr,inventoried_only,True,78c0c834ab3b4ed14802876225d2e48d87ac2a815417214646d568da016c76b0,ambito,sin proyecto; A→B→A; cambio de empresa; respuesta tardía,"cola de contraste; evidencia previa debe reconciliarse, no significa nunca probado"
src/pages/DocumentOCRManager.tsx,pagina,/document-ocr,inventoried_only,True,78c0c834ab3b4ed14802876225d2e48d87ac2a815417214646d568da016c76b0,entrada,menú/URL/QR/push; arranque frío; demo frente a rama normal,"cola de contraste; evidencia previa debe reconciliarse, no significa nunca probado"
src/pages/DocumentOCRManager.tsx,pagina,/document-ocr,inventoried_only,True,78c0c834ab3b4ed14802876225d2e48d87ac2a815417214646d568da016c76b0,datos,vacío/inválido/antiguo; unidades y fechas; procedencia real,"cola de contraste; evidencia previa debe reconciliarse, no significa nunca probado"
src/pages/DocumentOCRManager.tsx,pagina,/document-ocr,inventoried_only,True,78c0c834ab3b4ed14802876225d2e48d87ac2a815417214646d568da016c76b0,red,online/offline; timeout/403/500; recuperación sin estado residual,"cola de contraste; evidencia previa debe reconciliarse, no significa nunca probado"
src/pages/DocumentOCRManager.tsx,pagina,/document-ocr,inventoried_only,True,78c0c834ab3b4ed14802876225d2e48d87ac2a815417214646d568da016c76b0,mutacion,doble clic/reintento/concurrencia; idempotencia y auditoría,"cola de contraste; evidencia previa debe reconciliarse, no significa nunca probado"
src/pages/DocumentOCRManager.tsx,pagina,/document-ocr,inventoried_only,True,78c0c834ab3b4ed14802876225d2e48d87ac2a815417214646d568da016c76b0,persistencia,guardar→leer de vuelta→recargar; cola→servidor→consumidor,"cola de contraste; evidencia previa debe reconciliarse, no significa nunca probado"
src/pages/DocumentOCRManager.tsx,pagina,/document-ocr,inventoried_only,True,78c0c834ab3b4ed14802876225d2e48d87ac2a815417214646d568da016c76b0,ciclo_vida,background/proceso muerto; actualización PWA; versión antigua,"cola de contraste; evidencia previa debe reconciliarse, no significa nunca probado"
src/pages/DocumentOCRManager.tsx,pagina,/document-ocr,inventoried_only,True,78c0c834ab3b4ed14802876225d2e48d87ac2a815417214646d568da016c76b0,salida,exportación/PDF/firma/compartir; integridad; revocación,"cola de contraste; evidencia previa debe reconciliarse, no significa nunca probado"
src/pages/DocumentOCRManager.tsx,pagina,/document-ocr,inventoried_only,True,78c0c834ab3b4ed14802876225d2e48d87ac2a815417214646d568da016c76b0,dispositivo,web/Android; permisos revocados; OEM; sensores no disponibles,"cola de contraste; evidencia previa debe reconciliarse, no significa nunca probado"
src/pages/DocumentOCRManager.tsx,pagina,/document-ocr,inventoried_only,True,78c0c834ab3b4ed14802876225d2e48d87ac2a815417214646d568da016c76b0,presentacion,idioma/accesibilidad; loading/error; no convertir falta de datos en seguro,"cola de contraste; evidencia previa debe reconciliarse, no significa nunca probado"
src/pages/DocumentReadConfirm.tsx,pagina,/document-read,inventoried_only,True,5df622933ab4f04642a44785c9f6f90012cd0f8153345fa364409dc931528d6b,identidad,anónimo/autenticado; rol permitido/denegado; sesión expirada/revocada,"cola de contraste; evidencia previa debe reconciliarse, no significa nunca probado"
src/pages/DocumentReadConfirm.tsx,pagina,/document-read,inventoried_only,True,5df622933ab4f04642a44785c9f6f90012cd0f8153345fa364409dc931528d6b,ambito,sin proyecto; A→B→A; cambio de empresa; respuesta tardía,"cola de contraste; evidencia previa debe reconciliarse, no significa nunca probado"
src/pages/DocumentReadConfirm.tsx,pagina,/document-read,inventoried_only,True,5df622933ab4f04642a44785c9f6f90012cd0f8153345fa364409dc931528d6b,entrada,menú/URL/QR/push; arranque frío; demo frente a rama normal,"cola de contraste; evidencia previa debe reconciliarse, no significa nunca probado"
src/pages/DocumentReadConfirm.tsx,pagina,/document-read,inventoried_only,True,5df622933ab4f04642a44785c9f6f90012cd0f8153345fa364409dc931528d6b,datos,vacío/inválido/antiguo; unidades y fechas; procedencia real,"cola de contraste; evidencia previa debe reconciliarse, no significa nunca probado"
src/pages/DocumentReadConfirm.tsx,pagina,/document-read,inventoried_only,True,5df622933ab4f04642a44785c9f6f90012cd0f8153345fa364409dc931528d6b,red,online/offline; timeout/403/500; recuperación sin estado residual,"cola de contraste; evidencia previa debe reconciliarse, no significa nunca probado"
src/pages/DocumentReadConfirm.tsx,pagina,/document-read,inventoried_only,True,5df622933ab4f04642a44785c9f6f90012cd0f8153345fa364409dc931528d6b,mutacion,doble clic/reintento/concurrencia; idempotencia y auditoría,"cola de contraste; evidencia previa debe reconciliarse, no significa nunca probado"
src/pages/DocumentReadConfirm.tsx,pagina,/document-read,inventoried_only,True,5df622933ab4f04642a44785c9f6f90012cd0f8153345fa364409dc931528d6b,persistencia,guardar→leer de vuelta→recargar; cola→servidor→consumidor,"cola de contraste; evidencia previa debe reconciliarse, no significa nunca probado"
src/pages/DocumentReadConfirm.tsx,pagina,/document-read,inventoried_only,True,5df622933ab4f04642a44785c9f6f90012cd0f8153345fa364409dc931528d6b,ciclo_vida,background/proceso muerto; actualización PWA; versión antigua,"cola de contraste; evidencia previa debe reconciliarse, no significa nunca probado"
src/pages/DocumentReadConfirm.tsx,pagina,/document-read,inventoried_only,True,5df622933ab4f04642a44785c9f6f90012cd0f8153345fa364409dc931528d6b,salida,exportación/PDF/firma/compartir; integridad; revocación,"cola de contraste; evidencia previa debe reconciliarse, no significa nunca probado"
src/pages/DocumentReadConfirm.tsx,pagina,/document-read,inventoried_only,True,5df622933ab4f04642a44785c9f6f90012cd0f8153345fa364409dc931528d6b,dispositivo,web/Android; permisos revocados; OEM; sensores no disponibles,"cola de contraste; evidencia previa debe reconciliarse, no significa nunca probado"
src/pages/DocumentReadConfirm.tsx,pagina,/document-read,inventoried_only,True,5df622933ab4f04642a44785c9f6f90012cd0f8153345fa364409dc931528d6b,presentacion,idioma/accesibilidad; loading/error; no convertir falta de datos en seguro,"cola de contraste; evidencia previa debe reconciliarse, no significa nunca probado"
src/pages/DocumentViewer.tsx,pagina,/documents/:id,inventoried_only,True,fc3e93717c5f468d7739dfaea90ceeb0af921cb5c9e89d15b2562ae644263e96,identidad,anónimo/autenticado; rol permitido/denegado; sesión expirada/revocada,"cola de contraste; evidencia previa debe reconciliarse, no significa nunca probado"
src/pages/DocumentViewer.tsx,pagina,/documents/:id,inventoried_only,True,fc3e93717c5f468d7739dfaea90ceeb0af921cb5c9e89d15b2562ae644263e96,ambito,sin proyecto; A→B→A; cambio de empresa; respuesta tardía,"cola de contraste; evidencia previa debe reconciliarse, no significa nunca probado"
src/pages/DocumentViewer.tsx,pagina,/documents/:id,inventoried_only,True,fc3e93717c5f468d7739dfaea90ceeb0af921cb5c9e89d15b2562ae644263e96,entrada,menú/URL/QR/push; arranque frío; demo frente a rama normal,"cola de contraste; evidencia previa debe reconciliarse, no significa nunca probado"
src/pages/DocumentViewer.tsx,pagina,/documents/:id,inventoried_only,True,fc3e93717c5f468d7739dfaea90ceeb0af921cb5c9e89d15b2562ae644263e96,datos,vacío/inválido/antiguo; unidades y fechas; procedencia real,"cola de contraste; evidencia previa debe reconciliarse, no significa nunca probado"
src/pages/DocumentViewer.tsx,pagina,/documents/:id,inventoried_only,True,fc3e93717c5f468d7739dfaea90ceeb0af921cb5c9e89d15b2562ae644263e96,red,online/offline; timeout/403/500; recuperación sin estado residual,"cola de contraste; evidencia previa debe reconciliarse, no significa nunca probado"
src/pages/DocumentViewer.tsx,pagina,/documents/:id,inventoried_only,True,fc3e93717c5f468d7739dfaea90ceeb0af921cb5c9e89d15b2562ae644263e96,mutacion,doble clic/reintento/concurrencia; idempotencia y auditoría,"cola de contraste; evidencia previa debe reconciliarse, no significa nunca probado"
src/pages/DocumentViewer.tsx,pagina,/documents/:id,inventoried_only,True,fc3e93717c5f468d7739dfaea90ceeb0af921cb5c9e89d15b2562ae644263e96,persistencia,guardar→leer de vuelta→recargar; cola→servidor→consumidor,"cola de contraste; evidencia previa debe reconciliarse, no significa nunca probado"
src/pages/DocumentViewer.tsx,pagina,/documents/:id,inventoried_only,True,fc3e93717c5f468d7739dfaea90ceeb0af921cb5c9e89d15b2562ae644263e96,ciclo_vida,background/proceso muerto; actualización PWA; versión antigua,"cola de contraste; evidencia previa debe reconciliarse, no significa nunca probado"
src/pages/DocumentViewer.tsx,pagina,/documents/:id,inventoried_only,True,fc3e93717c5f468d7739dfaea90ceeb0af921cb5c9e89d15b2562ae644263e96,salida,exportación/PDF/firma/compartir; integridad; revocación,"cola de contraste; evidencia previa debe reconciliarse, no significa nunca probado"
src/pages/DocumentViewer.tsx,pagina,/documents/:id,inventoried_only,True,fc3e93717c5f468d7739dfaea90ceeb0af921cb5c9e89d15b2562ae644263e96,dispositivo,web/Android; permisos revocados; OEM; sensores no disponibles,"cola de contraste; evidencia previa debe reconciliarse, no significa nunca probado"
src/pages/DocumentViewer.tsx,pagina,/documents/:id,inventoried_only,True,fc3e93717c5f468d7739dfaea90ceeb0af921cb5c9e89d15b2562ae644263e96,presentacion,idioma/accesibilidad; loading/error; no convertir falta de datos en seguro,"cola de contraste; evidencia previa debe reconciliarse, no significa nunca probado"
src/pages/Documents.tsx,pagina,/documents,inventoried_only,True,1b16973d177a5076d339ef6678813d1c7d201eb1d1b8a98e8ea422cdd9794a9a,identidad,anónimo/autenticado; rol permitido/denegado; sesión expirada/revocada,"cola de contraste; evidencia previa debe reconciliarse, no significa nunca probado"
src/pages/Documents.tsx,pagina,/documents,inventoried_only,True,1b16973d177a5076d339ef6678813d1c7d201eb1d1b8a98e8ea422cdd9794a9a,ambito,sin proyecto; A→B→A; cambio de empresa; respuesta tardía,"cola de contraste; evidencia previa debe reconciliarse, no significa nunca probado"
src/pages/Documents.tsx,pagina,/documents,inventoried_only,True,1b16973d177a5076d339ef6678813d1c7d201eb1d1b8a98e8ea422cdd9794a9a,entrada,menú/URL/QR/push; arranque frío; demo frente a rama normal,"cola de contraste; evidencia previa debe reconciliarse, no significa nunca probado"
src/pages/Documents.tsx,pagina,/documents,inventoried_only,True,1b16973d177a5076d339ef6678813d1c7d201eb1d1b8a98e8ea422cdd9794a9a,datos,vacío/inválido/antiguo; unidades y fechas; procedencia real,"cola de contraste; evidencia previa debe reconciliarse, no significa nunca probado"
src/pages/Documents.tsx,pagina,/documents,inventoried_only,True,1b16973d177a5076d339ef6678813d1c7d201eb1d1b8a98e8ea422cdd9794a9a,red,online/offline; timeout/403/500; recuperación sin estado residual,"cola de contraste; evidencia previa debe reconciliarse, no significa nunca probado"
src/pages/Documents.tsx,pagina,/documents,inventoried_only,True,1b16973d177a5076d339ef6678813d1c7d201eb1d1b8a98e8ea422cdd9794a9a,mutacion,doble clic/reintento/concurrencia; idempotencia y auditoría,"cola de contraste; evidencia previa debe reconciliarse, no significa nunca probado"
src/pages/Documents.tsx,pagina,/documents,inventoried_only,True,1b16973d177a5076d339ef6678813d1c7d201eb1d1b8a98e8ea422cdd9794a9a,persistencia,guardar→leer de vuelta→recargar; cola→servidor→consumidor,"cola de contraste; evidencia previa debe reconciliarse, no significa nunca probado"
src/pages/Documents.tsx,pagina,/documents,inventoried_only,True,1b16973d177a5076d339ef6678813d1c7d201eb1d1b8a98e8ea422cdd9794a9a,ciclo_vida,background/proceso muerto; actualización PWA; versión antigua,"cola de contraste; evidencia previa debe reconciliarse, no significa nunca probado"
src/pages/Documents.tsx,pagina,/documents,inventoried_only,True,1b16973d177a5076d339ef6678813d1c7d201eb1d1b8a98e8ea422cdd9794a9a,salida,exportación/PDF/firma/compartir; integridad; revocación,"cola de contraste; evidencia previa debe reconciliarse, no significa nunca probado"
src/pages/Documents.tsx,pagina,/documents,inventoried_only,True,1b16973d177a5076d339ef6678813d1c7d201eb1d1b8a98e8ea422cdd9794a9a,dispositivo,web/Android; permisos revocados; OEM; sensores no disponibles,"cola de contraste; evidencia previa debe reconciliarse, no significa nunca probado"
src/pages/Documents.tsx,pagina,/documents,inventoried_only,True,1b16973d177a5076d339ef6678813d1c7d201eb1d1b8a98e8ea422cdd9794a9a,presentacion,idioma/accesibilidad; loading/error; no convertir falta de datos en seguro,"cola de contraste; evidencia previa debe reconciliarse, no significa nunca probado"
src/pages/DrillsManager.tsx,pagina,/drills,referenced_in_vault_depth_unverified,True,12aa3097628c6f4a7971def334fa61de460f665a3b0d8ecd4fbd86e9353cc60c,identidad,anónimo/autenticado; rol permitido/denegado; sesión expirada/revocada,"cola de contraste; evidencia previa debe reconciliarse, no significa nunca probado"
src/pages/DrillsManager.tsx,pagina,/drills,referenced_in_vault_depth_unverified,True,12aa3097628c6f4a7971def334fa61de460f665a3b0d8ecd4fbd86e9353cc60c,ambito,sin proyecto; A→B→A; cambio de empresa; respuesta tardía,"cola de contraste; evidencia previa debe reconciliarse, no significa nunca probado"
src/pages/DrillsManager.tsx,pagina,/drills,referenced_in_vault_depth_unverified,True,12aa3097628c6f4a7971def334fa61de460f665a3b0d8ecd4fbd86e9353cc60c,entrada,menú/URL/QR/push; arranque frío; demo frente a rama normal,"cola de contraste; evidencia previa debe reconciliarse, no significa nunca probado"
src/pages/DrillsManager.tsx,pagina,/drills,referenced_in_vault_depth_unverified,True,12aa3097628c6f4a7971def334fa61de460f665a3b0d8ecd4fbd86e9353cc60c,datos,vacío/inválido/antiguo; unidades y fechas; procedencia real,"cola de contraste; evidencia previa debe reconciliarse, no significa nunca probado"
src/pages/DrillsManager.tsx,pagina,/drills,referenced_in_vault_depth_unverified,True,12aa3097628c6f4a7971def334fa61de460f665a3b0d8ecd4fbd86e9353cc60c,red,online/offline; timeout/403/500; recuperación sin estado residual,"cola de contraste; evidencia previa debe reconciliarse, no significa nunca probado"
src/pages/DrillsManager.tsx,pagina,/drills,referenced_in_vault_depth_unverified,True,12aa3097628c6f4a7971def334fa61de460f665a3b0d8ecd4fbd86e9353cc60c,mutacion,doble clic/reintento/concurrencia; idempotencia y auditoría,"cola de contraste; evidencia previa debe reconciliarse, no significa nunca probado"
src/pages/DrillsManager.tsx,pagina,/drills,referenced_in_vault_depth_unverified,True,12aa3097628c6f4a7971def334fa61de460f665a3b0d8ecd4fbd86e9353cc60c,persistencia,guardar→leer de vuelta→recargar; cola→servidor→consumidor,"cola de contraste; evidencia previa debe reconciliarse, no significa nunca probado"
src/pages/DrillsManager.tsx,pagina,/drills,referenced_in_vault_depth_unverified,True,12aa3097628c6f4a7971def334fa61de460f665a3b0d8ecd4fbd86e9353cc60c,ciclo_vida,background/proceso muerto; actualización PWA; versión antigua,"cola de contraste; evidencia previa debe reconciliarse, no significa nunca probado"
src/pages/DrillsManager.tsx,pagina,/drills,referenced_in_vault_depth_unverified,True,12aa3097628c6f4a7971def334fa61de460f665a3b0d8ecd4fbd86e9353cc60c,salida,exportación/PDF/firma/compartir; integridad; revocación,"cola de contraste; evidencia previa debe reconciliarse, no significa nunca probado"
src/pages/DrillsManager.tsx,pagina,/drills,referenced_in_vault_depth_unverified,True,12aa3097628c6f4a7971def334fa61de460f665a3b0d8ecd4fbd86e9353cc60c,dispositivo,web/Android; permisos revocados; OEM; sensores no disponibles,"cola de contraste; evidencia previa debe reconciliarse, no significa nunca probado"
src/pages/DrillsManager.tsx,pagina,/drills,referenced_in_vault_depth_unverified,True,12aa3097628c6f4a7971def334fa61de460f665a3b0d8ecd4fbd86e9353cc60c,presentacion,idioma/accesibilidad; loading/error; no convertir falta de datos en seguro,"cola de contraste; evidencia previa debe reconciliarse, no significa nunca probado"
src/pages/Driving.tsx,pagina,/driving,inventoried_only,True,88d211ca11aa3fb161a1cfac17657530fcbc60e3ccbc2a87ff5e35fe27845655,identidad,anónimo/autenticado; rol permitido/denegado; sesión expirada/revocada,"cola de contraste; evidencia previa debe reconciliarse, no significa nunca probado"
src/pages/Driving.tsx,pagina,/driving,inventoried_only,True,88d211ca11aa3fb161a1cfac17657530fcbc60e3ccbc2a87ff5e35fe27845655,ambito,sin proyecto; A→B→A; cambio de empresa; respuesta tardía,"cola de contraste; evidencia previa debe reconciliarse, no significa nunca probado"
src/pages/Driving.tsx,pagina,/driving,inventoried_only,True,88d211ca11aa3fb161a1cfac17657530fcbc60e3ccbc2a87ff5e35fe27845655,entrada,menú/URL/QR/push; arranque frío; demo frente a rama normal,"cola de contraste; evidencia previa debe reconciliarse, no significa nunca probado"
src/pages/Driving.tsx,pagina,/driving,inventoried_only,True,88d211ca11aa3fb161a1cfac17657530fcbc60e3ccbc2a87ff5e35fe27845655,datos,vacío/inválido/antiguo; unidades y fechas; procedencia real,"cola de contraste; evidencia previa debe reconciliarse, no significa nunca probado"
src/pages/Driving.tsx,pagina,/driving,inventoried_only,True,88d211ca11aa3fb161a1cfac17657530fcbc60e3ccbc2a87ff5e35fe27845655,red,online/offline; timeout/403/500; recuperación sin estado residual,"cola de contraste; evidencia previa debe reconciliarse, no significa nunca probado"
src/pages/Driving.tsx,pagina,/driving,inventoried_only,True,88d211ca11aa3fb161a1cfac17657530fcbc60e3ccbc2a87ff5e35fe27845655,mutacion,doble clic/reintento/concurrencia; idempotencia y auditoría,"cola de contraste; evidencia previa debe reconciliarse, no significa nunca probado"
src/pages/Driving.tsx,pagina,/driving,inventoried_only,True,88d211ca11aa3fb161a1cfac17657530fcbc60e3ccbc2a87ff5e35fe27845655,persistencia,guardar→leer de vuelta→recargar; cola→servidor→consumidor,"cola de contraste; evidencia previa debe reconciliarse, no significa nunca probado"
src/pages/Driving.tsx,pagina,/driving,inventoried_only,True,88d211ca11aa3fb161a1cfac17657530fcbc60e3ccbc2a87ff5e35fe27845655,ciclo_vida,background/proceso muerto; actualización PWA; versión antigua,"cola de contraste; evidencia previa debe reconciliarse, no significa nunca probado"
src/pages/Driving.tsx,pagina,/driving,inventoried_only,True,88d211ca11aa3fb161a1cfac17657530fcbc60e3ccbc2a87ff5e35fe27845655,salida,exportación/PDF/firma/compartir; integridad; revocación,"cola de contraste; evidencia previa debe reconciliarse, no significa nunca probado"
src/pages/Driving.tsx,pagina,/driving,inventoried_only,True,88d211ca11aa3fb161a1cfac17657530fcbc60e3ccbc2a87ff5e35fe27845655,dispositivo,web/Android; permisos revocados; OEM; sensores no disponibles,"cola de contraste; evidencia previa debe reconciliarse, no significa nunca probado"
src/pages/Driving.tsx,pagina,/driving,inventoried_only,True,88d211ca11aa3fb161a1cfac17657530fcbc60e3ccbc2a87ff5e35fe27845655,presentacion,idioma/accesibilidad; loading/error; no convertir falta de datos en seguro,"cola de contraste; evidencia previa debe reconciliarse, no significa nunca probado"
src/pages/Ds67Simulator.tsx,pagina,/ds67-simulator,inventoried_only,True,814aa9e1b0c3744a884c6cdeb0fdd01dcbf6d9294af6df0c5a0929fafbb440b8,identidad,anónimo/autenticado; rol permitido/denegado; sesión expirada/revocada,"cola de contraste; evidencia previa debe reconciliarse, no significa nunca probado"
src/pages/Ds67Simulator.tsx,pagina,/ds67-simulator,inventoried_only,True,814aa9e1b0c3744a884c6cdeb0fdd01dcbf6d9294af6df0c5a0929fafbb440b8,ambito,sin proyecto; A→B→A; cambio de empresa; respuesta tardía,"cola de contraste; evidencia previa debe reconciliarse, no significa nunca probado"
src/pages/Ds67Simulator.tsx,pagina,/ds67-simulator,inventoried_only,True,814aa9e1b0c3744a884c6cdeb0fdd01dcbf6d9294af6df0c5a0929fafbb440b8,entrada,menú/URL/QR/push; arranque frío; demo frente a rama normal,"cola de contraste; evidencia previa debe reconciliarse, no significa nunca probado"
src/pages/Ds67Simulator.tsx,pagina,/ds67-simulator,inventoried_only,True,814aa9e1b0c3744a884c6cdeb0fdd01dcbf6d9294af6df0c5a0929fafbb440b8,datos,vacío/inválido/antiguo; unidades y fechas; procedencia real,"cola de contraste; evidencia previa debe reconciliarse, no significa nunca probado"
src/pages/Ds67Simulator.tsx,pagina,/ds67-simulator,inventoried_only,True,814aa9e1b0c3744a884c6cdeb0fdd01dcbf6d9294af6df0c5a0929fafbb440b8,red,online/offline; timeout/403/500; recuperación sin estado residual,"cola de contraste; evidencia previa debe reconciliarse, no significa nunca probado"
src/pages/Ds67Simulator.tsx,pagina,/ds67-simulator,inventoried_only,True,814aa9e1b0c3744a884c6cdeb0fdd01dcbf6d9294af6df0c5a0929fafbb440b8,mutacion,doble clic/reintento/concurrencia; idempotencia y auditoría,"cola de contraste; evidencia previa debe reconciliarse, no significa nunca probado"
src/pages/Ds67Simulator.tsx,pagina,/ds67-simulator,inventoried_only,True,814aa9e1b0c3744a884c6cdeb0fdd01dcbf6d9294af6df0c5a0929fafbb440b8,persistencia,guardar→leer de vuelta→recargar; cola→servidor→consumidor,"cola de contraste; evidencia previa debe reconciliarse, no significa nunca probado"
src/pages/Ds67Simulator.tsx,pagina,/ds67-simulator,inventoried_only,True,814aa9e1b0c3744a884c6cdeb0fdd01dcbf6d9294af6df0c5a0929fafbb440b8,ciclo_vida,background/proceso muerto; actualización PWA; versión antigua,"cola de contraste; evidencia previa debe reconciliarse, no significa nunca probado"
src/pages/Ds67Simulator.tsx,pagina,/ds67-simulator,inventoried_only,True,814aa9e1b0c3744a884c6cdeb0fdd01dcbf6d9294af6df0c5a0929fafbb440b8,salida,exportación/PDF/firma/compartir; integridad; revocación,"cola de contraste; evidencia previa debe reconciliarse, no significa nunca probado"
src/pages/Ds67Simulator.tsx,pagina,/ds67-simulator,inventoried_only,True,814aa9e1b0c3744a884c6cdeb0fdd01dcbf6d9294af6df0c5a0929fafbb440b8,dispositivo,web/Android; permisos revocados; OEM; sensores no disponibles,"cola de contraste; evidencia previa debe reconciliarse, no significa nunca probado"
src/pages/Ds67Simulator.tsx,pagina,/ds67-simulator,inventoried_only,True,814aa9e1b0c3744a884c6cdeb0fdd01dcbf6d9294af6df0c5a0929fafbb440b8,presentacion,idioma/accesibilidad; loading/error; no convertir falta de datos en seguro,"cola de contraste; evidencia previa debe reconciliarse, no significa nunca probado"
src/pages/EPP.tsx,pagina,/epp,inventoried_only,True,4d7801132fd57d1d9207effdce0607de499b843bad4e774681df661d64c4f20d,identidad,anónimo/autenticado; rol permitido/denegado; sesión expirada/revocada,"cola de contraste; evidencia previa debe reconciliarse, no significa nunca probado"
src/pages/EPP.tsx,pagina,/epp,inventoried_only,True,4d7801132fd57d1d9207effdce0607de499b843bad4e774681df661d64c4f20d,ambito,sin proyecto; A→B→A; cambio de empresa; respuesta tardía,"cola de contraste; evidencia previa debe reconciliarse, no significa nunca probado"
src/pages/EPP.tsx,pagina,/epp,inventoried_only,True,4d7801132fd57d1d9207effdce0607de499b843bad4e774681df661d64c4f20d,entrada,menú/URL/QR/push; arranque frío; demo frente a rama normal,"cola de contraste; evidencia previa debe reconciliarse, no significa nunca probado"
src/pages/EPP.tsx,pagina,/epp,inventoried_only,True,4d7801132fd57d1d9207effdce0607de499b843bad4e774681df661d64c4f20d,datos,vacío/inválido/antiguo; unidades y fechas; procedencia real,"cola de contraste; evidencia previa debe reconciliarse, no significa nunca probado"
src/pages/EPP.tsx,pagina,/epp,inventoried_only,True,4d7801132fd57d1d9207effdce0607de499b843bad4e774681df661d64c4f20d,red,online/offline; timeout/403/500; recuperación sin estado residual,"cola de contraste; evidencia previa debe reconciliarse, no significa nunca probado"
src/pages/EPP.tsx,pagina,/epp,inventoried_only,True,4d7801132fd57d1d9207effdce0607de499b843bad4e774681df661d64c4f20d,mutacion,doble clic/reintento/concurrencia; idempotencia y auditoría,"cola de contraste; evidencia previa debe reconciliarse, no significa nunca probado"
src/pages/EPP.tsx,pagina,/epp,inventoried_only,True,4d7801132fd57d1d9207effdce0607de499b843bad4e774681df661d64c4f20d,persistencia,guardar→leer de vuelta→recargar; cola→servidor→consumidor,"cola de contraste; evidencia previa debe reconciliarse, no significa nunca probado"
src/pages/EPP.tsx,pagina,/epp,inventoried_only,True,4d7801132fd57d1d9207effdce0607de499b843bad4e774681df661d64c4f20d,ciclo_vida,background/proceso muerto; actualización PWA; versión antigua,"cola de contraste; evidencia previa debe reconciliarse, no significa nunca probado"
src/pages/EPP.tsx,pagina,/epp,inventoried_only,True,4d7801132fd57d1d9207effdce0607de499b843bad4e774681df661d64c4f20d,salida,exportación/PDF/firma/compartir; integridad; revocación,"cola de contraste; evidencia previa debe reconciliarse, no significa nunca probado"
src/pages/EPP.tsx,pagina,/epp,inventoried_only,True,4d7801132fd57d1d9207effdce0607de499b843bad4e774681df661d64c4f20d,dispositivo,web/Android; permisos revocados; OEM; sensores no disponibles,"cola de contraste; evidencia previa debe reconciliarse, no significa nunca probado"
src/pages/EPP.tsx,pagina,/epp,inventoried_only,True,4d7801132fd57d1d9207effdce0607de499b843bad4e774681df661d64c4f20d,presentacion,idioma/accesibilidad; loading/error; no convertir falta de datos en seguro,"cola de contraste; evidencia previa debe reconciliarse, no significa nunca probado"
src/pages/ERPIntegration.tsx,pagina,/erp-integration,inventoried_only,True,880ac3c38dfbc2275558dc39edd4f0c38dec0f45c802eefa00f2fe382fa8b875,identidad,anónimo/autenticado; rol permitido/denegado; sesión expirada/revocada,"cola de contraste; evidencia previa debe reconciliarse, no significa nunca probado"
src/pages/ERPIntegration.tsx,pagina,/erp-integration,inventoried_only,True,880ac3c38dfbc2275558dc39edd4f0c38dec0f45c802eefa00f2fe382fa8b875,ambito,sin proyecto; A→B→A; cambio de empresa; respuesta tardía,"cola de contraste; evidencia previa debe reconciliarse, no significa nunca probado"
src/pages/ERPIntegration.tsx,pagina,/erp-integration,inventoried_only,True,880ac3c38dfbc2275558dc39edd4f0c38dec0f45c802eefa00f2fe382fa8b875,entrada,menú/URL/QR/push; arranque frío; demo frente a rama normal,"cola de contraste; evidencia previa debe reconciliarse, no significa nunca probado"
src/pages/ERPIntegration.tsx,pagina,/erp-integration,inventoried_only,True,880ac3c38dfbc2275558dc39edd4f0c38dec0f45c802eefa00f2fe382fa8b875,datos,vacío/inválido/antiguo; unidades y fechas; procedencia real,"cola de contraste; evidencia previa debe reconciliarse, no significa nunca probado"
src/pages/ERPIntegration.tsx,pagina,/erp-integration,inventoried_only,True,880ac3c38dfbc2275558dc39edd4f0c38dec0f45c802eefa00f2fe382fa8b875,red,online/offline; timeout/403/500; recuperación sin estado residual,"cola de contraste; evidencia previa debe reconciliarse, no significa nunca probado"
src/pages/ERPIntegration.tsx,pagina,/erp-integration,inventoried_only,True,880ac3c38dfbc2275558dc39edd4f0c38dec0f45c802eefa00f2fe382fa8b875,mutacion,doble clic/reintento/concurrencia; idempotencia y auditoría,"cola de contraste; evidencia previa debe reconciliarse, no significa nunca probado"
src/pages/ERPIntegration.tsx,pagina,/erp-integration,inventoried_only,True,880ac3c38dfbc2275558dc39edd4f0c38dec0f45c802eefa00f2fe382fa8b875,persistencia,guardar→leer de vuelta→recargar; cola→servidor→consumidor,"cola de contraste; evidencia previa debe reconciliarse, no significa nunca probado"
src/pages/ERPIntegration.tsx,pagina,/erp-integration,inventoried_only,True,880ac3c38dfbc2275558dc39edd4f0c38dec0f45c802eefa00f2fe382fa8b875,ciclo_vida,background/proceso muerto; actualización PWA; versión antigua,"cola de contraste; evidencia previa debe reconciliarse, no significa nunca probado"
src/pages/ERPIntegration.tsx,pagina,/erp-integration,inventoried_only,True,880ac3c38dfbc2275558dc39edd4f0c38dec0f45c802eefa00f2fe382fa8b875,salida,exportación/PDF/firma/compartir; integridad; revocación,"cola de contraste; evidencia previa debe reconciliarse, no significa nunca probado"
src/pages/ERPIntegration.tsx,pagina,/erp-integration,inventoried_only,True,880ac3c38dfbc2275558dc39edd4f0c38dec0f45c802eefa00f2fe382fa8b875,dispositivo,web/Android; permisos revocados; OEM; sensores no disponibles,"cola de contraste; evidencia previa debe reconciliarse, no significa nunca probado"
src/pages/ERPIntegration.tsx,pagina,/erp-integration,inventoried_only,True,880ac3c38dfbc2275558dc39edd4f0c38dec0f45c802eefa00f2fe382fa8b875,presentacion,idioma/accesibilidad; loading/error; no convertir falta de datos en seguro,"cola de contraste; evidencia previa debe reconciliarse, no significa nunca probado"
src/pages/EmergenciaAvanzada.tsx,pagina,/emergencia-avanzada,referenced_in_vault_depth_unverified,True,136021e40aaffcb16b97604e8c8b8b293c2a5349c79188b580930837d4c6bee6,identidad,anónimo/autenticado; rol permitido/denegado; sesión expirada/revocada,"cola de contraste; evidencia previa debe reconciliarse, no significa nunca probado"
src/pages/EmergenciaAvanzada.tsx,pagina,/emergencia-avanzada,referenced_in_vault_depth_unverified,True,136021e40aaffcb16b97604e8c8b8b293c2a5349c79188b580930837d4c6bee6,ambito,sin proyecto; A→B→A; cambio de empresa; respuesta tardía,"cola de contraste; evidencia previa debe reconciliarse, no significa nunca probado"
src/pages/EmergenciaAvanzada.tsx,pagina,/emergencia-avanzada,referenced_in_vault_depth_unverified,True,136021e40aaffcb16b97604e8c8b8b293c2a5349c79188b580930837d4c6bee6,entrada,menú/URL/QR/push; arranque frío; demo frente a rama normal,"cola de contraste; evidencia previa debe reconciliarse, no significa nunca probado"
src/pages/EmergenciaAvanzada.tsx,pagina,/emergencia-avanzada,referenced_in_vault_depth_unverified,True,136021e40aaffcb16b97604e8c8b8b293c2a5349c79188b580930837d4c6bee6,datos,vacío/inválido/antiguo; unidades y fechas; procedencia real,"cola de contraste; evidencia previa debe reconciliarse, no significa nunca probado"
src/pages/EmergenciaAvanzada.tsx,pagina,/emergencia-avanzada,referenced_in_vault_depth_unverified,True,136021e40aaffcb16b97604e8c8b8b293c2a5349c79188b580930837d4c6bee6,red,online/offline; timeout/403/500; recuperación sin estado residual,"cola de contraste; evidencia previa debe reconciliarse, no significa nunca probado"
src/pages/EmergenciaAvanzada.tsx,pagina,/emergencia-avanzada,referenced_in_vault_depth_unverified,True,136021e40aaffcb16b97604e8c8b8b293c2a5349c79188b580930837d4c6bee6,mutacion,doble clic/reintento/concurrencia; idempotencia y auditoría,"cola de contraste; evidencia previa debe reconciliarse, no significa nunca probado"
src/pages/EmergenciaAvanzada.tsx,pagina,/emergencia-avanzada,referenced_in_vault_depth_unverified,True,136021e40aaffcb16b97604e8c8b8b293c2a5349c79188b580930837d4c6bee6,persistencia,guardar→leer de vuelta→recargar; cola→servidor→consumidor,"cola de contraste; evidencia previa debe reconciliarse, no significa nunca probado"
src/pages/EmergenciaAvanzada.tsx,pagina,/emergencia-avanzada,referenced_in_vault_depth_unverified,True,136021e40aaffcb16b97604e8c8b8b293c2a5349c79188b580930837d4c6bee6,ciclo_vida,background/proceso muerto; actualización PWA; versión antigua,"cola de contraste; evidencia previa debe reconciliarse, no significa nunca probado"
src/pages/EmergenciaAvanzada.tsx,pagina,/emergencia-avanzada,referenced_in_vault_depth_unverified,True,136021e40aaffcb16b97604e8c8b8b293c2a5349c79188b580930837d4c6bee6,salida,exportación/PDF/firma/compartir; integridad; revocación,"cola de contraste; evidencia previa debe reconciliarse, no significa nunca probado"
src/pages/EmergenciaAvanzada.tsx,pagina,/emergencia-avanzada,referenced_in_vault_depth_unverified,True,136021e40aaffcb16b97604e8c8b8b293c2a5349c79188b580930837d4c6bee6,dispositivo,web/Android; permisos revocados; OEM; sensores no disponibles,"cola de contraste; evidencia previa debe reconciliarse, no significa nunca probado"
src/pages/EmergenciaAvanzada.tsx,pagina,/emergencia-avanzada,referenced_in_vault_depth_unverified,True,136021e40aaffcb16b97604e8c8b8b293c2a5349c79188b580930837d4c6bee6,presentacion,idioma/accesibilidad; loading/error; no convertir falta de datos en seguro,"cola de contraste; evidencia previa debe reconciliarse, no significa nunca probado"
src/pages/Emergency.tsx,pagina,/emergency,referenced_in_vault_depth_unverified,True,4c87a9fba552b7ecc3926a41bfbbebffdba35f6612390988b0a0bd7f33e8fc76,identidad,anónimo/autenticado; rol permitido/denegado; sesión expirada/revocada,"cola de contraste; evidencia previa debe reconciliarse, no significa nunca probado"
src/pages/Emergency.tsx,pagina,/emergency,referenced_in_vault_depth_unverified,True,4c87a9fba552b7ecc3926a41bfbbebffdba35f6612390988b0a0bd7f33e8fc76,ambito,sin proyecto; A→B→A; cambio de empresa; respuesta tardía,"cola de contraste; evidencia previa debe reconciliarse, no significa nunca probado"
src/pages/Emergency.tsx,pagina,/emergency,referenced_in_vault_depth_unverified,True,4c87a9fba552b7ecc3926a41bfbbebffdba35f6612390988b0a0bd7f33e8fc76,entrada,menú/URL/QR/push; arranque frío; demo frente a rama normal,"cola de contraste; evidencia previa debe reconciliarse, no significa nunca probado"
src/pages/Emergency.tsx,pagina,/emergency,referenced_in_vault_depth_unverified,True,4c87a9fba552b7ecc3926a41bfbbebffdba35f6612390988b0a0bd7f33e8fc76,datos,vacío/inválido/antiguo; unidades y fechas; procedencia real,"cola de contraste; evidencia previa debe reconciliarse, no significa nunca probado"
src/pages/Emergency.tsx,pagina,/emergency,referenced_in_vault_depth_unverified,True,4c87a9fba552b7ecc3926a41bfbbebffdba35f6612390988b0a0bd7f33e8fc76,red,online/offline; timeout/403/500; recuperación sin estado residual,"cola de contraste; evidencia previa debe reconciliarse, no significa nunca probado"
src/pages/Emergency.tsx,pagina,/emergency,referenced_in_vault_depth_unverified,True,4c87a9fba552b7ecc3926a41bfbbebffdba35f6612390988b0a0bd7f33e8fc76,mutacion,doble clic/reintento/concurrencia; idempotencia y auditoría,"cola de contraste; evidencia previa debe reconciliarse, no significa nunca probado"
src/pages/Emergency.tsx,pagina,/emergency,referenced_in_vault_depth_unverified,True,4c87a9fba552b7ecc3926a41bfbbebffdba35f6612390988b0a0bd7f33e8fc76,persistencia,guardar→leer de vuelta→recargar; cola→servidor→consumidor,"cola de contraste; evidencia previa debe reconciliarse, no significa nunca probado"
src/pages/Emergency.tsx,pagina,/emergency,referenced_in_vault_depth_unverified,True,4c87a9fba552b7ecc3926a41bfbbebffdba35f6612390988b0a0bd7f33e8fc76,ciclo_vida,background/proceso muerto; actualización PWA; versión antigua,"cola de contraste; evidencia previa debe reconciliarse, no significa nunca probado"
src/pages/Emergency.tsx,pagina,/emergency,referenced_in_vault_depth_unverified,True,4c87a9fba552b7ecc3926a41bfbbebffdba35f6612390988b0a0bd7f33e8fc76,salida,exportación/PDF/firma/compartir; integridad; revocación,"cola de contraste; evidencia previa debe reconciliarse, no significa nunca probado"
src/pages/Emergency.tsx,pagina,/emergency,referenced_in_vault_depth_unverified,True,4c87a9fba552b7ecc3926a41bfbbebffdba35f6612390988b0a0bd7f33e8fc76,dispositivo,web/Android; permisos revocados; OEM; sensores no disponibles,"cola de contraste; evidencia previa debe reconciliarse, no significa nunca probado"
src/pages/Emergency.tsx,pagina,/emergency,referenced_in_vault_depth_unverified,True,4c87a9fba552b7ecc3926a41bfbbebffdba35f6612390988b0a0bd7f33e8fc76,presentacion,idioma/accesibilidad; loading/error; no convertir falta de datos en seguro,"cola de contraste; evidencia previa debe reconciliarse, no significa nunca probado"
src/pages/EmergencyBrigade.tsx,pagina,/emergency-brigade,referenced_in_vault_depth_unverified,True,568412ebccb5ca5168147d057bcd977598b50d0f90d605acfd83d3617506fab7,identidad,anónimo/autenticado; rol permitido/denegado; sesión expirada/revocada,"cola de contraste; evidencia previa debe reconciliarse, no significa nunca probado"
src/pages/EmergencyBrigade.tsx,pagina,/emergency-brigade,referenced_in_vault_depth_unverified,True,568412ebccb5ca5168147d057bcd977598b50d0f90d605acfd83d3617506fab7,ambito,sin proyecto; A→B→A; cambio de empresa; respuesta tardía,"cola de contraste; evidencia previa debe reconciliarse, no significa nunca probado"
src/pages/EmergencyBrigade.tsx,pagina,/emergency-brigade,referenced_in_vault_depth_unverified,True,568412ebccb5ca5168147d057bcd977598b50d0f90d605acfd83d3617506fab7,entrada,menú/URL/QR/push; arranque frío; demo frente a rama normal,"cola de contraste; evidencia previa debe reconciliarse, no significa nunca probado"
src/pages/EmergencyBrigade.tsx,pagina,/emergency-brigade,referenced_in_vault_depth_unverified,True,568412ebccb5ca5168147d057bcd977598b50d0f90d605acfd83d3617506fab7,datos,vacío/inválido/antiguo; unidades y fechas; procedencia real,"cola de contraste; evidencia previa debe reconciliarse, no significa nunca probado"
src/pages/EmergencyBrigade.tsx,pagina,/emergency-brigade,referenced_in_vault_depth_unverified,True,568412ebccb5ca5168147d057bcd977598b50d0f90d605acfd83d3617506fab7,red,online/offline; timeout/403/500; recuperación sin estado residual,"cola de contraste; evidencia previa debe reconciliarse, no significa nunca probado"
src/pages/EmergencyBrigade.tsx,pagina,/emergency-brigade,referenced_in_vault_depth_unverified,True,568412ebccb5ca5168147d057bcd977598b50d0f90d605acfd83d3617506fab7,mutacion,doble clic/reintento/concurrencia; idempotencia y auditoría,"cola de contraste; evidencia previa debe reconciliarse, no significa nunca probado"
src/pages/EmergencyBrigade.tsx,pagina,/emergency-brigade,referenced_in_vault_depth_unverified,True,568412ebccb5ca5168147d057bcd977598b50d0f90d605acfd83d3617506fab7,persistencia,guardar→leer de vuelta→recargar; cola→servidor→consumidor,"cola de contraste; evidencia previa debe reconciliarse, no significa nunca probado"
src/pages/EmergencyBrigade.tsx,pagina,/emergency-brigade,referenced_in_vault_depth_unverified,True,568412ebccb5ca5168147d057bcd977598b50d0f90d605acfd83d3617506fab7,ciclo_vida,background/proceso muerto; actualización PWA; versión antigua,"cola de contraste; evidencia previa debe reconciliarse, no significa nunca probado"
src/pages/EmergencyBrigade.tsx,pagina,/emergency-brigade,referenced_in_vault_depth_unverified,True,568412ebccb5ca5168147d057bcd977598b50d0f90d605acfd83d3617506fab7,salida,exportación/PDF/firma/compartir; integridad; revocación,"cola de contraste; evidencia previa debe reconciliarse, no significa nunca probado"
src/pages/EmergencyBrigade.tsx,pagina,/emergency-brigade,referenced_in_vault_depth_unverified,True,568412ebccb5ca5168147d057bcd977598b50d0f90d605acfd83d3617506fab7,dispositivo,web/Android; permisos revocados; OEM; sensores no disponibles,"cola de contraste; evidencia previa debe reconciliarse, no significa nunca probado"
src/pages/EmergencyBrigade.tsx,pagina,/emergency-brigade,referenced_in_vault_depth_unverified,True,568412ebccb5ca5168147d057bcd977598b50d0f90d605acfd83d3617506fab7,presentacion,idioma/accesibilidad; loading/error; no convertir falta de datos en seguro,"cola de contraste; evidencia previa debe reconciliarse, no significa nunca probado"
src/pages/EmergencyGenerator.tsx,pagina,/emergency-generator,inventoried_only,True,c488d36ec725aa1b0b3bfa613ea932ff700ed4f01f0ddf106b18fb132d338f1a,identidad,anónimo/autenticado; rol permitido/denegado; sesión expirada/revocada,"cola de contraste; evidencia previa debe reconciliarse, no significa nunca probado"
src/pages/EmergencyGenerator.tsx,pagina,/emergency-generator,inventoried_only,True,c488d36ec725aa1b0b3bfa613ea932ff700ed4f01f0ddf106b18fb132d338f1a,ambito,sin proyecto; A→B→A; cambio de empresa; respuesta tardía,"cola de contraste; evidencia previa debe reconciliarse, no significa nunca probado"
src/pages/EmergencyGenerator.tsx,pagina,/emergency-generator,inventoried_only,True,c488d36ec725aa1b0b3bfa613ea932ff700ed4f01f0ddf106b18fb132d338f1a,entrada,menú/URL/QR/push; arranque frío; demo frente a rama normal,"cola de contraste; evidencia previa debe reconciliarse, no significa nunca probado"
src/pages/EmergencyGenerator.tsx,pagina,/emergency-generator,inventoried_only,True,c488d36ec725aa1b0b3bfa613ea932ff700ed4f01f0ddf106b18fb132d338f1a,datos,vacío/inválido/antiguo; unidades y fechas; procedencia real,"cola de contraste; evidencia previa debe reconciliarse, no significa nunca probado"
src/pages/EmergencyGenerator.tsx,pagina,/emergency-generator,inventoried_only,True,c488d36ec725aa1b0b3bfa613ea932ff700ed4f01f0ddf106b18fb132d338f1a,red,online/offline; timeout/403/500; recuperación sin estado residual,"cola de contraste; evidencia previa debe reconciliarse, no significa nunca probado"
src/pages/EmergencyGenerator.tsx,pagina,/emergency-generator,inventoried_only,True,c488d36ec725aa1b0b3bfa613ea932ff700ed4f01f0ddf106b18fb132d338f1a,mutacion,doble clic/reintento/concurrencia; idempotencia y auditoría,"cola de contraste; evidencia previa debe reconciliarse, no significa nunca probado"
src/pages/EmergencyGenerator.tsx,pagina,/emergency-generator,inventoried_only,True,c488d36ec725aa1b0b3bfa613ea932ff700ed4f01f0ddf106b18fb132d338f1a,persistencia,guardar→leer de vuelta→recargar; cola→servidor→consumidor,"cola de contraste; evidencia previa debe reconciliarse, no significa nunca probado"
src/pages/EmergencyGenerator.tsx,pagina,/emergency-generator,inventoried_only,True,c488d36ec725aa1b0b3bfa613ea932ff700ed4f01f0ddf106b18fb132d338f1a,ciclo_vida,background/proceso muerto; actualización PWA; versión antigua,"cola de contraste; evidencia previa debe reconciliarse, no significa nunca probado"
src/pages/EmergencyGenerator.tsx,pagina,/emergency-generator,inventoried_only,True,c488d36ec725aa1b0b3bfa613ea932ff700ed4f01f0ddf106b18fb132d338f1a,salida,exportación/PDF/firma/compartir; integridad; revocación,"cola de contraste; evidencia previa debe reconciliarse, no significa nunca probado"
src/pages/EmergencyGenerator.tsx,pagina,/emergency-generator,inventoried_only,True,c488d36ec725aa1b0b3bfa613ea932ff700ed4f01f0ddf106b18fb132d338f1a,dispositivo,web/Android; permisos revocados; OEM; sensores no disponibles,"cola de contraste; evidencia previa debe reconciliarse, no significa nunca probado"
src/pages/EmergencyGenerator.tsx,pagina,/emergency-generator,inventoried_only,True,c488d36ec725aa1b0b3bfa613ea932ff700ed4f01f0ddf106b18fb132d338f1a,presentacion,idioma/accesibilidad; loading/error; no convertir falta de datos en seguro,"cola de contraste; evidencia previa debe reconciliarse, no significa nunca probado"
src/pages/EngineeringControls.tsx,pagina,/engineering-controls,referenced_in_vault_depth_unverified,True,665c55436af0967c2e562c50a941212c6dac9a8fd3f1842cf742e785e41b31e8,identidad,anónimo/autenticado; rol permitido/denegado; sesión expirada/revocada,"cola de contraste; evidencia previa debe reconciliarse, no significa nunca probado"
src/pages/EngineeringControls.tsx,pagina,/engineering-controls,referenced_in_vault_depth_unverified,True,665c55436af0967c2e562c50a941212c6dac9a8fd3f1842cf742e785e41b31e8,ambito,sin proyecto; A→B→A; cambio de empresa; respuesta tardía,"cola de contraste; evidencia previa debe reconciliarse, no significa nunca probado"
src/pages/EngineeringControls.tsx,pagina,/engineering-controls,referenced_in_vault_depth_unverified,True,665c55436af0967c2e562c50a941212c6dac9a8fd3f1842cf742e785e41b31e8,entrada,menú/URL/QR/push; arranque frío; demo frente a rama normal,"cola de contraste; evidencia previa debe reconciliarse, no significa nunca probado"
src/pages/EngineeringControls.tsx,pagina,/engineering-controls,referenced_in_vault_depth_unverified,True,665c55436af0967c2e562c50a941212c6dac9a8fd3f1842cf742e785e41b31e8,datos,vacío/inválido/antiguo; unidades y fechas; procedencia real,"cola de contraste; evidencia previa debe reconciliarse, no significa nunca probado"
src/pages/EngineeringControls.tsx,pagina,/engineering-controls,referenced_in_vault_depth_unverified,True,665c55436af0967c2e562c50a941212c6dac9a8fd3f1842cf742e785e41b31e8,red,online/offline; timeout/403/500; recuperación sin estado residual,"cola de contraste; evidencia previa debe reconciliarse, no significa nunca probado"
src/pages/EngineeringControls.tsx,pagina,/engineering-controls,referenced_in_vault_depth_unverified,True,665c55436af0967c2e562c50a941212c6dac9a8fd3f1842cf742e785e41b31e8,mutacion,doble clic/reintento/concurrencia; idempotencia y auditoría,"cola de contraste; evidencia previa debe reconciliarse, no significa nunca probado"
src/pages/EngineeringControls.tsx,pagina,/engineering-controls,referenced_in_vault_depth_unverified,True,665c55436af0967c2e562c50a941212c6dac9a8fd3f1842cf742e785e41b31e8,persistencia,guardar→leer de vuelta→recargar; cola→servidor→consumidor,"cola de contraste; evidencia previa debe reconciliarse, no significa nunca probado"
src/pages/EngineeringControls.tsx,pagina,/engineering-controls,referenced_in_vault_depth_unverified,True,665c55436af0967c2e562c50a941212c6dac9a8fd3f1842cf742e785e41b31e8,ciclo_vida,background/proceso muerto; actualización PWA; versión antigua,"cola de contraste; evidencia previa debe reconciliarse, no significa nunca probado"
src/pages/EngineeringControls.tsx,pagina,/engineering-controls,referenced_in_vault_depth_unverified,True,665c55436af0967c2e562c50a941212c6dac9a8fd3f1842cf742e785e41b31e8,salida,exportación/PDF/firma/compartir; integridad; revocación,"cola de contraste; evidencia previa debe reconciliarse, no significa nunca probado"
src/pages/EngineeringControls.tsx,pagina,/engineering-controls,referenced_in_vault_depth_unverified,True,665c55436af0967c2e562c50a941212c6dac9a8fd3f1842cf742e785e41b31e8,dispositivo,web/Android; permisos revocados; OEM; sensores no disponibles,"cola de contraste; evidencia previa debe reconciliarse, no significa nunca probado"
src/pages/EngineeringControls.tsx,pagina,/engineering-controls,referenced_in_vault_depth_unverified,True,665c55436af0967c2e562c50a941212c6dac9a8fd3f1842cf742e785e41b31e8,presentacion,idioma/accesibilidad; loading/error; no convertir falta de datos en seguro,"cola de contraste; evidencia previa debe reconciliarse, no significa nunca probado"
src/pages/Ergonomics.tsx,pagina,/ergonomics,inventoried_only,True,b2b843476cbe01369cf68af8dba04136a727de195a6db56b903e1e863148c95e,identidad,anónimo/autenticado; rol permitido/denegado; sesión expirada/revocada,"cola de contraste; evidencia previa debe reconciliarse, no significa nunca probado"
src/pages/Ergonomics.tsx,pagina,/ergonomics,inventoried_only,True,b2b843476cbe01369cf68af8dba04136a727de195a6db56b903e1e863148c95e,ambito,sin proyecto; A→B→A; cambio de empresa; respuesta tardía,"cola de contraste; evidencia previa debe reconciliarse, no significa nunca probado"
src/pages/Ergonomics.tsx,pagina,/ergonomics,inventoried_only,True,b2b843476cbe01369cf68af8dba04136a727de195a6db56b903e1e863148c95e,entrada,menú/URL/QR/push; arranque frío; demo frente a rama normal,"cola de contraste; evidencia previa debe reconciliarse, no significa nunca probado"
src/pages/Ergonomics.tsx,pagina,/ergonomics,inventoried_only,True,b2b843476cbe01369cf68af8dba04136a727de195a6db56b903e1e863148c95e,datos,vacío/inválido/antiguo; unidades y fechas; procedencia real,"cola de contraste; evidencia previa debe reconciliarse, no significa nunca probado"
src/pages/Ergonomics.tsx,pagina,/ergonomics,inventoried_only,True,b2b843476cbe01369cf68af8dba04136a727de195a6db56b903e1e863148c95e,red,online/offline; timeout/403/500; recuperación sin estado residual,"cola de contraste; evidencia previa debe reconciliarse, no significa nunca probado"
src/pages/Ergonomics.tsx,pagina,/ergonomics,inventoried_only,True,b2b843476cbe01369cf68af8dba04136a727de195a6db56b903e1e863148c95e,mutacion,doble clic/reintento/concurrencia; idempotencia y auditoría,"cola de contraste; evidencia previa debe reconciliarse, no significa nunca probado"
src/pages/Ergonomics.tsx,pagina,/ergonomics,inventoried_only,True,b2b843476cbe01369cf68af8dba04136a727de195a6db56b903e1e863148c95e,persistencia,guardar→leer de vuelta→recargar; cola→servidor→consumidor,"cola de contraste; evidencia previa debe reconciliarse, no significa nunca probado"
src/pages/Ergonomics.tsx,pagina,/ergonomics,inventoried_only,True,b2b843476cbe01369cf68af8dba04136a727de195a6db56b903e1e863148c95e,ciclo_vida,background/proceso muerto; actualización PWA; versión antigua,"cola de contraste; evidencia previa debe reconciliarse, no significa nunca probado"
src/pages/Ergonomics.tsx,pagina,/ergonomics,inventoried_only,True,b2b843476cbe01369cf68af8dba04136a727de195a6db56b903e1e863148c95e,salida,exportación/PDF/firma/compartir; integridad; revocación,"cola de contraste; evidencia previa debe reconciliarse, no significa nunca probado"
src/pages/Ergonomics.tsx,pagina,/ergonomics,inventoried_only,True,b2b843476cbe01369cf68af8dba04136a727de195a6db56b903e1e863148c95e,dispositivo,web/Android; permisos revocados; OEM; sensores no disponibles,"cola de contraste; evidencia previa debe reconciliarse, no significa nunca probado"
src/pages/Ergonomics.tsx,pagina,/ergonomics,inventoried_only,True,b2b843476cbe01369cf68af8dba04136a727de195a6db56b903e1e863148c95e,presentacion,idioma/accesibilidad; loading/error; no convertir falta de datos en seguro,"cola de contraste; evidencia previa debe reconciliarse, no significa nunca probado"
src/pages/Evacuation.tsx,pagina,/evacuation,referenced_in_vault_depth_unverified,True,1e5970e0a9f4c9655e653dca49d54e1ed0d6a482284b03f7332dda23d008f336,identidad,anónimo/autenticado; rol permitido/denegado; sesión expirada/revocada,"cola de contraste; evidencia previa debe reconciliarse, no significa nunca probado"
src/pages/Evacuation.tsx,pagina,/evacuation,referenced_in_vault_depth_unverified,True,1e5970e0a9f4c9655e653dca49d54e1ed0d6a482284b03f7332dda23d008f336,ambito,sin proyecto; A→B→A; cambio de empresa; respuesta tardía,"cola de contraste; evidencia previa debe reconciliarse, no significa nunca probado"
src/pages/Evacuation.tsx,pagina,/evacuation,referenced_in_vault_depth_unverified,True,1e5970e0a9f4c9655e653dca49d54e1ed0d6a482284b03f7332dda23d008f336,entrada,menú/URL/QR/push; arranque frío; demo frente a rama normal,"cola de contraste; evidencia previa debe reconciliarse, no significa nunca probado"
src/pages/Evacuation.tsx,pagina,/evacuation,referenced_in_vault_depth_unverified,True,1e5970e0a9f4c9655e653dca49d54e1ed0d6a482284b03f7332dda23d008f336,datos,vacío/inválido/antiguo; unidades y fechas; procedencia real,"cola de contraste; evidencia previa debe reconciliarse, no significa nunca probado"
src/pages/Evacuation.tsx,pagina,/evacuation,referenced_in_vault_depth_unverified,True,1e5970e0a9f4c9655e653dca49d54e1ed0d6a482284b03f7332dda23d008f336,red,online/offline; timeout/403/500; recuperación sin estado residual,"cola de contraste; evidencia previa debe reconciliarse, no significa nunca probado"
src/pages/Evacuation.tsx,pagina,/evacuation,referenced_in_vault_depth_unverified,True,1e5970e0a9f4c9655e653dca49d54e1ed0d6a482284b03f7332dda23d008f336,mutacion,doble clic/reintento/concurrencia; idempotencia y auditoría,"cola de contraste; evidencia previa debe reconciliarse, no significa nunca probado"
src/pages/Evacuation.tsx,pagina,/evacuation,referenced_in_vault_depth_unverified,True,1e5970e0a9f4c9655e653dca49d54e1ed0d6a482284b03f7332dda23d008f336,persistencia,guardar→leer de vuelta→recargar; cola→servidor→consumidor,"cola de contraste; evidencia previa debe reconciliarse, no significa nunca probado"
src/pages/Evacuation.tsx,pagina,/evacuation,referenced_in_vault_depth_unverified,True,1e5970e0a9f4c9655e653dca49d54e1ed0d6a482284b03f7332dda23d008f336,ciclo_vida,background/proceso muerto; actualización PWA; versión antigua,"cola de contraste; evidencia previa debe reconciliarse, no significa nunca probado"
src/pages/Evacuation.tsx,pagina,/evacuation,referenced_in_vault_depth_unverified,True,1e5970e0a9f4c9655e653dca49d54e1ed0d6a482284b03f7332dda23d008f336,salida,exportación/PDF/firma/compartir; integridad; revocación,"cola de contraste; evidencia previa debe reconciliarse, no significa nunca probado"
src/pages/Evacuation.tsx,pagina,/evacuation,referenced_in_vault_depth_unverified,True,1e5970e0a9f4c9655e653dca49d54e1ed0d6a482284b03f7332dda23d008f336,dispositivo,web/Android; permisos revocados; OEM; sensores no disponibles,"cola de contraste; evidencia previa debe reconciliarse, no significa nunca probado"
src/pages/Evacuation.tsx,pagina,/evacuation,referenced_in_vault_depth_unverified,True,1e5970e0a9f4c9655e653dca49d54e1ed0d6a482284b03f7332dda23d008f336,presentacion,idioma/accesibilidad; loading/error; no convertir falta de datos en seguro,"cola de contraste; evidencia previa debe reconciliarse, no significa nunca probado"
src/pages/EvacuationDashboard.tsx,pagina,/evacuation-dashboard,inventoried_only,True,ade13557340a50dbbd06af212645b07b84e128f1c543bbf7b721798d870791cf,identidad,anónimo/autenticado; rol permitido/denegado; sesión expirada/revocada,"cola de contraste; evidencia previa debe reconciliarse, no significa nunca probado"
src/pages/EvacuationDashboard.tsx,pagina,/evacuation-dashboard,inventoried_only,True,ade13557340a50dbbd06af212645b07b84e128f1c543bbf7b721798d870791cf,ambito,sin proyecto; A→B→A; cambio de empresa; respuesta tardía,"cola de contraste; evidencia previa debe reconciliarse, no significa nunca probado"
src/pages/EvacuationDashboard.tsx,pagina,/evacuation-dashboard,inventoried_only,True,ade13557340a50dbbd06af212645b07b84e128f1c543bbf7b721798d870791cf,entrada,menú/URL/QR/push; arranque frío; demo frente a rama normal,"cola de contraste; evidencia previa debe reconciliarse, no significa nunca probado"
src/pages/EvacuationDashboard.tsx,pagina,/evacuation-dashboard,inventoried_only,True,ade13557340a50dbbd06af212645b07b84e128f1c543bbf7b721798d870791cf,datos,vacío/inválido/antiguo; unidades y fechas; procedencia real,"cola de contraste; evidencia previa debe reconciliarse, no significa nunca probado"
src/pages/EvacuationDashboard.tsx,pagina,/evacuation-dashboard,inventoried_only,True,ade13557340a50dbbd06af212645b07b84e128f1c543bbf7b721798d870791cf,red,online/offline; timeout/403/500; recuperación sin estado residual,"cola de contraste; evidencia previa debe reconciliarse, no significa nunca probado"
src/pages/EvacuationDashboard.tsx,pagina,/evacuation-dashboard,inventoried_only,True,ade13557340a50dbbd06af212645b07b84e128f1c543bbf7b721798d870791cf,mutacion,doble clic/reintento/concurrencia; idempotencia y auditoría,"cola de contraste; evidencia previa debe reconciliarse, no significa nunca probado"
src/pages/EvacuationDashboard.tsx,pagina,/evacuation-dashboard,inventoried_only,True,ade13557340a50dbbd06af212645b07b84e128f1c543bbf7b721798d870791cf,persistencia,guardar→leer de vuelta→recargar; cola→servidor→consumidor,"cola de contraste; evidencia previa debe reconciliarse, no significa nunca probado"
src/pages/EvacuationDashboard.tsx,pagina,/evacuation-dashboard,inventoried_only,True,ade13557340a50dbbd06af212645b07b84e128f1c543bbf7b721798d870791cf,ciclo_vida,background/proceso muerto; actualización PWA; versión antigua,"cola de contraste; evidencia previa debe reconciliarse, no significa nunca probado"
src/pages/EvacuationDashboard.tsx,pagina,/evacuation-dashboard,inventoried_only,True,ade13557340a50dbbd06af212645b07b84e128f1c543bbf7b721798d870791cf,salida,exportación/PDF/firma/compartir; integridad; revocación,"cola de contraste; evidencia previa debe reconciliarse, no significa nunca probado"
src/pages/EvacuationDashboard.tsx,pagina,/evacuation-dashboard,inventoried_only,True,ade13557340a50dbbd06af212645b07b84e128f1c543bbf7b721798d870791cf,dispositivo,web/Android; permisos revocados; OEM; sensores no disponibles,"cola de contraste; evidencia previa debe reconciliarse, no significa nunca probado"
src/pages/EvacuationDashboard.tsx,pagina,/evacuation-dashboard,inventoried_only,True,ade13557340a50dbbd06af212645b07b84e128f1c543bbf7b721798d870791cf,presentacion,idioma/accesibilidad; loading/error; no convertir falta de datos en seguro,"cola de contraste; evidencia previa debe reconciliarse, no significa nunca probado"
src/pages/EvacuationRoutes.tsx,pagina,/evacuation-routes,inventoried_only,True,195eb53bb072793f68e769b4da4c2e7703483a90d4d544208a0f91db2ddf9b3f,identidad,anónimo/autenticado; rol permitido/denegado; sesión expirada/revocada,"cola de contraste; evidencia previa debe reconciliarse, no significa nunca probado"
src/pages/EvacuationRoutes.tsx,pagina,/evacuation-routes,inventoried_only,True,195eb53bb072793f68e769b4da4c2e7703483a90d4d544208a0f91db2ddf9b3f,ambito,sin proyecto; A→B→A; cambio de empresa; respuesta tardía,"cola de contraste; evidencia previa debe reconciliarse, no significa nunca probado"
src/pages/EvacuationRoutes.tsx,pagina,/evacuation-routes,inventoried_only,True,195eb53bb072793f68e769b4da4c2e7703483a90d4d544208a0f91db2ddf9b3f,entrada,menú/URL/QR/push; arranque frío; demo frente a rama normal,"cola de contraste; evidencia previa debe reconciliarse, no significa nunca probado"
src/pages/EvacuationRoutes.tsx,pagina,/evacuation-routes,inventoried_only,True,195eb53bb072793f68e769b4da4c2e7703483a90d4d544208a0f91db2ddf9b3f,datos,vacío/inválido/antiguo; unidades y fechas; procedencia real,"cola de contraste; evidencia previa debe reconciliarse, no significa nunca probado"
src/pages/EvacuationRoutes.tsx,pagina,/evacuation-routes,inventoried_only,True,195eb53bb072793f68e769b4da4c2e7703483a90d4d544208a0f91db2ddf9b3f,red,online/offline; timeout/403/500; recuperación sin estado residual,"cola de contraste; evidencia previa debe reconciliarse, no significa nunca probado"
src/pages/EvacuationRoutes.tsx,pagina,/evacuation-routes,inventoried_only,True,195eb53bb072793f68e769b4da4c2e7703483a90d4d544208a0f91db2ddf9b3f,mutacion,doble clic/reintento/concurrencia; idempotencia y auditoría,"cola de contraste; evidencia previa debe reconciliarse, no significa nunca probado"
src/pages/EvacuationRoutes.tsx,pagina,/evacuation-routes,inventoried_only,True,195eb53bb072793f68e769b4da4c2e7703483a90d4d544208a0f91db2ddf9b3f,persistencia,guardar→leer de vuelta→recargar; cola→servidor→consumidor,"cola de contraste; evidencia previa debe reconciliarse, no significa nunca probado"
src/pages/EvacuationRoutes.tsx,pagina,/evacuation-routes,inventoried_only,True,195eb53bb072793f68e769b4da4c2e7703483a90d4d544208a0f91db2ddf9b3f,ciclo_vida,background/proceso muerto; actualización PWA; versión antigua,"cola de contraste; evidencia previa debe reconciliarse, no significa nunca probado"
src/pages/EvacuationRoutes.tsx,pagina,/evacuation-routes,inventoried_only,True,195eb53bb072793f68e769b4da4c2e7703483a90d4d544208a0f91db2ddf9b3f,salida,exportación/PDF/firma/compartir; integridad; revocación,"cola de contraste; evidencia previa debe reconciliarse, no significa nunca probado"
src/pages/EvacuationRoutes.tsx,pagina,/evacuation-routes,inventoried_only,True,195eb53bb072793f68e769b4da4c2e7703483a90d4d544208a0f91db2ddf9b3f,dispositivo,web/Android; permisos revocados; OEM; sensores no disponibles,"cola de contraste; evidencia previa debe reconciliarse, no significa nunca probado"
src/pages/EvacuationRoutes.tsx,pagina,/evacuation-routes,inventoried_only,True,195eb53bb072793f68e769b4da4c2e7703483a90d4d544208a0f91db2ddf9b3f,presentacion,idioma/accesibilidad; loading/error; no convertir falta de datos en seguro,"cola de contraste; evidencia previa debe reconciliarse, no significa nunca probado"
src/pages/ExceptionsAudit.tsx,pagina,/exceptions,inventoried_only,True,8b6d8c70b1d3d6e84537fd462b8554ac4cd6dda749464cffbc06af968a4bc4e9,identidad,anónimo/autenticado; rol permitido/denegado; sesión expirada/revocada,"cola de contraste; evidencia previa debe reconciliarse, no significa nunca probado"
src/pages/ExceptionsAudit.tsx,pagina,/exceptions,inventoried_only,True,8b6d8c70b1d3d6e84537fd462b8554ac4cd6dda749464cffbc06af968a4bc4e9,ambito,sin proyecto; A→B→A; cambio de empresa; respuesta tardía,"cola de contraste; evidencia previa debe reconciliarse, no significa nunca probado"
src/pages/ExceptionsAudit.tsx,pagina,/exceptions,inventoried_only,True,8b6d8c70b1d3d6e84537fd462b8554ac4cd6dda749464cffbc06af968a4bc4e9,entrada,menú/URL/QR/push; arranque frío; demo frente a rama normal,"cola de contraste; evidencia previa debe reconciliarse, no significa nunca probado"
src/pages/ExceptionsAudit.tsx,pagina,/exceptions,inventoried_only,True,8b6d8c70b1d3d6e84537fd462b8554ac4cd6dda749464cffbc06af968a4bc4e9,datos,vacío/inválido/antiguo; unidades y fechas; procedencia real,"cola de contraste; evidencia previa debe reconciliarse, no significa nunca probado"
src/pages/ExceptionsAudit.tsx,pagina,/exceptions,inventoried_only,True,8b6d8c70b1d3d6e84537fd462b8554ac4cd6dda749464cffbc06af968a4bc4e9,red,online/offline; timeout/403/500; recuperación sin estado residual,"cola de contraste; evidencia previa debe reconciliarse, no significa nunca probado"
src/pages/ExceptionsAudit.tsx,pagina,/exceptions,inventoried_only,True,8b6d8c70b1d3d6e84537fd462b8554ac4cd6dda749464cffbc06af968a4bc4e9,mutacion,doble clic/reintento/concurrencia; idempotencia y auditoría,"cola de contraste; evidencia previa debe reconciliarse, no significa nunca probado"
src/pages/ExceptionsAudit.tsx,pagina,/exceptions,inventoried_only,True,8b6d8c70b1d3d6e84537fd462b8554ac4cd6dda749464cffbc06af968a4bc4e9,persistencia,guardar→leer de vuelta→recargar; cola→servidor→consumidor,"cola de contraste; evidencia previa debe reconciliarse, no significa nunca probado"
src/pages/ExceptionsAudit.tsx,pagina,/exceptions,inventoried_only,True,8b6d8c70b1d3d6e84537fd462b8554ac4cd6dda749464cffbc06af968a4bc4e9,ciclo_vida,background/proceso muerto; actualización PWA; versión antigua,"cola de contraste; evidencia previa debe reconciliarse, no significa nunca probado"
src/pages/ExceptionsAudit.tsx,pagina,/exceptions,inventoried_only,True,8b6d8c70b1d3d6e84537fd462b8554ac4cd6dda749464cffbc06af968a4bc4e9,salida,exportación/PDF/firma/compartir; integridad; revocación,"cola de contraste; evidencia previa debe reconciliarse, no significa nunca probado"
src/pages/ExceptionsAudit.tsx,pagina,/exceptions,inventoried_only,True,8b6d8c70b1d3d6e84537fd462b8554ac4cd6dda749464cffbc06af968a4bc4e9,dispositivo,web/Android; permisos revocados; OEM; sensores no disponibles,"cola de contraste; evidencia previa debe reconciliarse, no significa nunca probado"
src/pages/ExceptionsAudit.tsx,pagina,/exceptions,inventoried_only,True,8b6d8c70b1d3d6e84537fd462b8554ac4cd6dda749464cffbc06af968a4bc4e9,presentacion,idioma/accesibilidad; loading/error; no convertir falta de datos en seguro,"cola de contraste; evidencia previa debe reconciliarse, no significa nunca probado"
src/pages/ExecutiveDashboard.tsx,pagina,/executive-dashboard,inventoried_only,True,f9fbe344ff9dcae438d1e7e19a7c01e2c479730580cc31dc7d948bee1842edbd,identidad,anónimo/autenticado; rol permitido/denegado; sesión expirada/revocada,"cola de contraste; evidencia previa debe reconciliarse, no significa nunca probado"
src/pages/ExecutiveDashboard.tsx,pagina,/executive-dashboard,inventoried_only,True,f9fbe344ff9dcae438d1e7e19a7c01e2c479730580cc31dc7d948bee1842edbd,ambito,sin proyecto; A→B→A; cambio de empresa; respuesta tardía,"cola de contraste; evidencia previa debe reconciliarse, no significa nunca probado"
src/pages/ExecutiveDashboard.tsx,pagina,/executive-dashboard,inventoried_only,True,f9fbe344ff9dcae438d1e7e19a7c01e2c479730580cc31dc7d948bee1842edbd,entrada,menú/URL/QR/push; arranque frío; demo frente a rama normal,"cola de contraste; evidencia previa debe reconciliarse, no significa nunca probado"
src/pages/ExecutiveDashboard.tsx,pagina,/executive-dashboard,inventoried_only,True,f9fbe344ff9dcae438d1e7e19a7c01e2c479730580cc31dc7d948bee1842edbd,datos,vacío/inválido/antiguo; unidades y fechas; procedencia real,"cola de contraste; evidencia previa debe reconciliarse, no significa nunca probado"
src/pages/ExecutiveDashboard.tsx,pagina,/executive-dashboard,inventoried_only,True,f9fbe344ff9dcae438d1e7e19a7c01e2c479730580cc31dc7d948bee1842edbd,red,online/offline; timeout/403/500; recuperación sin estado residual,"cola de contraste; evidencia previa debe reconciliarse, no significa nunca probado"
src/pages/ExecutiveDashboard.tsx,pagina,/executive-dashboard,inventoried_only,True,f9fbe344ff9dcae438d1e7e19a7c01e2c479730580cc31dc7d948bee1842edbd,mutacion,doble clic/reintento/concurrencia; idempotencia y auditoría,"cola de contraste; evidencia previa debe reconciliarse, no significa nunca probado"
src/pages/ExecutiveDashboard.tsx,pagina,/executive-dashboard,inventoried_only,True,f9fbe344ff9dcae438d1e7e19a7c01e2c479730580cc31dc7d948bee1842edbd,persistencia,guardar→leer de vuelta→recargar; cola→servidor→consumidor,"cola de contraste; evidencia previa debe reconciliarse, no significa nunca probado"
src/pages/ExecutiveDashboard.tsx,pagina,/executive-dashboard,inventoried_only,True,f9fbe344ff9dcae438d1e7e19a7c01e2c479730580cc31dc7d948bee1842edbd,ciclo_vida,background/proceso muerto; actualización PWA; versión antigua,"cola de contraste; evidencia previa debe reconciliarse, no significa nunca probado"
src/pages/ExecutiveDashboard.tsx,pagina,/executive-dashboard,inventoried_only,True,f9fbe344ff9dcae438d1e7e19a7c01e2c479730580cc31dc7d948bee1842edbd,salida,exportación/PDF/firma/compartir; integridad; revocación,"cola de contraste; evidencia previa debe reconciliarse, no significa nunca probado"
src/pages/ExecutiveDashboard.tsx,pagina,/executive-dashboard,inventoried_only,True,f9fbe344ff9dcae438d1e7e19a7c01e2c479730580cc31dc7d948bee1842edbd,dispositivo,web/Android; permisos revocados; OEM; sensores no disponibles,"cola de contraste; evidencia previa debe reconciliarse, no significa nunca probado"
src/pages/ExecutiveDashboard.tsx,pagina,/executive-dashboard,inventoried_only,True,f9fbe344ff9dcae438d1e7e19a7c01e2c479730580cc31dc7d948bee1842edbd,presentacion,idioma/accesibilidad; loading/error; no convertir falta de datos en seguro,"cola de contraste; evidencia previa debe reconciliarse, no significa nunca probado"
src/pages/FatigueMonitor.tsx,pagina,/fatigue,referenced_in_vault_depth_unverified,True,026430727940e1064eb587672af72aae1e7cea0d638714c4a04aa7486e510c88,identidad,anónimo/autenticado; rol permitido/denegado; sesión expirada/revocada,"cola de contraste; evidencia previa debe reconciliarse, no significa nunca probado"
src/pages/FatigueMonitor.tsx,pagina,/fatigue,referenced_in_vault_depth_unverified,True,026430727940e1064eb587672af72aae1e7cea0d638714c4a04aa7486e510c88,ambito,sin proyecto; A→B→A; cambio de empresa; respuesta tardía,"cola de contraste; evidencia previa debe reconciliarse, no significa nunca probado"
src/pages/FatigueMonitor.tsx,pagina,/fatigue,referenced_in_vault_depth_unverified,True,026430727940e1064eb587672af72aae1e7cea0d638714c4a04aa7486e510c88,entrada,menú/URL/QR/push; arranque frío; demo frente a rama normal,"cola de contraste; evidencia previa debe reconciliarse, no significa nunca probado"
src/pages/FatigueMonitor.tsx,pagina,/fatigue,referenced_in_vault_depth_unverified,True,026430727940e1064eb587672af72aae1e7cea0d638714c4a04aa7486e510c88,datos,vacío/inválido/antiguo; unidades y fechas; procedencia real,"cola de contraste; evidencia previa debe reconciliarse, no significa nunca probado"
src/pages/FatigueMonitor.tsx,pagina,/fatigue,referenced_in_vault_depth_unverified,True,026430727940e1064eb587672af72aae1e7cea0d638714c4a04aa7486e510c88,red,online/offline; timeout/403/500; recuperación sin estado residual,"cola de contraste; evidencia previa debe reconciliarse, no significa nunca probado"
src/pages/FatigueMonitor.tsx,pagina,/fatigue,referenced_in_vault_depth_unverified,True,026430727940e1064eb587672af72aae1e7cea0d638714c4a04aa7486e510c88,mutacion,doble clic/reintento/concurrencia; idempotencia y auditoría,"cola de contraste; evidencia previa debe reconciliarse, no significa nunca probado"
src/pages/FatigueMonitor.tsx,pagina,/fatigue,referenced_in_vault_depth_unverified,True,026430727940e1064eb587672af72aae1e7cea0d638714c4a04aa7486e510c88,persistencia,guardar→leer de vuelta→recargar; cola→servidor→consumidor,"cola de contraste; evidencia previa debe reconciliarse, no significa nunca probado"
src/pages/FatigueMonitor.tsx,pagina,/fatigue,referenced_in_vault_depth_unverified,True,026430727940e1064eb587672af72aae1e7cea0d638714c4a04aa7486e510c88,ciclo_vida,background/proceso muerto; actualización PWA; versión antigua,"cola de contraste; evidencia previa debe reconciliarse, no significa nunca probado"
src/pages/FatigueMonitor.tsx,pagina,/fatigue,referenced_in_vault_depth_unverified,True,026430727940e1064eb587672af72aae1e7cea0d638714c4a04aa7486e510c88,salida,exportación/PDF/firma/compartir; integridad; revocación,"cola de contraste; evidencia previa debe reconciliarse, no significa nunca probado"
src/pages/FatigueMonitor.tsx,pagina,/fatigue,referenced_in_vault_depth_unverified,True,026430727940e1064eb587672af72aae1e7cea0d638714c4a04aa7486e510c88,dispositivo,web/Android; permisos revocados; OEM; sensores no disponibles,"cola de contraste; evidencia previa debe reconciliarse, no significa nunca probado"
src/pages/FatigueMonitor.tsx,pagina,/fatigue,referenced_in_vault_depth_unverified,True,026430727940e1064eb587672af72aae1e7cea0d638714c4a04aa7486e510c88,presentacion,idioma/accesibilidad; loading/error; no convertir falta de datos en seguro,"cola de contraste; evidencia previa debe reconciliarse, no significa nunca probado"
src/pages/Findings.tsx,pagina,/findings,referenced_in_vault_depth_unverified,True,b9b50f81f0266a862f46cb15112d097f055d236358a40480da8b5178d81c26f0,identidad,anónimo/autenticado; rol permitido/denegado; sesión expirada/revocada,"cola de contraste; evidencia previa debe reconciliarse, no significa nunca probado"
src/pages/Findings.tsx,pagina,/findings,referenced_in_vault_depth_unverified,True,b9b50f81f0266a862f46cb15112d097f055d236358a40480da8b5178d81c26f0,ambito,sin proyecto; A→B→A; cambio de empresa; respuesta tardía,"cola de contraste; evidencia previa debe reconciliarse, no significa nunca probado"
src/pages/Findings.tsx,pagina,/findings,referenced_in_vault_depth_unverified,True,b9b50f81f0266a862f46cb15112d097f055d236358a40480da8b5178d81c26f0,entrada,menú/URL/QR/push; arranque frío; demo frente a rama normal,"cola de contraste; evidencia previa debe reconciliarse, no significa nunca probado"
src/pages/Findings.tsx,pagina,/findings,referenced_in_vault_depth_unverified,True,b9b50f81f0266a862f46cb15112d097f055d236358a40480da8b5178d81c26f0,datos,vacío/inválido/antiguo; unidades y fechas; procedencia real,"cola de contraste; evidencia previa debe reconciliarse, no significa nunca probado"
src/pages/Findings.tsx,pagina,/findings,referenced_in_vault_depth_unverified,True,b9b50f81f0266a862f46cb15112d097f055d236358a40480da8b5178d81c26f0,red,online/offline; timeout/403/500; recuperación sin estado residual,"cola de contraste; evidencia previa debe reconciliarse, no significa nunca probado"
src/pages/Findings.tsx,pagina,/findings,referenced_in_vault_depth_unverified,True,b9b50f81f0266a862f46cb15112d097f055d236358a40480da8b5178d81c26f0,mutacion,doble clic/reintento/concurrencia; idempotencia y auditoría,"cola de contraste; evidencia previa debe reconciliarse, no significa nunca probado"
src/pages/Findings.tsx,pagina,/findings,referenced_in_vault_depth_unverified,True,b9b50f81f0266a862f46cb15112d097f055d236358a40480da8b5178d81c26f0,persistencia,guardar→leer de vuelta→recargar; cola→servidor→consumidor,"cola de contraste; evidencia previa debe reconciliarse, no significa nunca probado"
src/pages/Findings.tsx,pagina,/findings,referenced_in_vault_depth_unverified,True,b9b50f81f0266a862f46cb15112d097f055d236358a40480da8b5178d81c26f0,ciclo_vida,background/proceso muerto; actualización PWA; versión antigua,"cola de contraste; evidencia previa debe reconciliarse, no significa nunca probado"
src/pages/Findings.tsx,pagina,/findings,referenced_in_vault_depth_unverified,True,b9b50f81f0266a862f46cb15112d097f055d236358a40480da8b5178d81c26f0,salida,exportación/PDF/firma/compartir; integridad; revocación,"cola de contraste; evidencia previa debe reconciliarse, no significa nunca probado"
src/pages/Findings.tsx,pagina,/findings,referenced_in_vault_depth_unverified,True,b9b50f81f0266a862f46cb15112d097f055d236358a40480da8b5178d81c26f0,dispositivo,web/Android; permisos revocados; OEM; sensores no disponibles,"cola de contraste; evidencia previa debe reconciliarse, no significa nunca probado"
src/pages/Findings.tsx,pagina,/findings,referenced_in_vault_depth_unverified,True,b9b50f81f0266a862f46cb15112d097f055d236358a40480da8b5178d81c26f0,presentacion,idioma/accesibilidad; loading/error; no convertir falta de datos en seguro,"cola de contraste; evidencia previa debe reconciliarse, no significa nunca probado"
src/pages/FindingsHeatMap.tsx,pagina,/findings-heatmap,referenced_in_vault_depth_unverified,True,f08a7c9ea75b8e6be010d7f9a4908ef545ba0a928b6763ac6a362b2fbf86064f,identidad,anónimo/autenticado; rol permitido/denegado; sesión expirada/revocada,"cola de contraste; evidencia previa debe reconciliarse, no significa nunca probado"
src/pages/FindingsHeatMap.tsx,pagina,/findings-heatmap,referenced_in_vault_depth_unverified,True,f08a7c9ea75b8e6be010d7f9a4908ef545ba0a928b6763ac6a362b2fbf86064f,ambito,sin proyecto; A→B→A; cambio de empresa; respuesta tardía,"cola de contraste; evidencia previa debe reconciliarse, no significa nunca probado"
src/pages/FindingsHeatMap.tsx,pagina,/findings-heatmap,referenced_in_vault_depth_unverified,True,f08a7c9ea75b8e6be010d7f9a4908ef545ba0a928b6763ac6a362b2fbf86064f,entrada,menú/URL/QR/push; arranque frío; demo frente a rama normal,"cola de contraste; evidencia previa debe reconciliarse, no significa nunca probado"
src/pages/FindingsHeatMap.tsx,pagina,/findings-heatmap,referenced_in_vault_depth_unverified,True,f08a7c9ea75b8e6be010d7f9a4908ef545ba0a928b6763ac6a362b2fbf86064f,datos,vacío/inválido/antiguo; unidades y fechas; procedencia real,"cola de contraste; evidencia previa debe reconciliarse, no significa nunca probado"
src/pages/FindingsHeatMap.tsx,pagina,/findings-heatmap,referenced_in_vault_depth_unverified,True,f08a7c9ea75b8e6be010d7f9a4908ef545ba0a928b6763ac6a362b2fbf86064f,red,online/offline; timeout/403/500; recuperación sin estado residual,"cola de contraste; evidencia previa debe reconciliarse, no significa nunca probado"
src/pages/FindingsHeatMap.tsx,pagina,/findings-heatmap,referenced_in_vault_depth_unverified,True,f08a7c9ea75b8e6be010d7f9a4908ef545ba0a928b6763ac6a362b2fbf86064f,mutacion,doble clic/reintento/concurrencia; idempotencia y auditoría,"cola de contraste; evidencia previa debe reconciliarse, no significa nunca probado"
src/pages/FindingsHeatMap.tsx,pagina,/findings-heatmap,referenced_in_vault_depth_unverified,True,f08a7c9ea75b8e6be010d7f9a4908ef545ba0a928b6763ac6a362b2fbf86064f,persistencia,guardar→leer de vuelta→recargar; cola→servidor→consumidor,"cola de contraste; evidencia previa debe reconciliarse, no significa nunca probado"
src/pages/FindingsHeatMap.tsx,pagina,/findings-heatmap,referenced_in_vault_depth_unverified,True,f08a7c9ea75b8e6be010d7f9a4908ef545ba0a928b6763ac6a362b2fbf86064f,ciclo_vida,background/proceso muerto; actualización PWA; versión antigua,"cola de contraste; evidencia previa debe reconciliarse, no significa nunca probado"
src/pages/FindingsHeatMap.tsx,pagina,/findings-heatmap,referenced_in_vault_depth_unverified,True,f08a7c9ea75b8e6be010d7f9a4908ef545ba0a928b6763ac6a362b2fbf86064f,salida,exportación/PDF/firma/compartir; integridad; revocación,"cola de contraste; evidencia previa debe reconciliarse, no significa nunca probado"
src/pages/FindingsHeatMap.tsx,pagina,/findings-heatmap,referenced_in_vault_depth_unverified,True,f08a7c9ea75b8e6be010d7f9a4908ef545ba0a928b6763ac6a362b2fbf86064f,dispositivo,web/Android; permisos revocados; OEM; sensores no disponibles,"cola de contraste; evidencia previa debe reconciliarse, no significa nunca probado"
src/pages/FindingsHeatMap.tsx,pagina,/findings-heatmap,referenced_in_vault_depth_unverified,True,f08a7c9ea75b8e6be010d7f9a4908ef545ba0a928b6763ac6a362b2fbf86064f,presentacion,idioma/accesibilidad; loading/error; no convertir falta de datos en seguro,"cola de contraste; evidencia previa debe reconciliarse, no significa nunca probado"
src/pages/FirstResponderMap.tsx,pagina,/first-responder-map,referenced_in_vault_depth_unverified,True,4748ece7f118000ad073808974c38ac2c40acd808c8e66a8cbec8b7259a9776d,identidad,anónimo/autenticado; rol permitido/denegado; sesión expirada/revocada,"cola de contraste; evidencia previa debe reconciliarse, no significa nunca probado"
src/pages/FirstResponderMap.tsx,pagina,/first-responder-map,referenced_in_vault_depth_unverified,True,4748ece7f118000ad073808974c38ac2c40acd808c8e66a8cbec8b7259a9776d,ambito,sin proyecto; A→B→A; cambio de empresa; respuesta tardía,"cola de contraste; evidencia previa debe reconciliarse, no significa nunca probado"
src/pages/FirstResponderMap.tsx,pagina,/first-responder-map,referenced_in_vault_depth_unverified,True,4748ece7f118000ad073808974c38ac2c40acd808c8e66a8cbec8b7259a9776d,entrada,menú/URL/QR/push; arranque frío; demo frente a rama normal,"cola de contraste; evidencia previa debe reconciliarse, no significa nunca probado"
src/pages/FirstResponderMap.tsx,pagina,/first-responder-map,referenced_in_vault_depth_unverified,True,4748ece7f118000ad073808974c38ac2c40acd808c8e66a8cbec8b7259a9776d,datos,vacío/inválido/antiguo; unidades y fechas; procedencia real,"cola de contraste; evidencia previa debe reconciliarse, no significa nunca probado"
src/pages/FirstResponderMap.tsx,pagina,/first-responder-map,referenced_in_vault_depth_unverified,True,4748ece7f118000ad073808974c38ac2c40acd808c8e66a8cbec8b7259a9776d,red,online/offline; timeout/403/500; recuperación sin estado residual,"cola de contraste; evidencia previa debe reconciliarse, no significa nunca probado"
src/pages/FirstResponderMap.tsx,pagina,/first-responder-map,referenced_in_vault_depth_unverified,True,4748ece7f118000ad073808974c38ac2c40acd808c8e66a8cbec8b7259a9776d,mutacion,doble clic/reintento/concurrencia; idempotencia y auditoría,"cola de contraste; evidencia previa debe reconciliarse, no significa nunca probado"
src/pages/FirstResponderMap.tsx,pagina,/first-responder-map,referenced_in_vault_depth_unverified,True,4748ece7f118000ad073808974c38ac2c40acd808c8e66a8cbec8b7259a9776d,persistencia,guardar→leer de vuelta→recargar; cola→servidor→consumidor,"cola de contraste; evidencia previa debe reconciliarse, no significa nunca probado"
src/pages/FirstResponderMap.tsx,pagina,/first-responder-map,referenced_in_vault_depth_unverified,True,4748ece7f118000ad073808974c38ac2c40acd808c8e66a8cbec8b7259a9776d,ciclo_vida,background/proceso muerto; actualización PWA; versión antigua,"cola de contraste; evidencia previa debe reconciliarse, no significa nunca probado"
src/pages/FirstResponderMap.tsx,pagina,/first-responder-map,referenced_in_vault_depth_unverified,True,4748ece7f118000ad073808974c38ac2c40acd808c8e66a8cbec8b7259a9776d,salida,exportación/PDF/firma/compartir; integridad; revocación,"cola de contraste; evidencia previa debe reconciliarse, no significa nunca probado"
src/pages/FirstResponderMap.tsx,pagina,/first-responder-map,referenced_in_vault_depth_unverified,True,4748ece7f118000ad073808974c38ac2c40acd808c8e66a8cbec8b7259a9776d,dispositivo,web/Android; permisos revocados; OEM; sensores no disponibles,"cola de contraste; evidencia previa debe reconciliarse, no significa nunca probado"
src/pages/FirstResponderMap.tsx,pagina,/first-responder-map,referenced_in_vault_depth_unverified,True,4748ece7f118000ad073808974c38ac2c40acd808c8e66a8cbec8b7259a9776d,presentacion,idioma/accesibilidad; loading/error; no convertir falta de datos en seguro,"cola de contraste; evidencia previa debe reconciliarse, no significa nunca probado"
src/pages/FocusAgenda.tsx,pagina,/focus-agenda,referenced_in_vault_depth_unverified,True,06cd987b8f5123af62031fb2b3e181a778ad0fdd87a8df5334391e85e3db4cd3,identidad,anónimo/autenticado; rol permitido/denegado; sesión expirada/revocada,"cola de contraste; evidencia previa debe reconciliarse, no significa nunca probado"
src/pages/FocusAgenda.tsx,pagina,/focus-agenda,referenced_in_vault_depth_unverified,True,06cd987b8f5123af62031fb2b3e181a778ad0fdd87a8df5334391e85e3db4cd3,ambito,sin proyecto; A→B→A; cambio de empresa; respuesta tardía,"cola de contraste; evidencia previa debe reconciliarse, no significa nunca probado"
src/pages/FocusAgenda.tsx,pagina,/focus-agenda,referenced_in_vault_depth_unverified,True,06cd987b8f5123af62031fb2b3e181a778ad0fdd87a8df5334391e85e3db4cd3,entrada,menú/URL/QR/push; arranque frío; demo frente a rama normal,"cola de contraste; evidencia previa debe reconciliarse, no significa nunca probado"
src/pages/FocusAgenda.tsx,pagina,/focus-agenda,referenced_in_vault_depth_unverified,True,06cd987b8f5123af62031fb2b3e181a778ad0fdd87a8df5334391e85e3db4cd3,datos,vacío/inválido/antiguo; unidades y fechas; procedencia real,"cola de contraste; evidencia previa debe reconciliarse, no significa nunca probado"
src/pages/FocusAgenda.tsx,pagina,/focus-agenda,referenced_in_vault_depth_unverified,True,06cd987b8f5123af62031fb2b3e181a778ad0fdd87a8df5334391e85e3db4cd3,red,online/offline; timeout/403/500; recuperación sin estado residual,"cola de contraste; evidencia previa debe reconciliarse, no significa nunca probado"
src/pages/FocusAgenda.tsx,pagina,/focus-agenda,referenced_in_vault_depth_unverified,True,06cd987b8f5123af62031fb2b3e181a778ad0fdd87a8df5334391e85e3db4cd3,mutacion,doble clic/reintento/concurrencia; idempotencia y auditoría,"cola de contraste; evidencia previa debe reconciliarse, no significa nunca probado"
src/pages/FocusAgenda.tsx,pagina,/focus-agenda,referenced_in_vault_depth_unverified,True,06cd987b8f5123af62031fb2b3e181a778ad0fdd87a8df5334391e85e3db4cd3,persistencia,guardar→leer de vuelta→recargar; cola→servidor→consumidor,"cola de contraste; evidencia previa debe reconciliarse, no significa nunca probado"
src/pages/FocusAgenda.tsx,pagina,/focus-agenda,referenced_in_vault_depth_unverified,True,06cd987b8f5123af62031fb2b3e181a778ad0fdd87a8df5334391e85e3db4cd3,ciclo_vida,background/proceso muerto; actualización PWA; versión antigua,"cola de contraste; evidencia previa debe reconciliarse, no significa nunca probado"
src/pages/FocusAgenda.tsx,pagina,/focus-agenda,referenced_in_vault_depth_unverified,True,06cd987b8f5123af62031fb2b3e181a778ad0fdd87a8df5334391e85e3db4cd3,salida,exportación/PDF/firma/compartir; integridad; revocación,"cola de contraste; evidencia previa debe reconciliarse, no significa nunca probado"
src/pages/FocusAgenda.tsx,pagina,/focus-agenda,referenced_in_vault_depth_unverified,True,06cd987b8f5123af62031fb2b3e181a778ad0fdd87a8df5334391e85e3db4cd3,dispositivo,web/Android; permisos revocados; OEM; sensores no disponibles,"cola de contraste; evidencia previa debe reconciliarse, no significa nunca probado"
src/pages/FocusAgenda.tsx,pagina,/focus-agenda,referenced_in_vault_depth_unverified,True,06cd987b8f5123af62031fb2b3e181a778ad0fdd87a8df5334391e85e3db4cd3,presentacion,idioma/accesibilidad; loading/error; no convertir falta de datos en seguro,"cola de contraste; evidencia previa debe reconciliarse, no significa nunca probado"
src/pages/Gamification.tsx,pagina,/gamification,referenced_in_vault_depth_unverified,True,d4813a6d698f9723bfc199f19c526528c2a82ec4a6a78082d76b370a940955b4,identidad,anónimo/autenticado; rol permitido/denegado; sesión expirada/revocada,"cola de contraste; evidencia previa debe reconciliarse, no significa nunca probado"
src/pages/Gamification.tsx,pagina,/gamification,referenced_in_vault_depth_unverified,True,d4813a6d698f9723bfc199f19c526528c2a82ec4a6a78082d76b370a940955b4,ambito,sin proyecto; A→B→A; cambio de empresa; respuesta tardía,"cola de contraste; evidencia previa debe reconciliarse, no significa nunca probado"
src/pages/Gamification.tsx,pagina,/gamification,referenced_in_vault_depth_unverified,True,d4813a6d698f9723bfc199f19c526528c2a82ec4a6a78082d76b370a940955b4,entrada,menú/URL/QR/push; arranque frío; demo frente a rama normal,"cola de contraste; evidencia previa debe reconciliarse, no significa nunca probado"
src/pages/Gamification.tsx,pagina,/gamification,referenced_in_vault_depth_unverified,True,d4813a6d698f9723bfc199f19c526528c2a82ec4a6a78082d76b370a940955b4,datos,vacío/inválido/antiguo; unidades y fechas; procedencia real,"cola de contraste; evidencia previa debe reconciliarse, no significa nunca probado"
src/pages/Gamification.tsx,pagina,/gamification,referenced_in_vault_depth_unverified,True,d4813a6d698f9723bfc199f19c526528c2a82ec4a6a78082d76b370a940955b4,red,online/offline; timeout/403/500; recuperación sin estado residual,"cola de contraste; evidencia previa debe reconciliarse, no significa nunca probado"
src/pages/Gamification.tsx,pagina,/gamification,referenced_in_vault_depth_unverified,True,d4813a6d698f9723bfc199f19c526528c2a82ec4a6a78082d76b370a940955b4,mutacion,doble clic/reintento/concurrencia; idempotencia y auditoría,"cola de contraste; evidencia previa debe reconciliarse, no significa nunca probado"
src/pages/Gamification.tsx,pagina,/gamification,referenced_in_vault_depth_unverified,True,d4813a6d698f9723bfc199f19c526528c2a82ec4a6a78082d76b370a940955b4,persistencia,guardar→leer de vuelta→recargar; cola→servidor→consumidor,"cola de contraste; evidencia previa debe reconciliarse, no significa nunca probado"
src/pages/Gamification.tsx,pagina,/gamification,referenced_in_vault_depth_unverified,True,d4813a6d698f9723bfc199f19c526528c2a82ec4a6a78082d76b370a940955b4,ciclo_vida,background/proceso muerto; actualización PWA; versión antigua,"cola de contraste; evidencia previa debe reconciliarse, no significa nunca probado"
src/pages/Gamification.tsx,pagina,/gamification,referenced_in_vault_depth_unverified,True,d4813a6d698f9723bfc199f19c526528c2a82ec4a6a78082d76b370a940955b4,salida,exportación/PDF/firma/compartir; integridad; revocación,"cola de contraste; evidencia previa debe reconciliarse, no significa nunca probado"
src/pages/Gamification.tsx,pagina,/gamification,referenced_in_vault_depth_unverified,True,d4813a6d698f9723bfc199f19c526528c2a82ec4a6a78082d76b370a940955b4,dispositivo,web/Android; permisos revocados; OEM; sensores no disponibles,"cola de contraste; evidencia previa debe reconciliarse, no significa nunca probado"
src/pages/Gamification.tsx,pagina,/gamification,referenced_in_vault_depth_unverified,True,d4813a6d698f9723bfc199f19c526528c2a82ec4a6a78082d76b370a940955b4,presentacion,idioma/accesibilidad; loading/error; no convertir falta de datos en seguro,"cola de contraste; evidencia previa debe reconciliarse, no significa nunca probado"
src/pages/Glossary.tsx,pagina,/glossary,inventoried_only,True,ed3c22d3936f05f963470f85e07be73feab134410e13989077a6f5c65bab9abb,identidad,anónimo/autenticado; rol permitido/denegado; sesión expirada/revocada,"cola de contraste; evidencia previa debe reconciliarse, no significa nunca probado"
src/pages/Glossary.tsx,pagina,/glossary,inventoried_only,True,ed3c22d3936f05f963470f85e07be73feab134410e13989077a6f5c65bab9abb,ambito,sin proyecto; A→B→A; cambio de empresa; respuesta tardía,"cola de contraste; evidencia previa debe reconciliarse, no significa nunca probado"
src/pages/Glossary.tsx,pagina,/glossary,inventoried_only,True,ed3c22d3936f05f963470f85e07be73feab134410e13989077a6f5c65bab9abb,entrada,menú/URL/QR/push; arranque frío; demo frente a rama normal,"cola de contraste; evidencia previa debe reconciliarse, no significa nunca probado"
src/pages/Glossary.tsx,pagina,/glossary,inventoried_only,True,ed3c22d3936f05f963470f85e07be73feab134410e13989077a6f5c65bab9abb,datos,vacío/inválido/antiguo; unidades y fechas; procedencia real,"cola de contraste; evidencia previa debe reconciliarse, no significa nunca probado"
src/pages/Glossary.tsx,pagina,/glossary,inventoried_only,True,ed3c22d3936f05f963470f85e07be73feab134410e13989077a6f5c65bab9abb,red,online/offline; timeout/403/500; recuperación sin estado residual,"cola de contraste; evidencia previa debe reconciliarse, no significa nunca probado"
src/pages/Glossary.tsx,pagina,/glossary,inventoried_only,True,ed3c22d3936f05f963470f85e07be73feab134410e13989077a6f5c65bab9abb,mutacion,doble clic/reintento/concurrencia; idempotencia y auditoría,"cola de contraste; evidencia previa debe reconciliarse, no significa nunca probado"
src/pages/Glossary.tsx,pagina,/glossary,inventoried_only,True,ed3c22d3936f05f963470f85e07be73feab134410e13989077a6f5c65bab9abb,persistencia,guardar→leer de vuelta→recargar; cola→servidor→consumidor,"cola de contraste; evidencia previa debe reconciliarse, no significa nunca probado"
src/pages/Glossary.tsx,pagina,/glossary,inventoried_only,True,ed3c22d3936f05f963470f85e07be73feab134410e13989077a6f5c65bab9abb,ciclo_vida,background/proceso muerto; actualización PWA; versión antigua,"cola de contraste; evidencia previa debe reconciliarse, no significa nunca probado"
src/pages/Glossary.tsx,pagina,/glossary,inventoried_only,True,ed3c22d3936f05f963470f85e07be73feab134410e13989077a6f5c65bab9abb,salida,exportación/PDF/firma/compartir; integridad; revocación,"cola de contraste; evidencia previa debe reconciliarse, no significa nunca probado"
src/pages/Glossary.tsx,pagina,/glossary,inventoried_only,True,ed3c22d3936f05f963470f85e07be73feab134410e13989077a6f5c65bab9abb,dispositivo,web/Android; permisos revocados; OEM; sensores no disponibles,"cola de contraste; evidencia previa debe reconciliarse, no significa nunca probado"
src/pages/Glossary.tsx,pagina,/glossary,inventoried_only,True,ed3c22d3936f05f963470f85e07be73feab134410e13989077a6f5c65bab9abb,presentacion,idioma/accesibilidad; loading/error; no convertir falta de datos en seguro,"cola de contraste; evidencia previa debe reconciliarse, no significa nunca probado"
src/pages/GoogleDriveIntegrationManager.tsx,pagina,/google-drive,inventoried_only,True,1923ec7ed4f682cf611e6e7195c9eeb78421f6eb76a7f968a195d8a416d1be29,identidad,anónimo/autenticado; rol permitido/denegado; sesión expirada/revocada,"cola de contraste; evidencia previa debe reconciliarse, no significa nunca probado"
src/pages/GoogleDriveIntegrationManager.tsx,pagina,/google-drive,inventoried_only,True,1923ec7ed4f682cf611e6e7195c9eeb78421f6eb76a7f968a195d8a416d1be29,ambito,sin proyecto; A→B→A; cambio de empresa; respuesta tardía,"cola de contraste; evidencia previa debe reconciliarse, no significa nunca probado"
src/pages/GoogleDriveIntegrationManager.tsx,pagina,/google-drive,inventoried_only,True,1923ec7ed4f682cf611e6e7195c9eeb78421f6eb76a7f968a195d8a416d1be29,entrada,menú/URL/QR/push; arranque frío; demo frente a rama normal,"cola de contraste; evidencia previa debe reconciliarse, no significa nunca probado"
src/pages/GoogleDriveIntegrationManager.tsx,pagina,/google-drive,inventoried_only,True,1923ec7ed4f682cf611e6e7195c9eeb78421f6eb76a7f968a195d8a416d1be29,datos,vacío/inválido/antiguo; unidades y fechas; procedencia real,"cola de contraste; evidencia previa debe reconciliarse, no significa nunca probado"
src/pages/GoogleDriveIntegrationManager.tsx,pagina,/google-drive,inventoried_only,True,1923ec7ed4f682cf611e6e7195c9eeb78421f6eb76a7f968a195d8a416d1be29,red,online/offline; timeout/403/500; recuperación sin estado residual,"cola de contraste; evidencia previa debe reconciliarse, no significa nunca probado"
src/pages/GoogleDriveIntegrationManager.tsx,pagina,/google-drive,inventoried_only,True,1923ec7ed4f682cf611e6e7195c9eeb78421f6eb76a7f968a195d8a416d1be29,mutacion,doble clic/reintento/concurrencia; idempotencia y auditoría,"cola de contraste; evidencia previa debe reconciliarse, no significa nunca probado"
src/pages/GoogleDriveIntegrationManager.tsx,pagina,/google-drive,inventoried_only,True,1923ec7ed4f682cf611e6e7195c9eeb78421f6eb76a7f968a195d8a416d1be29,persistencia,guardar→leer de vuelta→recargar; cola→servidor→consumidor,"cola de contraste; evidencia previa debe reconciliarse, no significa nunca probado"
src/pages/GoogleDriveIntegrationManager.tsx,pagina,/google-drive,inventoried_only,True,1923ec7ed4f682cf611e6e7195c9eeb78421f6eb76a7f968a195d8a416d1be29,ciclo_vida,background/proceso muerto; actualización PWA; versión antigua,"cola de contraste; evidencia previa debe reconciliarse, no significa nunca probado"
src/pages/GoogleDriveIntegrationManager.tsx,pagina,/google-drive,inventoried_only,True,1923ec7ed4f682cf611e6e7195c9eeb78421f6eb76a7f968a195d8a416d1be29,salida,exportación/PDF/firma/compartir; integridad; revocación,"cola de contraste; evidencia previa debe reconciliarse, no significa nunca probado"
src/pages/GoogleDriveIntegrationManager.tsx,pagina,/google-drive,inventoried_only,True,1923ec7ed4f682cf611e6e7195c9eeb78421f6eb76a7f968a195d8a416d1be29,dispositivo,web/Android; permisos revocados; OEM; sensores no disponibles,"cola de contraste; evidencia previa debe reconciliarse, no significa nunca probado"
src/pages/GoogleDriveIntegrationManager.tsx,pagina,/google-drive,inventoried_only,True,1923ec7ed4f682cf611e6e7195c9eeb78421f6eb76a7f968a195d8a416d1be29,presentacion,idioma/accesibilidad; loading/error; no convertir falta de datos en seguro,"cola de contraste; evidencia previa debe reconciliarse, no significa nunca probado"
src/pages/HazmatInventoryPage.tsx,pagina,/hazmat-inventory,inventoried_only,True,e5ccee5276b7fd24d98e4a60144456b4c4e9cd2cf57850877f3ffaa92611eeab,identidad,anónimo/autenticado; rol permitido/denegado; sesión expirada/revocada,"cola de contraste; evidencia previa debe reconciliarse, no significa nunca probado"
src/pages/HazmatInventoryPage.tsx,pagina,/hazmat-inventory,inventoried_only,True,e5ccee5276b7fd24d98e4a60144456b4c4e9cd2cf57850877f3ffaa92611eeab,ambito,sin proyecto; A→B→A; cambio de empresa; respuesta tardía,"cola de contraste; evidencia previa debe reconciliarse, no significa nunca probado"
src/pages/HazmatInventoryPage.tsx,pagina,/hazmat-inventory,inventoried_only,True,e5ccee5276b7fd24d98e4a60144456b4c4e9cd2cf57850877f3ffaa92611eeab,entrada,menú/URL/QR/push; arranque frío; demo frente a rama normal,"cola de contraste; evidencia previa debe reconciliarse, no significa nunca probado"
src/pages/HazmatInventoryPage.tsx,pagina,/hazmat-inventory,inventoried_only,True,e5ccee5276b7fd24d98e4a60144456b4c4e9cd2cf57850877f3ffaa92611eeab,datos,vacío/inválido/antiguo; unidades y fechas; procedencia real,"cola de contraste; evidencia previa debe reconciliarse, no significa nunca probado"
src/pages/HazmatInventoryPage.tsx,pagina,/hazmat-inventory,inventoried_only,True,e5ccee5276b7fd24d98e4a60144456b4c4e9cd2cf57850877f3ffaa92611eeab,red,online/offline; timeout/403/500; recuperación sin estado residual,"cola de contraste; evidencia previa debe reconciliarse, no significa nunca probado"
src/pages/HazmatInventoryPage.tsx,pagina,/hazmat-inventory,inventoried_only,True,e5ccee5276b7fd24d98e4a60144456b4c4e9cd2cf57850877f3ffaa92611eeab,mutacion,doble clic/reintento/concurrencia; idempotencia y auditoría,"cola de contraste; evidencia previa debe reconciliarse, no significa nunca probado"
src/pages/HazmatInventoryPage.tsx,pagina,/hazmat-inventory,inventoried_only,True,e5ccee5276b7fd24d98e4a60144456b4c4e9cd2cf57850877f3ffaa92611eeab,persistencia,guardar→leer de vuelta→recargar; cola→servidor→consumidor,"cola de contraste; evidencia previa debe reconciliarse, no significa nunca probado"
src/pages/HazmatInventoryPage.tsx,pagina,/hazmat-inventory,inventoried_only,True,e5ccee5276b7fd24d98e4a60144456b4c4e9cd2cf57850877f3ffaa92611eeab,ciclo_vida,background/proceso muerto; actualización PWA; versión antigua,"cola de contraste; evidencia previa debe reconciliarse, no significa nunca probado"
src/pages/HazmatInventoryPage.tsx,pagina,/hazmat-inventory,inventoried_only,True,e5ccee5276b7fd24d98e4a60144456b4c4e9cd2cf57850877f3ffaa92611eeab,salida,exportación/PDF/firma/compartir; integridad; revocación,"cola de contraste; evidencia previa debe reconciliarse, no significa nunca probado"
src/pages/HazmatInventoryPage.tsx,pagina,/hazmat-inventory,inventoried_only,True,e5ccee5276b7fd24d98e4a60144456b4c4e9cd2cf57850877f3ffaa92611eeab,dispositivo,web/Android; permisos revocados; OEM; sensores no disponibles,"cola de contraste; evidencia previa debe reconciliarse, no significa nunca probado"
src/pages/HazmatInventoryPage.tsx,pagina,/hazmat-inventory,inventoried_only,True,e5ccee5276b7fd24d98e4a60144456b4c4e9cd2cf57850877f3ffaa92611eeab,presentacion,idioma/accesibilidad; loading/error; no convertir falta de datos en seguro,"cola de contraste; evidencia previa debe reconciliarse, no significa nunca probado"
src/pages/HazmatMap.tsx,pagina,/hazmat-map,inventoried_only,True,463d31c8deaca82a0d3d67b76556b46f3485723b33ac0f8970d15bc3d0f43a8b,identidad,anónimo/autenticado; rol permitido/denegado; sesión expirada/revocada,"cola de contraste; evidencia previa debe reconciliarse, no significa nunca probado"
src/pages/HazmatMap.tsx,pagina,/hazmat-map,inventoried_only,True,463d31c8deaca82a0d3d67b76556b46f3485723b33ac0f8970d15bc3d0f43a8b,ambito,sin proyecto; A→B→A; cambio de empresa; respuesta tardía,"cola de contraste; evidencia previa debe reconciliarse, no significa nunca probado"
src/pages/HazmatMap.tsx,pagina,/hazmat-map,inventoried_only,True,463d31c8deaca82a0d3d67b76556b46f3485723b33ac0f8970d15bc3d0f43a8b,entrada,menú/URL/QR/push; arranque frío; demo frente a rama normal,"cola de contraste; evidencia previa debe reconciliarse, no significa nunca probado"
src/pages/HazmatMap.tsx,pagina,/hazmat-map,inventoried_only,True,463d31c8deaca82a0d3d67b76556b46f3485723b33ac0f8970d15bc3d0f43a8b,datos,vacío/inválido/antiguo; unidades y fechas; procedencia real,"cola de contraste; evidencia previa debe reconciliarse, no significa nunca probado"
src/pages/HazmatMap.tsx,pagina,/hazmat-map,inventoried_only,True,463d31c8deaca82a0d3d67b76556b46f3485723b33ac0f8970d15bc3d0f43a8b,red,online/offline; timeout/403/500; recuperación sin estado residual,"cola de contraste; evidencia previa debe reconciliarse, no significa nunca probado"
src/pages/HazmatMap.tsx,pagina,/hazmat-map,inventoried_only,True,463d31c8deaca82a0d3d67b76556b46f3485723b33ac0f8970d15bc3d0f43a8b,mutacion,doble clic/reintento/concurrencia; idempotencia y auditoría,"cola de contraste; evidencia previa debe reconciliarse, no significa nunca probado"
src/pages/HazmatMap.tsx,pagina,/hazmat-map,inventoried_only,True,463d31c8deaca82a0d3d67b76556b46f3485723b33ac0f8970d15bc3d0f43a8b,persistencia,guardar→leer de vuelta→recargar; cola→servidor→consumidor,"cola de contraste; evidencia previa debe reconciliarse, no significa nunca probado"
src/pages/HazmatMap.tsx,pagina,/hazmat-map,inventoried_only,True,463d31c8deaca82a0d3d67b76556b46f3485723b33ac0f8970d15bc3d0f43a8b,ciclo_vida,background/proceso muerto; actualización PWA; versión antigua,"cola de contraste; evidencia previa debe reconciliarse, no significa nunca probado"
src/pages/HazmatMap.tsx,pagina,/hazmat-map,inventoried_only,True,463d31c8deaca82a0d3d67b76556b46f3485723b33ac0f8970d15bc3d0f43a8b,salida,exportación/PDF/firma/compartir; integridad; revocación,"cola de contraste; evidencia previa debe reconciliarse, no significa nunca probado"
src/pages/HazmatMap.tsx,pagina,/hazmat-map,inventoried_only,True,463d31c8deaca82a0d3d67b76556b46f3485723b33ac0f8970d15bc3d0f43a8b,dispositivo,web/Android; permisos revocados; OEM; sensores no disponibles,"cola de contraste; evidencia previa debe reconciliarse, no significa nunca probado"
src/pages/HazmatMap.tsx,pagina,/hazmat-map,inventoried_only,True,463d31c8deaca82a0d3d67b76556b46f3485723b33ac0f8970d15bc3d0f43a8b,presentacion,idioma/accesibilidad; loading/error; no convertir falta de datos en seguro,"cola de contraste; evidencia previa debe reconciliarse, no significa nunca probado"
src/pages/HazmatStorage.tsx,pagina,/hazmat-storage,inventoried_only,True,86e799643387919aab0917ebdd4294f865265f104b249534af1ed7730c3c64f4,identidad,anónimo/autenticado; rol permitido/denegado; sesión expirada/revocada,"cola de contraste; evidencia previa debe reconciliarse, no significa nunca probado"
src/pages/HazmatStorage.tsx,pagina,/hazmat-storage,inventoried_only,True,86e799643387919aab0917ebdd4294f865265f104b249534af1ed7730c3c64f4,ambito,sin proyecto; A→B→A; cambio de empresa; respuesta tardía,"cola de contraste; evidencia previa debe reconciliarse, no significa nunca probado"
src/pages/HazmatStorage.tsx,pagina,/hazmat-storage,inventoried_only,True,86e799643387919aab0917ebdd4294f865265f104b249534af1ed7730c3c64f4,entrada,menú/URL/QR/push; arranque frío; demo frente a rama normal,"cola de contraste; evidencia previa debe reconciliarse, no significa nunca probado"
src/pages/HazmatStorage.tsx,pagina,/hazmat-storage,inventoried_only,True,86e799643387919aab0917ebdd4294f865265f104b249534af1ed7730c3c64f4,datos,vacío/inválido/antiguo; unidades y fechas; procedencia real,"cola de contraste; evidencia previa debe reconciliarse, no significa nunca probado"
src/pages/HazmatStorage.tsx,pagina,/hazmat-storage,inventoried_only,True,86e799643387919aab0917ebdd4294f865265f104b249534af1ed7730c3c64f4,red,online/offline; timeout/403/500; recuperación sin estado residual,"cola de contraste; evidencia previa debe reconciliarse, no significa nunca probado"
src/pages/HazmatStorage.tsx,pagina,/hazmat-storage,inventoried_only,True,86e799643387919aab0917ebdd4294f865265f104b249534af1ed7730c3c64f4,mutacion,doble clic/reintento/concurrencia; idempotencia y auditoría,"cola de contraste; evidencia previa debe reconciliarse, no significa nunca probado"
src/pages/HazmatStorage.tsx,pagina,/hazmat-storage,inventoried_only,True,86e799643387919aab0917ebdd4294f865265f104b249534af1ed7730c3c64f4,persistencia,guardar→leer de vuelta→recargar; cola→servidor→consumidor,"cola de contraste; evidencia previa debe reconciliarse, no significa nunca probado"
src/pages/HazmatStorage.tsx,pagina,/hazmat-storage,inventoried_only,True,86e799643387919aab0917ebdd4294f865265f104b249534af1ed7730c3c64f4,ciclo_vida,background/proceso muerto; actualización PWA; versión antigua,"cola de contraste; evidencia previa debe reconciliarse, no significa nunca probado"
src/pages/HazmatStorage.tsx,pagina,/hazmat-storage,inventoried_only,True,86e799643387919aab0917ebdd4294f865265f104b249534af1ed7730c3c64f4,salida,exportación/PDF/firma/compartir; integridad; revocación,"cola de contraste; evidencia previa debe reconciliarse, no significa nunca probado"
src/pages/HazmatStorage.tsx,pagina,/hazmat-storage,inventoried_only,True,86e799643387919aab0917ebdd4294f865265f104b249534af1ed7730c3c64f4,dispositivo,web/Android; permisos revocados; OEM; sensores no disponibles,"cola de contraste; evidencia previa debe reconciliarse, no significa nunca probado"
src/pages/HazmatStorage.tsx,pagina,/hazmat-storage,inventoried_only,True,86e799643387919aab0917ebdd4294f865265f104b249534af1ed7730c3c64f4,presentacion,idioma/accesibilidad; loading/error; no convertir falta de datos en seguro,"cola de contraste; evidencia previa debe reconciliarse, no significa nunca probado"
src/pages/HealthVaultShare.tsx,pagina,/my-data/share,inventoried_only,True,b2f31909c8cc1f2925dffdcd4f5abeb5fe2d4e19d6e8b9056912511455f0f2e3,identidad,anónimo/autenticado; rol permitido/denegado; sesión expirada/revocada,"cola de contraste; evidencia previa debe reconciliarse, no significa nunca probado"
src/pages/HealthVaultShare.tsx,pagina,/my-data/share,inventoried_only,True,b2f31909c8cc1f2925dffdcd4f5abeb5fe2d4e19d6e8b9056912511455f0f2e3,ambito,sin proyecto; A→B→A; cambio de empresa; respuesta tardía,"cola de contraste; evidencia previa debe reconciliarse, no significa nunca probado"
src/pages/HealthVaultShare.tsx,pagina,/my-data/share,inventoried_only,True,b2f31909c8cc1f2925dffdcd4f5abeb5fe2d4e19d6e8b9056912511455f0f2e3,entrada,menú/URL/QR/push; arranque frío; demo frente a rama normal,"cola de contraste; evidencia previa debe reconciliarse, no significa nunca probado"
src/pages/HealthVaultShare.tsx,pagina,/my-data/share,inventoried_only,True,b2f31909c8cc1f2925dffdcd4f5abeb5fe2d4e19d6e8b9056912511455f0f2e3,datos,vacío/inválido/antiguo; unidades y fechas; procedencia real,"cola de contraste; evidencia previa debe reconciliarse, no significa nunca probado"
src/pages/HealthVaultShare.tsx,pagina,/my-data/share,inventoried_only,True,b2f31909c8cc1f2925dffdcd4f5abeb5fe2d4e19d6e8b9056912511455f0f2e3,red,online/offline; timeout/403/500; recuperación sin estado residual,"cola de contraste; evidencia previa debe reconciliarse, no significa nunca probado"
src/pages/HealthVaultShare.tsx,pagina,/my-data/share,inventoried_only,True,b2f31909c8cc1f2925dffdcd4f5abeb5fe2d4e19d6e8b9056912511455f0f2e3,mutacion,doble clic/reintento/concurrencia; idempotencia y auditoría,"cola de contraste; evidencia previa debe reconciliarse, no significa nunca probado"
src/pages/HealthVaultShare.tsx,pagina,/my-data/share,inventoried_only,True,b2f31909c8cc1f2925dffdcd4f5abeb5fe2d4e19d6e8b9056912511455f0f2e3,persistencia,guardar→leer de vuelta→recargar; cola→servidor→consumidor,"cola de contraste; evidencia previa debe reconciliarse, no significa nunca probado"
src/pages/HealthVaultShare.tsx,pagina,/my-data/share,inventoried_only,True,b2f31909c8cc1f2925dffdcd4f5abeb5fe2d4e19d6e8b9056912511455f0f2e3,ciclo_vida,background/proceso muerto; actualización PWA; versión antigua,"cola de contraste; evidencia previa debe reconciliarse, no significa nunca probado"
src/pages/HealthVaultShare.tsx,pagina,/my-data/share,inventoried_only,True,b2f31909c8cc1f2925dffdcd4f5abeb5fe2d4e19d6e8b9056912511455f0f2e3,salida,exportación/PDF/firma/compartir; integridad; revocación,"cola de contraste; evidencia previa debe reconciliarse, no significa nunca probado"
src/pages/HealthVaultShare.tsx,pagina,/my-data/share,inventoried_only,True,b2f31909c8cc1f2925dffdcd4f5abeb5fe2d4e19d6e8b9056912511455f0f2e3,dispositivo,web/Android; permisos revocados; OEM; sensores no disponibles,"cola de contraste; evidencia previa debe reconciliarse, no significa nunca probado"
src/pages/HealthVaultShare.tsx,pagina,/my-data/share,inventoried_only,True,b2f31909c8cc1f2925dffdcd4f5abeb5fe2d4e19d6e8b9056912511455f0f2e3,presentacion,idioma/accesibilidad; loading/error; no convertir falta de datos en seguro,"cola de contraste; evidencia previa debe reconciliarse, no significa nunca probado"
src/pages/HealthVaultViewer.tsx,pagina,/vault/share/:tokenId | /vault/share/:tokenId/:secret,inventoried_only,True,086d8412eedfaff1db61c2ed164bcb3244478c41e8802213eaa3f56f7de13764,identidad,anónimo/autenticado; rol permitido/denegado; sesión expirada/revocada,"cola de contraste; evidencia previa debe reconciliarse, no significa nunca probado"
src/pages/HealthVaultViewer.tsx,pagina,/vault/share/:tokenId | /vault/share/:tokenId/:secret,inventoried_only,True,086d8412eedfaff1db61c2ed164bcb3244478c41e8802213eaa3f56f7de13764,ambito,sin proyecto; A→B→A; cambio de empresa; respuesta tardía,"cola de contraste; evidencia previa debe reconciliarse, no significa nunca probado"
src/pages/HealthVaultViewer.tsx,pagina,/vault/share/:tokenId | /vault/share/:tokenId/:secret,inventoried_only,True,086d8412eedfaff1db61c2ed164bcb3244478c41e8802213eaa3f56f7de13764,entrada,menú/URL/QR/push; arranque frío; demo frente a rama normal,"cola de contraste; evidencia previa debe reconciliarse, no significa nunca probado"
src/pages/HealthVaultViewer.tsx,pagina,/vault/share/:tokenId | /vault/share/:tokenId/:secret,inventoried_only,True,086d8412eedfaff1db61c2ed164bcb3244478c41e8802213eaa3f56f7de13764,datos,vacío/inválido/antiguo; unidades y fechas; procedencia real,"cola de contraste; evidencia previa debe reconciliarse, no significa nunca probado"
src/pages/HealthVaultViewer.tsx,pagina,/vault/share/:tokenId | /vault/share/:tokenId/:secret,inventoried_only,True,086d8412eedfaff1db61c2ed164bcb3244478c41e8802213eaa3f56f7de13764,red,online/offline; timeout/403/500; recuperación sin estado residual,"cola de contraste; evidencia previa debe reconciliarse, no significa nunca probado"
src/pages/HealthVaultViewer.tsx,pagina,/vault/share/:tokenId | /vault/share/:tokenId/:secret,inventoried_only,True,086d8412eedfaff1db61c2ed164bcb3244478c41e8802213eaa3f56f7de13764,mutacion,doble clic/reintento/concurrencia; idempotencia y auditoría,"cola de contraste; evidencia previa debe reconciliarse, no significa nunca probado"
src/pages/HealthVaultViewer.tsx,pagina,/vault/share/:tokenId | /vault/share/:tokenId/:secret,inventoried_only,True,086d8412eedfaff1db61c2ed164bcb3244478c41e8802213eaa3f56f7de13764,persistencia,guardar→leer de vuelta→recargar; cola→servidor→consumidor,"cola de contraste; evidencia previa debe reconciliarse, no significa nunca probado"
src/pages/HealthVaultViewer.tsx,pagina,/vault/share/:tokenId | /vault/share/:tokenId/:secret,inventoried_only,True,086d8412eedfaff1db61c2ed164bcb3244478c41e8802213eaa3f56f7de13764,ciclo_vida,background/proceso muerto; actualización PWA; versión antigua,"cola de contraste; evidencia previa debe reconciliarse, no significa nunca probado"
src/pages/HealthVaultViewer.tsx,pagina,/vault/share/:tokenId | /vault/share/:tokenId/:secret,inventoried_only,True,086d8412eedfaff1db61c2ed164bcb3244478c41e8802213eaa3f56f7de13764,salida,exportación/PDF/firma/compartir; integridad; revocación,"cola de contraste; evidencia previa debe reconciliarse, no significa nunca probado"
src/pages/HealthVaultViewer.tsx,pagina,/vault/share/:tokenId | /vault/share/:tokenId/:secret,inventoried_only,True,086d8412eedfaff1db61c2ed164bcb3244478c41e8802213eaa3f56f7de13764,dispositivo,web/Android; permisos revocados; OEM; sensores no disponibles,"cola de contraste; evidencia previa debe reconciliarse, no significa nunca probado"
src/pages/HealthVaultViewer.tsx,pagina,/vault/share/:tokenId | /vault/share/:tokenId/:secret,inventoried_only,True,086d8412eedfaff1db61c2ed164bcb3244478c41e8802213eaa3f56f7de13764,presentacion,idioma/accesibilidad; loading/error; no convertir falta de datos en seguro,"cola de contraste; evidencia previa debe reconciliarse, no significa nunca probado"
src/pages/Help.tsx,pagina,/help,referenced_in_vault_depth_unverified,True,764786e9fe2a21afb22811be20595b1bc499339668b05b786b3f121386ba8151,identidad,anónimo/autenticado; rol permitido/denegado; sesión expirada/revocada,"cola de contraste; evidencia previa debe reconciliarse, no significa nunca probado"
src/pages/Help.tsx,pagina,/help,referenced_in_vault_depth_unverified,True,764786e9fe2a21afb22811be20595b1bc499339668b05b786b3f121386ba8151,ambito,sin proyecto; A→B→A; cambio de empresa; respuesta tardía,"cola de contraste; evidencia previa debe reconciliarse, no significa nunca probado"
src/pages/Help.tsx,pagina,/help,referenced_in_vault_depth_unverified,True,764786e9fe2a21afb22811be20595b1bc499339668b05b786b3f121386ba8151,entrada,menú/URL/QR/push; arranque frío; demo frente a rama normal,"cola de contraste; evidencia previa debe reconciliarse, no significa nunca probado"
src/pages/Help.tsx,pagina,/help,referenced_in_vault_depth_unverified,True,764786e9fe2a21afb22811be20595b1bc499339668b05b786b3f121386ba8151,datos,vacío/inválido/antiguo; unidades y fechas; procedencia real,"cola de contraste; evidencia previa debe reconciliarse, no significa nunca probado"
src/pages/Help.tsx,pagina,/help,referenced_in_vault_depth_unverified,True,764786e9fe2a21afb22811be20595b1bc499339668b05b786b3f121386ba8151,red,online/offline; timeout/403/500; recuperación sin estado residual,"cola de contraste; evidencia previa debe reconciliarse, no significa nunca probado"
src/pages/Help.tsx,pagina,/help,referenced_in_vault_depth_unverified,True,764786e9fe2a21afb22811be20595b1bc499339668b05b786b3f121386ba8151,mutacion,doble clic/reintento/concurrencia; idempotencia y auditoría,"cola de contraste; evidencia previa debe reconciliarse, no significa nunca probado"
src/pages/Help.tsx,pagina,/help,referenced_in_vault_depth_unverified,True,764786e9fe2a21afb22811be20595b1bc499339668b05b786b3f121386ba8151,persistencia,guardar→leer de vuelta→recargar; cola→servidor→consumidor,"cola de contraste; evidencia previa debe reconciliarse, no significa nunca probado"
src/pages/Help.tsx,pagina,/help,referenced_in_vault_depth_unverified,True,764786e9fe2a21afb22811be20595b1bc499339668b05b786b3f121386ba8151,ciclo_vida,background/proceso muerto; actualización PWA; versión antigua,"cola de contraste; evidencia previa debe reconciliarse, no significa nunca probado"
src/pages/Help.tsx,pagina,/help,referenced_in_vault_depth_unverified,True,764786e9fe2a21afb22811be20595b1bc499339668b05b786b3f121386ba8151,salida,exportación/PDF/firma/compartir; integridad; revocación,"cola de contraste; evidencia previa debe reconciliarse, no significa nunca probado"
src/pages/Help.tsx,pagina,/help,referenced_in_vault_depth_unverified,True,764786e9fe2a21afb22811be20595b1bc499339668b05b786b3f121386ba8151,dispositivo,web/Android; permisos revocados; OEM; sensores no disponibles,"cola de contraste; evidencia previa debe reconciliarse, no significa nunca probado"
src/pages/Help.tsx,pagina,/help,referenced_in_vault_depth_unverified,True,764786e9fe2a21afb22811be20595b1bc499339668b05b786b3f121386ba8151,presentacion,idioma/accesibilidad; loading/error; no convertir falta de datos en seguro,"cola de contraste; evidencia previa debe reconciliarse, no significa nunca probado"
src/pages/History.tsx,pagina,/history,referenced_in_vault_depth_unverified,True,622f78858155949654472d85d016b7fe657cc230e314d715bc1389d444c57599,identidad,anónimo/autenticado; rol permitido/denegado; sesión expirada/revocada,"cola de contraste; evidencia previa debe reconciliarse, no significa nunca probado"
src/pages/History.tsx,pagina,/history,referenced_in_vault_depth_unverified,True,622f78858155949654472d85d016b7fe657cc230e314d715bc1389d444c57599,ambito,sin proyecto; A→B→A; cambio de empresa; respuesta tardía,"cola de contraste; evidencia previa debe reconciliarse, no significa nunca probado"
src/pages/History.tsx,pagina,/history,referenced_in_vault_depth_unverified,True,622f78858155949654472d85d016b7fe657cc230e314d715bc1389d444c57599,entrada,menú/URL/QR/push; arranque frío; demo frente a rama normal,"cola de contraste; evidencia previa debe reconciliarse, no significa nunca probado"
src/pages/History.tsx,pagina,/history,referenced_in_vault_depth_unverified,True,622f78858155949654472d85d016b7fe657cc230e314d715bc1389d444c57599,datos,vacío/inválido/antiguo; unidades y fechas; procedencia real,"cola de contraste; evidencia previa debe reconciliarse, no significa nunca probado"
src/pages/History.tsx,pagina,/history,referenced_in_vault_depth_unverified,True,622f78858155949654472d85d016b7fe657cc230e314d715bc1389d444c57599,red,online/offline; timeout/403/500; recuperación sin estado residual,"cola de contraste; evidencia previa debe reconciliarse, no significa nunca probado"
src/pages/History.tsx,pagina,/history,referenced_in_vault_depth_unverified,True,622f78858155949654472d85d016b7fe657cc230e314d715bc1389d444c57599,mutacion,doble clic/reintento/concurrencia; idempotencia y auditoría,"cola de contraste; evidencia previa debe reconciliarse, no significa nunca probado"
src/pages/History.tsx,pagina,/history,referenced_in_vault_depth_unverified,True,622f78858155949654472d85d016b7fe657cc230e314d715bc1389d444c57599,persistencia,guardar→leer de vuelta→recargar; cola→servidor→consumidor,"cola de contraste; evidencia previa debe reconciliarse, no significa nunca probado"
src/pages/History.tsx,pagina,/history,referenced_in_vault_depth_unverified,True,622f78858155949654472d85d016b7fe657cc230e314d715bc1389d444c57599,ciclo_vida,background/proceso muerto; actualización PWA; versión antigua,"cola de contraste; evidencia previa debe reconciliarse, no significa nunca probado"
src/pages/History.tsx,pagina,/history,referenced_in_vault_depth_unverified,True,622f78858155949654472d85d016b7fe657cc230e314d715bc1389d444c57599,salida,exportación/PDF/firma/compartir; integridad; revocación,"cola de contraste; evidencia previa debe reconciliarse, no significa nunca probado"
src/pages/History.tsx,pagina,/history,referenced_in_vault_depth_unverified,True,622f78858155949654472d85d016b7fe657cc230e314d715bc1389d444c57599,dispositivo,web/Android; permisos revocados; OEM; sensores no disponibles,"cola de contraste; evidencia previa debe reconciliarse, no significa nunca probado"
src/pages/History.tsx,pagina,/history,referenced_in_vault_depth_unverified,True,622f78858155949654472d85d016b7fe657cc230e314d715bc1389d444c57599,presentacion,idioma/accesibilidad; loading/error; no convertir falta de datos en seguro,"cola de contraste; evidencia previa debe reconciliarse, no significa nunca probado"
src/pages/HumanBodyViewer.tsx,pagina,/human-body,referenced_in_vault_depth_unverified,True,74636384c08e2b5a707d19486525d608f96d00c67d41016ec3c986effc8baa13,identidad,anónimo/autenticado; rol permitido/denegado; sesión expirada/revocada,"cola de contraste; evidencia previa debe reconciliarse, no significa nunca probado"
src/pages/HumanBodyViewer.tsx,pagina,/human-body,referenced_in_vault_depth_unverified,True,74636384c08e2b5a707d19486525d608f96d00c67d41016ec3c986effc8baa13,ambito,sin proyecto; A→B→A; cambio de empresa; respuesta tardía,"cola de contraste; evidencia previa debe reconciliarse, no significa nunca probado"
src/pages/HumanBodyViewer.tsx,pagina,/human-body,referenced_in_vault_depth_unverified,True,74636384c08e2b5a707d19486525d608f96d00c67d41016ec3c986effc8baa13,entrada,menú/URL/QR/push; arranque frío; demo frente a rama normal,"cola de contraste; evidencia previa debe reconciliarse, no significa nunca probado"
src/pages/HumanBodyViewer.tsx,pagina,/human-body,referenced_in_vault_depth_unverified,True,74636384c08e2b5a707d19486525d608f96d00c67d41016ec3c986effc8baa13,datos,vacío/inválido/antiguo; unidades y fechas; procedencia real,"cola de contraste; evidencia previa debe reconciliarse, no significa nunca probado"
src/pages/HumanBodyViewer.tsx,pagina,/human-body,referenced_in_vault_depth_unverified,True,74636384c08e2b5a707d19486525d608f96d00c67d41016ec3c986effc8baa13,red,online/offline; timeout/403/500; recuperación sin estado residual,"cola de contraste; evidencia previa debe reconciliarse, no significa nunca probado"
src/pages/HumanBodyViewer.tsx,pagina,/human-body,referenced_in_vault_depth_unverified,True,74636384c08e2b5a707d19486525d608f96d00c67d41016ec3c986effc8baa13,mutacion,doble clic/reintento/concurrencia; idempotencia y auditoría,"cola de contraste; evidencia previa debe reconciliarse, no significa nunca probado"
src/pages/HumanBodyViewer.tsx,pagina,/human-body,referenced_in_vault_depth_unverified,True,74636384c08e2b5a707d19486525d608f96d00c67d41016ec3c986effc8baa13,persistencia,guardar→leer de vuelta→recargar; cola→servidor→consumidor,"cola de contraste; evidencia previa debe reconciliarse, no significa nunca probado"
src/pages/HumanBodyViewer.tsx,pagina,/human-body,referenced_in_vault_depth_unverified,True,74636384c08e2b5a707d19486525d608f96d00c67d41016ec3c986effc8baa13,ciclo_vida,background/proceso muerto; actualización PWA; versión antigua,"cola de contraste; evidencia previa debe reconciliarse, no significa nunca probado"
src/pages/HumanBodyViewer.tsx,pagina,/human-body,referenced_in_vault_depth_unverified,True,74636384c08e2b5a707d19486525d608f96d00c67d41016ec3c986effc8baa13,salida,exportación/PDF/firma/compartir; integridad; revocación,"cola de contraste; evidencia previa debe reconciliarse, no significa nunca probado"
src/pages/HumanBodyViewer.tsx,pagina,/human-body,referenced_in_vault_depth_unverified,True,74636384c08e2b5a707d19486525d608f96d00c67d41016ec3c986effc8baa13,dispositivo,web/Android; permisos revocados; OEM; sensores no disponibles,"cola de contraste; evidencia previa debe reconciliarse, no significa nunca probado"
src/pages/HumanBodyViewer.tsx,pagina,/human-body,referenced_in_vault_depth_unverified,True,74636384c08e2b5a707d19486525d608f96d00c67d41016ec3c986effc8baa13,presentacion,idioma/accesibilidad; loading/error; no convertir falta de datos en seguro,"cola de contraste; evidencia previa debe reconciliarse, no significa nunca probado"
src/pages/Hygiene.tsx,pagina,/hygiene,referenced_in_vault_depth_unverified,True,c8b7f43618fd07ee98972d9c947f35399c405880656390d9d67bd5b1247a21c3,identidad,anónimo/autenticado; rol permitido/denegado; sesión expirada/revocada,"cola de contraste; evidencia previa debe reconciliarse, no significa nunca probado"
src/pages/Hygiene.tsx,pagina,/hygiene,referenced_in_vault_depth_unverified,True,c8b7f43618fd07ee98972d9c947f35399c405880656390d9d67bd5b1247a21c3,ambito,sin proyecto; A→B→A; cambio de empresa; respuesta tardía,"cola de contraste; evidencia previa debe reconciliarse, no significa nunca probado"
src/pages/Hygiene.tsx,pagina,/hygiene,referenced_in_vault_depth_unverified,True,c8b7f43618fd07ee98972d9c947f35399c405880656390d9d67bd5b1247a21c3,entrada,menú/URL/QR/push; arranque frío; demo frente a rama normal,"cola de contraste; evidencia previa debe reconciliarse, no significa nunca probado"
src/pages/Hygiene.tsx,pagina,/hygiene,referenced_in_vault_depth_unverified,True,c8b7f43618fd07ee98972d9c947f35399c405880656390d9d67bd5b1247a21c3,datos,vacío/inválido/antiguo; unidades y fechas; procedencia real,"cola de contraste; evidencia previa debe reconciliarse, no significa nunca probado"
src/pages/Hygiene.tsx,pagina,/hygiene,referenced_in_vault_depth_unverified,True,c8b7f43618fd07ee98972d9c947f35399c405880656390d9d67bd5b1247a21c3,red,online/offline; timeout/403/500; recuperación sin estado residual,"cola de contraste; evidencia previa debe reconciliarse, no significa nunca probado"
src/pages/Hygiene.tsx,pagina,/hygiene,referenced_in_vault_depth_unverified,True,c8b7f43618fd07ee98972d9c947f35399c405880656390d9d67bd5b1247a21c3,mutacion,doble clic/reintento/concurrencia; idempotencia y auditoría,"cola de contraste; evidencia previa debe reconciliarse, no significa nunca probado"
src/pages/Hygiene.tsx,pagina,/hygiene,referenced_in_vault_depth_unverified,True,c8b7f43618fd07ee98972d9c947f35399c405880656390d9d67bd5b1247a21c3,persistencia,guardar→leer de vuelta→recargar; cola→servidor→consumidor,"cola de contraste; evidencia previa debe reconciliarse, no significa nunca probado"
src/pages/Hygiene.tsx,pagina,/hygiene,referenced_in_vault_depth_unverified,True,c8b7f43618fd07ee98972d9c947f35399c405880656390d9d67bd5b1247a21c3,ciclo_vida,background/proceso muerto; actualización PWA; versión antigua,"cola de contraste; evidencia previa debe reconciliarse, no significa nunca probado"
src/pages/Hygiene.tsx,pagina,/hygiene,referenced_in_vault_depth_unverified,True,c8b7f43618fd07ee98972d9c947f35399c405880656390d9d67bd5b1247a21c3,salida,exportación/PDF/firma/compartir; integridad; revocación,"cola de contraste; evidencia previa debe reconciliarse, no significa nunca probado"
src/pages/Hygiene.tsx,pagina,/hygiene,referenced_in_vault_depth_unverified,True,c8b7f43618fd07ee98972d9c947f35399c405880656390d9d67bd5b1247a21c3,dispositivo,web/Android; permisos revocados; OEM; sensores no disponibles,"cola de contraste; evidencia previa debe reconciliarse, no significa nunca probado"
src/pages/Hygiene.tsx,pagina,/hygiene,referenced_in_vault_depth_unverified,True,c8b7f43618fd07ee98972d9c947f35399c405880656390d9d67bd5b1247a21c3,presentacion,idioma/accesibilidad; loading/error; no convertir falta de datos en seguro,"cola de contraste; evidencia previa debe reconciliarse, no significa nunca probado"
src/pages/ImmutableRender.tsx,pagina,/immutable-render,referenced_in_vault_depth_unverified,True,b29aec56f716cd4206f856c2f4072c3a4b12a02488450ad622b554c90635e60d,identidad,anónimo/autenticado; rol permitido/denegado; sesión expirada/revocada,"cola de contraste; evidencia previa debe reconciliarse, no significa nunca probado"
src/pages/ImmutableRender.tsx,pagina,/immutable-render,referenced_in_vault_depth_unverified,True,b29aec56f716cd4206f856c2f4072c3a4b12a02488450ad622b554c90635e60d,ambito,sin proyecto; A→B→A; cambio de empresa; respuesta tardía,"cola de contraste; evidencia previa debe reconciliarse, no significa nunca probado"
src/pages/ImmutableRender.tsx,pagina,/immutable-render,referenced_in_vault_depth_unverified,True,b29aec56f716cd4206f856c2f4072c3a4b12a02488450ad622b554c90635e60d,entrada,menú/URL/QR/push; arranque frío; demo frente a rama normal,"cola de contraste; evidencia previa debe reconciliarse, no significa nunca probado"
src/pages/ImmutableRender.tsx,pagina,/immutable-render,referenced_in_vault_depth_unverified,True,b29aec56f716cd4206f856c2f4072c3a4b12a02488450ad622b554c90635e60d,datos,vacío/inválido/antiguo; unidades y fechas; procedencia real,"cola de contraste; evidencia previa debe reconciliarse, no significa nunca probado"
src/pages/ImmutableRender.tsx,pagina,/immutable-render,referenced_in_vault_depth_unverified,True,b29aec56f716cd4206f856c2f4072c3a4b12a02488450ad622b554c90635e60d,red,online/offline; timeout/403/500; recuperación sin estado residual,"cola de contraste; evidencia previa debe reconciliarse, no significa nunca probado"
src/pages/ImmutableRender.tsx,pagina,/immutable-render,referenced_in_vault_depth_unverified,True,b29aec56f716cd4206f856c2f4072c3a4b12a02488450ad622b554c90635e60d,mutacion,doble clic/reintento/concurrencia; idempotencia y auditoría,"cola de contraste; evidencia previa debe reconciliarse, no significa nunca probado"
src/pages/ImmutableRender.tsx,pagina,/immutable-render,referenced_in_vault_depth_unverified,True,b29aec56f716cd4206f856c2f4072c3a4b12a02488450ad622b554c90635e60d,persistencia,guardar→leer de vuelta→recargar; cola→servidor→consumidor,"cola de contraste; evidencia previa debe reconciliarse, no significa nunca probado"
src/pages/ImmutableRender.tsx,pagina,/immutable-render,referenced_in_vault_depth_unverified,True,b29aec56f716cd4206f856c2f4072c3a4b12a02488450ad622b554c90635e60d,ciclo_vida,background/proceso muerto; actualización PWA; versión antigua,"cola de contraste; evidencia previa debe reconciliarse, no significa nunca probado"
src/pages/ImmutableRender.tsx,pagina,/immutable-render,referenced_in_vault_depth_unverified,True,b29aec56f716cd4206f856c2f4072c3a4b12a02488450ad622b554c90635e60d,salida,exportación/PDF/firma/compartir; integridad; revocación,"cola de contraste; evidencia previa debe reconciliarse, no significa nunca probado"
src/pages/ImmutableRender.tsx,pagina,/immutable-render,referenced_in_vault_depth_unverified,True,b29aec56f716cd4206f856c2f4072c3a4b12a02488450ad622b554c90635e60d,dispositivo,web/Android; permisos revocados; OEM; sensores no disponibles,"cola de contraste; evidencia previa debe reconciliarse, no significa nunca probado"
src/pages/ImmutableRender.tsx,pagina,/immutable-render,referenced_in_vault_depth_unverified,True,b29aec56f716cd4206f856c2f4072c3a4b12a02488450ad622b554c90635e60d,presentacion,idioma/accesibilidad; loading/error; no convertir falta de datos en seguro,"cola de contraste; evidencia previa debe reconciliarse, no significa nunca probado"
src/pages/ImportData.tsx,pagina,/import-data,referenced_in_vault_depth_unverified,True,9c69cc0c8754ac7200ff5e6e4c647d1523ac9840c8497f9907d27b3772ca6ac0,identidad,anónimo/autenticado; rol permitido/denegado; sesión expirada/revocada,"cola de contraste; evidencia previa debe reconciliarse, no significa nunca probado"
src/pages/ImportData.tsx,pagina,/import-data,referenced_in_vault_depth_unverified,True,9c69cc0c8754ac7200ff5e6e4c647d1523ac9840c8497f9907d27b3772ca6ac0,ambito,sin proyecto; A→B→A; cambio de empresa; respuesta tardía,"cola de contraste; evidencia previa debe reconciliarse, no significa nunca probado"
src/pages/ImportData.tsx,pagina,/import-data,referenced_in_vault_depth_unverified,True,9c69cc0c8754ac7200ff5e6e4c647d1523ac9840c8497f9907d27b3772ca6ac0,entrada,menú/URL/QR/push; arranque frío; demo frente a rama normal,"cola de contraste; evidencia previa debe reconciliarse, no significa nunca probado"
src/pages/ImportData.tsx,pagina,/import-data,referenced_in_vault_depth_unverified,True,9c69cc0c8754ac7200ff5e6e4c647d1523ac9840c8497f9907d27b3772ca6ac0,datos,vacío/inválido/antiguo; unidades y fechas; procedencia real,"cola de contraste; evidencia previa debe reconciliarse, no significa nunca probado"
src/pages/ImportData.tsx,pagina,/import-data,referenced_in_vault_depth_unverified,True,9c69cc0c8754ac7200ff5e6e4c647d1523ac9840c8497f9907d27b3772ca6ac0,red,online/offline; timeout/403/500; recuperación sin estado residual,"cola de contraste; evidencia previa debe reconciliarse, no significa nunca probado"
src/pages/ImportData.tsx,pagina,/import-data,referenced_in_vault_depth_unverified,True,9c69cc0c8754ac7200ff5e6e4c647d1523ac9840c8497f9907d27b3772ca6ac0,mutacion,doble clic/reintento/concurrencia; idempotencia y auditoría,"cola de contraste; evidencia previa debe reconciliarse, no significa nunca probado"
src/pages/ImportData.tsx,pagina,/import-data,referenced_in_vault_depth_unverified,True,9c69cc0c8754ac7200ff5e6e4c647d1523ac9840c8497f9907d27b3772ca6ac0,persistencia,guardar→leer de vuelta→recargar; cola→servidor→consumidor,"cola de contraste; evidencia previa debe reconciliarse, no significa nunca probado"
src/pages/ImportData.tsx,pagina,/import-data,referenced_in_vault_depth_unverified,True,9c69cc0c8754ac7200ff5e6e4c647d1523ac9840c8497f9907d27b3772ca6ac0,ciclo_vida,background/proceso muerto; actualización PWA; versión antigua,"cola de contraste; evidencia previa debe reconciliarse, no significa nunca probado"
src/pages/ImportData.tsx,pagina,/import-data,referenced_in_vault_depth_unverified,True,9c69cc0c8754ac7200ff5e6e4c647d1523ac9840c8497f9907d27b3772ca6ac0,salida,exportación/PDF/firma/compartir; integridad; revocación,"cola de contraste; evidencia previa debe reconciliarse, no significa nunca probado"
src/pages/ImportData.tsx,pagina,/import-data,referenced_in_vault_depth_unverified,True,9c69cc0c8754ac7200ff5e6e4c647d1523ac9840c8497f9907d27b3772ca6ac0,dispositivo,web/Android; permisos revocados; OEM; sensores no disponibles,"cola de contraste; evidencia previa debe reconciliarse, no significa nunca probado"
src/pages/ImportData.tsx,pagina,/import-data,referenced_in_vault_depth_unverified,True,9c69cc0c8754ac7200ff5e6e4c647d1523ac9840c8497f9907d27b3772ca6ac0,presentacion,idioma/accesibilidad; loading/error; no convertir falta de datos en seguro,"cola de contraste; evidencia previa debe reconciliarse, no significa nunca probado"
src/pages/Inbox.tsx,pagina,/inbox,referenced_in_vault_depth_unverified,True,8c887b77577f821474d8ffbe69daab2544b1327f36923cf1c9c6252d096a29d7,identidad,anónimo/autenticado; rol permitido/denegado; sesión expirada/revocada,"cola de contraste; evidencia previa debe reconciliarse, no significa nunca probado"
src/pages/Inbox.tsx,pagina,/inbox,referenced_in_vault_depth_unverified,True,8c887b77577f821474d8ffbe69daab2544b1327f36923cf1c9c6252d096a29d7,ambito,sin proyecto; A→B→A; cambio de empresa; respuesta tardía,"cola de contraste; evidencia previa debe reconciliarse, no significa nunca probado"
src/pages/Inbox.tsx,pagina,/inbox,referenced_in_vault_depth_unverified,True,8c887b77577f821474d8ffbe69daab2544b1327f36923cf1c9c6252d096a29d7,entrada,menú/URL/QR/push; arranque frío; demo frente a rama normal,"cola de contraste; evidencia previa debe reconciliarse, no significa nunca probado"
src/pages/Inbox.tsx,pagina,/inbox,referenced_in_vault_depth_unverified,True,8c887b77577f821474d8ffbe69daab2544b1327f36923cf1c9c6252d096a29d7,datos,vacío/inválido/antiguo; unidades y fechas; procedencia real,"cola de contraste; evidencia previa debe reconciliarse, no significa nunca probado"
src/pages/Inbox.tsx,pagina,/inbox,referenced_in_vault_depth_unverified,True,8c887b77577f821474d8ffbe69daab2544b1327f36923cf1c9c6252d096a29d7,red,online/offline; timeout/403/500; recuperación sin estado residual,"cola de contraste; evidencia previa debe reconciliarse, no significa nunca probado"
src/pages/Inbox.tsx,pagina,/inbox,referenced_in_vault_depth_unverified,True,8c887b77577f821474d8ffbe69daab2544b1327f36923cf1c9c6252d096a29d7,mutacion,doble clic/reintento/concurrencia; idempotencia y auditoría,"cola de contraste; evidencia previa debe reconciliarse, no significa nunca probado"
src/pages/Inbox.tsx,pagina,/inbox,referenced_in_vault_depth_unverified,True,8c887b77577f821474d8ffbe69daab2544b1327f36923cf1c9c6252d096a29d7,persistencia,guardar→leer de vuelta→recargar; cola→servidor→consumidor,"cola de contraste; evidencia previa debe reconciliarse, no significa nunca probado"
src/pages/Inbox.tsx,pagina,/inbox,referenced_in_vault_depth_unverified,True,8c887b77577f821474d8ffbe69daab2544b1327f36923cf1c9c6252d096a29d7,ciclo_vida,background/proceso muerto; actualización PWA; versión antigua,"cola de contraste; evidencia previa debe reconciliarse, no significa nunca probado"
src/pages/Inbox.tsx,pagina,/inbox,referenced_in_vault_depth_unverified,True,8c887b77577f821474d8ffbe69daab2544b1327f36923cf1c9c6252d096a29d7,salida,exportación/PDF/firma/compartir; integridad; revocación,"cola de contraste; evidencia previa debe reconciliarse, no significa nunca probado"
src/pages/Inbox.tsx,pagina,/inbox,referenced_in_vault_depth_unverified,True,8c887b77577f821474d8ffbe69daab2544b1327f36923cf1c9c6252d096a29d7,dispositivo,web/Android; permisos revocados; OEM; sensores no disponibles,"cola de contraste; evidencia previa debe reconciliarse, no significa nunca probado"
src/pages/Inbox.tsx,pagina,/inbox,referenced_in_vault_depth_unverified,True,8c887b77577f821474d8ffbe69daab2544b1327f36923cf1c9c6252d096a29d7,presentacion,idioma/accesibilidad; loading/error; no convertir falta de datos en seguro,"cola de contraste; evidencia previa debe reconciliarse, no significa nunca probado"
src/pages/IncidentBundle.tsx,pagina,/incidents/:incidentId/bundle,referenced_in_vault_depth_unverified,True,0721ee6f60f65234c7b954b0c716f14812b9233c7961d77a1b8ad7e389f56c8c,identidad,anónimo/autenticado; rol permitido/denegado; sesión expirada/revocada,"cola de contraste; evidencia previa debe reconciliarse, no significa nunca probado"
src/pages/IncidentBundle.tsx,pagina,/incidents/:incidentId/bundle,referenced_in_vault_depth_unverified,True,0721ee6f60f65234c7b954b0c716f14812b9233c7961d77a1b8ad7e389f56c8c,ambito,sin proyecto; A→B→A; cambio de empresa; respuesta tardía,"cola de contraste; evidencia previa debe reconciliarse, no significa nunca probado"
src/pages/IncidentBundle.tsx,pagina,/incidents/:incidentId/bundle,referenced_in_vault_depth_unverified,True,0721ee6f60f65234c7b954b0c716f14812b9233c7961d77a1b8ad7e389f56c8c,entrada,menú/URL/QR/push; arranque frío; demo frente a rama normal,"cola de contraste; evidencia previa debe reconciliarse, no significa nunca probado"
src/pages/IncidentBundle.tsx,pagina,/incidents/:incidentId/bundle,referenced_in_vault_depth_unverified,True,0721ee6f60f65234c7b954b0c716f14812b9233c7961d77a1b8ad7e389f56c8c,datos,vacío/inválido/antiguo; unidades y fechas; procedencia real,"cola de contraste; evidencia previa debe reconciliarse, no significa nunca probado"
src/pages/IncidentBundle.tsx,pagina,/incidents/:incidentId/bundle,referenced_in_vault_depth_unverified,True,0721ee6f60f65234c7b954b0c716f14812b9233c7961d77a1b8ad7e389f56c8c,red,online/offline; timeout/403/500; recuperación sin estado residual,"cola de contraste; evidencia previa debe reconciliarse, no significa nunca probado"
src/pages/IncidentBundle.tsx,pagina,/incidents/:incidentId/bundle,referenced_in_vault_depth_unverified,True,0721ee6f60f65234c7b954b0c716f14812b9233c7961d77a1b8ad7e389f56c8c,mutacion,doble clic/reintento/concurrencia; idempotencia y auditoría,"cola de contraste; evidencia previa debe reconciliarse, no significa nunca probado"
src/pages/IncidentBundle.tsx,pagina,/incidents/:incidentId/bundle,referenced_in_vault_depth_unverified,True,0721ee6f60f65234c7b954b0c716f14812b9233c7961d77a1b8ad7e389f56c8c,persistencia,guardar→leer de vuelta→recargar; cola→servidor→consumidor,"cola de contraste; evidencia previa debe reconciliarse, no significa nunca probado"
src/pages/IncidentBundle.tsx,pagina,/incidents/:incidentId/bundle,referenced_in_vault_depth_unverified,True,0721ee6f60f65234c7b954b0c716f14812b9233c7961d77a1b8ad7e389f56c8c,ciclo_vida,background/proceso muerto; actualización PWA; versión antigua,"cola de contraste; evidencia previa debe reconciliarse, no significa nunca probado"
src/pages/IncidentBundle.tsx,pagina,/incidents/:incidentId/bundle,referenced_in_vault_depth_unverified,True,0721ee6f60f65234c7b954b0c716f14812b9233c7961d77a1b8ad7e389f56c8c,salida,exportación/PDF/firma/compartir; integridad; revocación,"cola de contraste; evidencia previa debe reconciliarse, no significa nunca probado"
src/pages/IncidentBundle.tsx,pagina,/incidents/:incidentId/bundle,referenced_in_vault_depth_unverified,True,0721ee6f60f65234c7b954b0c716f14812b9233c7961d77a1b8ad7e389f56c8c,dispositivo,web/Android; permisos revocados; OEM; sensores no disponibles,"cola de contraste; evidencia previa debe reconciliarse, no significa nunca probado"
src/pages/IncidentBundle.tsx,pagina,/incidents/:incidentId/bundle,referenced_in_vault_depth_unverified,True,0721ee6f60f65234c7b954b0c716f14812b9233c7961d77a1b8ad7e389f56c8c,presentacion,idioma/accesibilidad; loading/error; no convertir falta de datos en seguro,"cola de contraste; evidencia previa debe reconciliarse, no significa nunca probado"
src/pages/IncidentFlowHub.tsx,pagina,/incident-flow,inventoried_only,True,b7cff0413547c1a605aa5bca1195fcc2a49051b1305ab95758bf5434eeeba98d,identidad,anónimo/autenticado; rol permitido/denegado; sesión expirada/revocada,"cola de contraste; evidencia previa debe reconciliarse, no significa nunca probado"
src/pages/IncidentFlowHub.tsx,pagina,/incident-flow,inventoried_only,True,b7cff0413547c1a605aa5bca1195fcc2a49051b1305ab95758bf5434eeeba98d,ambito,sin proyecto; A→B→A; cambio de empresa; respuesta tardía,"cola de contraste; evidencia previa debe reconciliarse, no significa nunca probado"
src/pages/IncidentFlowHub.tsx,pagina,/incident-flow,inventoried_only,True,b7cff0413547c1a605aa5bca1195fcc2a49051b1305ab95758bf5434eeeba98d,entrada,menú/URL/QR/push; arranque frío; demo frente a rama normal,"cola de contraste; evidencia previa debe reconciliarse, no significa nunca probado"
src/pages/IncidentFlowHub.tsx,pagina,/incident-flow,inventoried_only,True,b7cff0413547c1a605aa5bca1195fcc2a49051b1305ab95758bf5434eeeba98d,datos,vacío/inválido/antiguo; unidades y fechas; procedencia real,"cola de contraste; evidencia previa debe reconciliarse, no significa nunca probado"
src/pages/IncidentFlowHub.tsx,pagina,/incident-flow,inventoried_only,True,b7cff0413547c1a605aa5bca1195fcc2a49051b1305ab95758bf5434eeeba98d,red,online/offline; timeout/403/500; recuperación sin estado residual,"cola de contraste; evidencia previa debe reconciliarse, no significa nunca probado"
src/pages/IncidentFlowHub.tsx,pagina,/incident-flow,inventoried_only,True,b7cff0413547c1a605aa5bca1195fcc2a49051b1305ab95758bf5434eeeba98d,mutacion,doble clic/reintento/concurrencia; idempotencia y auditoría,"cola de contraste; evidencia previa debe reconciliarse, no significa nunca probado"
src/pages/IncidentFlowHub.tsx,pagina,/incident-flow,inventoried_only,True,b7cff0413547c1a605aa5bca1195fcc2a49051b1305ab95758bf5434eeeba98d,persistencia,guardar→leer de vuelta→recargar; cola→servidor→consumidor,"cola de contraste; evidencia previa debe reconciliarse, no significa nunca probado"
src/pages/IncidentFlowHub.tsx,pagina,/incident-flow,inventoried_only,True,b7cff0413547c1a605aa5bca1195fcc2a49051b1305ab95758bf5434eeeba98d,ciclo_vida,background/proceso muerto; actualización PWA; versión antigua,"cola de contraste; evidencia previa debe reconciliarse, no significa nunca probado"
src/pages/IncidentFlowHub.tsx,pagina,/incident-flow,inventoried_only,True,b7cff0413547c1a605aa5bca1195fcc2a49051b1305ab95758bf5434eeeba98d,salida,exportación/PDF/firma/compartir; integridad; revocación,"cola de contraste; evidencia previa debe reconciliarse, no significa nunca probado"
src/pages/IncidentFlowHub.tsx,pagina,/incident-flow,inventoried_only,True,b7cff0413547c1a605aa5bca1195fcc2a49051b1305ab95758bf5434eeeba98d,dispositivo,web/Android; permisos revocados; OEM; sensores no disponibles,"cola de contraste; evidencia previa debe reconciliarse, no significa nunca probado"
src/pages/IncidentFlowHub.tsx,pagina,/incident-flow,inventoried_only,True,b7cff0413547c1a605aa5bca1195fcc2a49051b1305ab95758bf5434eeeba98d,presentacion,idioma/accesibilidad; loading/error; no convertir falta de datos en seguro,"cola de contraste; evidencia previa debe reconciliarse, no significa nunca probado"
src/pages/IncidentReport.tsx,pagina,/incidents/report,inventoried_only,True,c7d82d2f1e08834ef92b4d0ae147b6f32f11700a4b6422999fef086f8eaaec53,identidad,anónimo/autenticado; rol permitido/denegado; sesión expirada/revocada,"cola de contraste; evidencia previa debe reconciliarse, no significa nunca probado"
src/pages/IncidentReport.tsx,pagina,/incidents/report,inventoried_only,True,c7d82d2f1e08834ef92b4d0ae147b6f32f11700a4b6422999fef086f8eaaec53,ambito,sin proyecto; A→B→A; cambio de empresa; respuesta tardía,"cola de contraste; evidencia previa debe reconciliarse, no significa nunca probado"
src/pages/IncidentReport.tsx,pagina,/incidents/report,inventoried_only,True,c7d82d2f1e08834ef92b4d0ae147b6f32f11700a4b6422999fef086f8eaaec53,entrada,menú/URL/QR/push; arranque frío; demo frente a rama normal,"cola de contraste; evidencia previa debe reconciliarse, no significa nunca probado"
src/pages/IncidentReport.tsx,pagina,/incidents/report,inventoried_only,True,c7d82d2f1e08834ef92b4d0ae147b6f32f11700a4b6422999fef086f8eaaec53,datos,vacío/inválido/antiguo; unidades y fechas; procedencia real,"cola de contraste; evidencia previa debe reconciliarse, no significa nunca probado"
src/pages/IncidentReport.tsx,pagina,/incidents/report,inventoried_only,True,c7d82d2f1e08834ef92b4d0ae147b6f32f11700a4b6422999fef086f8eaaec53,red,online/offline; timeout/403/500; recuperación sin estado residual,"cola de contraste; evidencia previa debe reconciliarse, no significa nunca probado"
src/pages/IncidentReport.tsx,pagina,/incidents/report,inventoried_only,True,c7d82d2f1e08834ef92b4d0ae147b6f32f11700a4b6422999fef086f8eaaec53,mutacion,doble clic/reintento/concurrencia; idempotencia y auditoría,"cola de contraste; evidencia previa debe reconciliarse, no significa nunca probado"
src/pages/IncidentReport.tsx,pagina,/incidents/report,inventoried_only,True,c7d82d2f1e08834ef92b4d0ae147b6f32f11700a4b6422999fef086f8eaaec53,persistencia,guardar→leer de vuelta→recargar; cola→servidor→consumidor,"cola de contraste; evidencia previa debe reconciliarse, no significa nunca probado"
src/pages/IncidentReport.tsx,pagina,/incidents/report,inventoried_only,True,c7d82d2f1e08834ef92b4d0ae147b6f32f11700a4b6422999fef086f8eaaec53,ciclo_vida,background/proceso muerto; actualización PWA; versión antigua,"cola de contraste; evidencia previa debe reconciliarse, no significa nunca probado"
src/pages/IncidentReport.tsx,pagina,/incidents/report,inventoried_only,True,c7d82d2f1e08834ef92b4d0ae147b6f32f11700a4b6422999fef086f8eaaec53,salida,exportación/PDF/firma/compartir; integridad; revocación,"cola de contraste; evidencia previa debe reconciliarse, no significa nunca probado"
src/pages/IncidentReport.tsx,pagina,/incidents/report,inventoried_only,True,c7d82d2f1e08834ef92b4d0ae147b6f32f11700a4b6422999fef086f8eaaec53,dispositivo,web/Android; permisos revocados; OEM; sensores no disponibles,"cola de contraste; evidencia previa debe reconciliarse, no significa nunca probado"
src/pages/IncidentReport.tsx,pagina,/incidents/report,inventoried_only,True,c7d82d2f1e08834ef92b4d0ae147b6f32f11700a4b6422999fef086f8eaaec53,presentacion,idioma/accesibilidad; loading/error; no convertir falta de datos en seguro,"cola de contraste; evidencia previa debe reconciliarse, no significa nunca probado"
src/pages/IncidentTrends.tsx,pagina,/incident-trends,inventoried_only,True,f526003cd6fd42009e456a7fa4a6ed0ad378cc81a483ae099116086e1096d7e6,identidad,anónimo/autenticado; rol permitido/denegado; sesión expirada/revocada,"cola de contraste; evidencia previa debe reconciliarse, no significa nunca probado"
src/pages/IncidentTrends.tsx,pagina,/incident-trends,inventoried_only,True,f526003cd6fd42009e456a7fa4a6ed0ad378cc81a483ae099116086e1096d7e6,ambito,sin proyecto; A→B→A; cambio de empresa; respuesta tardía,"cola de contraste; evidencia previa debe reconciliarse, no significa nunca probado"
src/pages/IncidentTrends.tsx,pagina,/incident-trends,inventoried_only,True,f526003cd6fd42009e456a7fa4a6ed0ad378cc81a483ae099116086e1096d7e6,entrada,menú/URL/QR/push; arranque frío; demo frente a rama normal,"cola de contraste; evidencia previa debe reconciliarse, no significa nunca probado"
src/pages/IncidentTrends.tsx,pagina,/incident-trends,inventoried_only,True,f526003cd6fd42009e456a7fa4a6ed0ad378cc81a483ae099116086e1096d7e6,datos,vacío/inválido/antiguo; unidades y fechas; procedencia real,"cola de contraste; evidencia previa debe reconciliarse, no significa nunca probado"
src/pages/IncidentTrends.tsx,pagina,/incident-trends,inventoried_only,True,f526003cd6fd42009e456a7fa4a6ed0ad378cc81a483ae099116086e1096d7e6,red,online/offline; timeout/403/500; recuperación sin estado residual,"cola de contraste; evidencia previa debe reconciliarse, no significa nunca probado"
src/pages/IncidentTrends.tsx,pagina,/incident-trends,inventoried_only,True,f526003cd6fd42009e456a7fa4a6ed0ad378cc81a483ae099116086e1096d7e6,mutacion,doble clic/reintento/concurrencia; idempotencia y auditoría,"cola de contraste; evidencia previa debe reconciliarse, no significa nunca probado"
src/pages/IncidentTrends.tsx,pagina,/incident-trends,inventoried_only,True,f526003cd6fd42009e456a7fa4a6ed0ad378cc81a483ae099116086e1096d7e6,persistencia,guardar→leer de vuelta→recargar; cola→servidor→consumidor,"cola de contraste; evidencia previa debe reconciliarse, no significa nunca probado"
src/pages/IncidentTrends.tsx,pagina,/incident-trends,inventoried_only,True,f526003cd6fd42009e456a7fa4a6ed0ad378cc81a483ae099116086e1096d7e6,ciclo_vida,background/proceso muerto; actualización PWA; versión antigua,"cola de contraste; evidencia previa debe reconciliarse, no significa nunca probado"
src/pages/IncidentTrends.tsx,pagina,/incident-trends,inventoried_only,True,f526003cd6fd42009e456a7fa4a6ed0ad378cc81a483ae099116086e1096d7e6,salida,exportación/PDF/firma/compartir; integridad; revocación,"cola de contraste; evidencia previa debe reconciliarse, no significa nunca probado"
src/pages/IncidentTrends.tsx,pagina,/incident-trends,inventoried_only,True,f526003cd6fd42009e456a7fa4a6ed0ad378cc81a483ae099116086e1096d7e6,dispositivo,web/Android; permisos revocados; OEM; sensores no disponibles,"cola de contraste; evidencia previa debe reconciliarse, no significa nunca probado"
src/pages/IncidentTrends.tsx,pagina,/incident-trends,inventoried_only,True,f526003cd6fd42009e456a7fa4a6ed0ad378cc81a483ae099116086e1096d7e6,presentacion,idioma/accesibilidad; loading/error; no convertir falta de datos en seguro,"cola de contraste; evidencia previa debe reconciliarse, no significa nunca probado"
src/pages/InhospitableGuide.tsx,pagina,/inhospitable-guide,inventoried_only,True,bfb64f34094e5baff11ac2db500e633220ed185152f7d55a6d329571c9c2fc04,identidad,anónimo/autenticado; rol permitido/denegado; sesión expirada/revocada,"cola de contraste; evidencia previa debe reconciliarse, no significa nunca probado"
src/pages/InhospitableGuide.tsx,pagina,/inhospitable-guide,inventoried_only,True,bfb64f34094e5baff11ac2db500e633220ed185152f7d55a6d329571c9c2fc04,ambito,sin proyecto; A→B→A; cambio de empresa; respuesta tardía,"cola de contraste; evidencia previa debe reconciliarse, no significa nunca probado"
src/pages/InhospitableGuide.tsx,pagina,/inhospitable-guide,inventoried_only,True,bfb64f34094e5baff11ac2db500e633220ed185152f7d55a6d329571c9c2fc04,entrada,menú/URL/QR/push; arranque frío; demo frente a rama normal,"cola de contraste; evidencia previa debe reconciliarse, no significa nunca probado"
src/pages/InhospitableGuide.tsx,pagina,/inhospitable-guide,inventoried_only,True,bfb64f34094e5baff11ac2db500e633220ed185152f7d55a6d329571c9c2fc04,datos,vacío/inválido/antiguo; unidades y fechas; procedencia real,"cola de contraste; evidencia previa debe reconciliarse, no significa nunca probado"
src/pages/InhospitableGuide.tsx,pagina,/inhospitable-guide,inventoried_only,True,bfb64f34094e5baff11ac2db500e633220ed185152f7d55a6d329571c9c2fc04,red,online/offline; timeout/403/500; recuperación sin estado residual,"cola de contraste; evidencia previa debe reconciliarse, no significa nunca probado"
src/pages/InhospitableGuide.tsx,pagina,/inhospitable-guide,inventoried_only,True,bfb64f34094e5baff11ac2db500e633220ed185152f7d55a6d329571c9c2fc04,mutacion,doble clic/reintento/concurrencia; idempotencia y auditoría,"cola de contraste; evidencia previa debe reconciliarse, no significa nunca probado"
src/pages/InhospitableGuide.tsx,pagina,/inhospitable-guide,inventoried_only,True,bfb64f34094e5baff11ac2db500e633220ed185152f7d55a6d329571c9c2fc04,persistencia,guardar→leer de vuelta→recargar; cola→servidor→consumidor,"cola de contraste; evidencia previa debe reconciliarse, no significa nunca probado"
src/pages/InhospitableGuide.tsx,pagina,/inhospitable-guide,inventoried_only,True,bfb64f34094e5baff11ac2db500e633220ed185152f7d55a6d329571c9c2fc04,ciclo_vida,background/proceso muerto; actualización PWA; versión antigua,"cola de contraste; evidencia previa debe reconciliarse, no significa nunca probado"
src/pages/InhospitableGuide.tsx,pagina,/inhospitable-guide,inventoried_only,True,bfb64f34094e5baff11ac2db500e633220ed185152f7d55a6d329571c9c2fc04,salida,exportación/PDF/firma/compartir; integridad; revocación,"cola de contraste; evidencia previa debe reconciliarse, no significa nunca probado"
src/pages/InhospitableGuide.tsx,pagina,/inhospitable-guide,inventoried_only,True,bfb64f34094e5baff11ac2db500e633220ed185152f7d55a6d329571c9c2fc04,dispositivo,web/Android; permisos revocados; OEM; sensores no disponibles,"cola de contraste; evidencia previa debe reconciliarse, no significa nunca probado"
src/pages/InhospitableGuide.tsx,pagina,/inhospitable-guide,inventoried_only,True,bfb64f34094e5baff11ac2db500e633220ed185152f7d55a6d329571c9c2fc04,presentacion,idioma/accesibilidad; loading/error; no convertir falta de datos en seguro,"cola de contraste; evidencia previa debe reconciliarse, no significa nunca probado"
src/pages/InviteAccept.tsx,pagina,/invite,inventoried_only,True,9f41c0260be155a1fe6880b76cca3cfee7aaff9e38d413c7aa983202bb8e1ef1,identidad,anónimo/autenticado; rol permitido/denegado; sesión expirada/revocada,"cola de contraste; evidencia previa debe reconciliarse, no significa nunca probado"
src/pages/InviteAccept.tsx,pagina,/invite,inventoried_only,True,9f41c0260be155a1fe6880b76cca3cfee7aaff9e38d413c7aa983202bb8e1ef1,ambito,sin proyecto; A→B→A; cambio de empresa; respuesta tardía,"cola de contraste; evidencia previa debe reconciliarse, no significa nunca probado"
src/pages/InviteAccept.tsx,pagina,/invite,inventoried_only,True,9f41c0260be155a1fe6880b76cca3cfee7aaff9e38d413c7aa983202bb8e1ef1,entrada,menú/URL/QR/push; arranque frío; demo frente a rama normal,"cola de contraste; evidencia previa debe reconciliarse, no significa nunca probado"
src/pages/InviteAccept.tsx,pagina,/invite,inventoried_only,True,9f41c0260be155a1fe6880b76cca3cfee7aaff9e38d413c7aa983202bb8e1ef1,datos,vacío/inválido/antiguo; unidades y fechas; procedencia real,"cola de contraste; evidencia previa debe reconciliarse, no significa nunca probado"
src/pages/InviteAccept.tsx,pagina,/invite,inventoried_only,True,9f41c0260be155a1fe6880b76cca3cfee7aaff9e38d413c7aa983202bb8e1ef1,red,online/offline; timeout/403/500; recuperación sin estado residual,"cola de contraste; evidencia previa debe reconciliarse, no significa nunca probado"
src/pages/InviteAccept.tsx,pagina,/invite,inventoried_only,True,9f41c0260be155a1fe6880b76cca3cfee7aaff9e38d413c7aa983202bb8e1ef1,mutacion,doble clic/reintento/concurrencia; idempotencia y auditoría,"cola de contraste; evidencia previa debe reconciliarse, no significa nunca probado"
src/pages/InviteAccept.tsx,pagina,/invite,inventoried_only,True,9f41c0260be155a1fe6880b76cca3cfee7aaff9e38d413c7aa983202bb8e1ef1,persistencia,guardar→leer de vuelta→recargar; cola→servidor→consumidor,"cola de contraste; evidencia previa debe reconciliarse, no significa nunca probado"
src/pages/InviteAccept.tsx,pagina,/invite,inventoried_only,True,9f41c0260be155a1fe6880b76cca3cfee7aaff9e38d413c7aa983202bb8e1ef1,ciclo_vida,background/proceso muerto; actualización PWA; versión antigua,"cola de contraste; evidencia previa debe reconciliarse, no significa nunca probado"
src/pages/InviteAccept.tsx,pagina,/invite,inventoried_only,True,9f41c0260be155a1fe6880b76cca3cfee7aaff9e38d413c7aa983202bb8e1ef1,salida,exportación/PDF/firma/compartir; integridad; revocación,"cola de contraste; evidencia previa debe reconciliarse, no significa nunca probado"
src/pages/InviteAccept.tsx,pagina,/invite,inventoried_only,True,9f41c0260be155a1fe6880b76cca3cfee7aaff9e38d413c7aa983202bb8e1ef1,dispositivo,web/Android; permisos revocados; OEM; sensores no disponibles,"cola de contraste; evidencia previa debe reconciliarse, no significa nunca probado"
src/pages/InviteAccept.tsx,pagina,/invite,inventoried_only,True,9f41c0260be155a1fe6880b76cca3cfee7aaff9e38d413c7aa983202bb8e1ef1,presentacion,idioma/accesibilidad; loading/error; no convertir falta de datos en seguro,"cola de contraste; evidencia previa debe reconciliarse, no significa nunca probado"
src/pages/IoTEdgeFiltering.tsx,pagina,/iot-edge,inventoried_only,True,23ca22969a0b25d553b4ffc3414ca410f539e85891d555fdc51ed38deb4ee638,identidad,anónimo/autenticado; rol permitido/denegado; sesión expirada/revocada,"cola de contraste; evidencia previa debe reconciliarse, no significa nunca probado"
src/pages/IoTEdgeFiltering.tsx,pagina,/iot-edge,inventoried_only,True,23ca22969a0b25d553b4ffc3414ca410f539e85891d555fdc51ed38deb4ee638,ambito,sin proyecto; A→B→A; cambio de empresa; respuesta tardía,"cola de contraste; evidencia previa debe reconciliarse, no significa nunca probado"
src/pages/IoTEdgeFiltering.tsx,pagina,/iot-edge,inventoried_only,True,23ca22969a0b25d553b4ffc3414ca410f539e85891d555fdc51ed38deb4ee638,entrada,menú/URL/QR/push; arranque frío; demo frente a rama normal,"cola de contraste; evidencia previa debe reconciliarse, no significa nunca probado"
src/pages/IoTEdgeFiltering.tsx,pagina,/iot-edge,inventoried_only,True,23ca22969a0b25d553b4ffc3414ca410f539e85891d555fdc51ed38deb4ee638,datos,vacío/inválido/antiguo; unidades y fechas; procedencia real,"cola de contraste; evidencia previa debe reconciliarse, no significa nunca probado"
src/pages/IoTEdgeFiltering.tsx,pagina,/iot-edge,inventoried_only,True,23ca22969a0b25d553b4ffc3414ca410f539e85891d555fdc51ed38deb4ee638,red,online/offline; timeout/403/500; recuperación sin estado residual,"cola de contraste; evidencia previa debe reconciliarse, no significa nunca probado"
src/pages/IoTEdgeFiltering.tsx,pagina,/iot-edge,inventoried_only,True,23ca22969a0b25d553b4ffc3414ca410f539e85891d555fdc51ed38deb4ee638,mutacion,doble clic/reintento/concurrencia; idempotencia y auditoría,"cola de contraste; evidencia previa debe reconciliarse, no significa nunca probado"
src/pages/IoTEdgeFiltering.tsx,pagina,/iot-edge,inventoried_only,True,23ca22969a0b25d553b4ffc3414ca410f539e85891d555fdc51ed38deb4ee638,persistencia,guardar→leer de vuelta→recargar; cola→servidor→consumidor,"cola de contraste; evidencia previa debe reconciliarse, no significa nunca probado"
src/pages/IoTEdgeFiltering.tsx,pagina,/iot-edge,inventoried_only,True,23ca22969a0b25d553b4ffc3414ca410f539e85891d555fdc51ed38deb4ee638,ciclo_vida,background/proceso muerto; actualización PWA; versión antigua,"cola de contraste; evidencia previa debe reconciliarse, no significa nunca probado"
src/pages/IoTEdgeFiltering.tsx,pagina,/iot-edge,inventoried_only,True,23ca22969a0b25d553b4ffc3414ca410f539e85891d555fdc51ed38deb4ee638,salida,exportación/PDF/firma/compartir; integridad; revocación,"cola de contraste; evidencia previa debe reconciliarse, no significa nunca probado"
src/pages/IoTEdgeFiltering.tsx,pagina,/iot-edge,inventoried_only,True,23ca22969a0b25d553b4ffc3414ca410f539e85891d555fdc51ed38deb4ee638,dispositivo,web/Android; permisos revocados; OEM; sensores no disponibles,"cola de contraste; evidencia previa debe reconciliarse, no significa nunca probado"
src/pages/IoTEdgeFiltering.tsx,pagina,/iot-edge,inventoried_only,True,23ca22969a0b25d553b4ffc3414ca410f539e85891d555fdc51ed38deb4ee638,presentacion,idioma/accesibilidad; loading/error; no convertir falta de datos en seguro,"cola de contraste; evidencia previa debe reconciliarse, no significa nunca probado"
src/pages/KnowledgeBase.tsx,pagina,/knowledge-base,inventoried_only,True,6b0f0d862554f462f39bbe9474391735dd461d4de0d493795896a35a184b22f9,identidad,anónimo/autenticado; rol permitido/denegado; sesión expirada/revocada,"cola de contraste; evidencia previa debe reconciliarse, no significa nunca probado"
src/pages/KnowledgeBase.tsx,pagina,/knowledge-base,inventoried_only,True,6b0f0d862554f462f39bbe9474391735dd461d4de0d493795896a35a184b22f9,ambito,sin proyecto; A→B→A; cambio de empresa; respuesta tardía,"cola de contraste; evidencia previa debe reconciliarse, no significa nunca probado"
src/pages/KnowledgeBase.tsx,pagina,/knowledge-base,inventoried_only,True,6b0f0d862554f462f39bbe9474391735dd461d4de0d493795896a35a184b22f9,entrada,menú/URL/QR/push; arranque frío; demo frente a rama normal,"cola de contraste; evidencia previa debe reconciliarse, no significa nunca probado"
src/pages/KnowledgeBase.tsx,pagina,/knowledge-base,inventoried_only,True,6b0f0d862554f462f39bbe9474391735dd461d4de0d493795896a35a184b22f9,datos,vacío/inválido/antiguo; unidades y fechas; procedencia real,"cola de contraste; evidencia previa debe reconciliarse, no significa nunca probado"
src/pages/KnowledgeBase.tsx,pagina,/knowledge-base,inventoried_only,True,6b0f0d862554f462f39bbe9474391735dd461d4de0d493795896a35a184b22f9,red,online/offline; timeout/403/500; recuperación sin estado residual,"cola de contraste; evidencia previa debe reconciliarse, no significa nunca probado"
src/pages/KnowledgeBase.tsx,pagina,/knowledge-base,inventoried_only,True,6b0f0d862554f462f39bbe9474391735dd461d4de0d493795896a35a184b22f9,mutacion,doble clic/reintento/concurrencia; idempotencia y auditoría,"cola de contraste; evidencia previa debe reconciliarse, no significa nunca probado"
src/pages/KnowledgeBase.tsx,pagina,/knowledge-base,inventoried_only,True,6b0f0d862554f462f39bbe9474391735dd461d4de0d493795896a35a184b22f9,persistencia,guardar→leer de vuelta→recargar; cola→servidor→consumidor,"cola de contraste; evidencia previa debe reconciliarse, no significa nunca probado"
src/pages/KnowledgeBase.tsx,pagina,/knowledge-base,inventoried_only,True,6b0f0d862554f462f39bbe9474391735dd461d4de0d493795896a35a184b22f9,ciclo_vida,background/proceso muerto; actualización PWA; versión antigua,"cola de contraste; evidencia previa debe reconciliarse, no significa nunca probado"
src/pages/KnowledgeBase.tsx,pagina,/knowledge-base,inventoried_only,True,6b0f0d862554f462f39bbe9474391735dd461d4de0d493795896a35a184b22f9,salida,exportación/PDF/firma/compartir; integridad; revocación,"cola de contraste; evidencia previa debe reconciliarse, no significa nunca probado"
src/pages/KnowledgeBase.tsx,pagina,/knowledge-base,inventoried_only,True,6b0f0d862554f462f39bbe9474391735dd461d4de0d493795896a35a184b22f9,dispositivo,web/Android; permisos revocados; OEM; sensores no disponibles,"cola de contraste; evidencia previa debe reconciliarse, no significa nunca probado"
src/pages/KnowledgeBase.tsx,pagina,/knowledge-base,inventoried_only,True,6b0f0d862554f462f39bbe9474391735dd461d4de0d493795896a35a184b22f9,presentacion,idioma/accesibilidad; loading/error; no convertir falta de datos en seguro,"cola de contraste; evidencia previa debe reconciliarse, no significa nunca probado"
src/pages/KnowledgeIngestion.tsx,pagina,/knowledge-ingestion,inventoried_only,True,9e7da76e4c73bbefc89205ed0e25ed40e09af6593b919a10388a3adabd389c31,identidad,anónimo/autenticado; rol permitido/denegado; sesión expirada/revocada,"cola de contraste; evidencia previa debe reconciliarse, no significa nunca probado"
src/pages/KnowledgeIngestion.tsx,pagina,/knowledge-ingestion,inventoried_only,True,9e7da76e4c73bbefc89205ed0e25ed40e09af6593b919a10388a3adabd389c31,ambito,sin proyecto; A→B→A; cambio de empresa; respuesta tardía,"cola de contraste; evidencia previa debe reconciliarse, no significa nunca probado"
src/pages/KnowledgeIngestion.tsx,pagina,/knowledge-ingestion,inventoried_only,True,9e7da76e4c73bbefc89205ed0e25ed40e09af6593b919a10388a3adabd389c31,entrada,menú/URL/QR/push; arranque frío; demo frente a rama normal,"cola de contraste; evidencia previa debe reconciliarse, no significa nunca probado"
src/pages/KnowledgeIngestion.tsx,pagina,/knowledge-ingestion,inventoried_only,True,9e7da76e4c73bbefc89205ed0e25ed40e09af6593b919a10388a3adabd389c31,datos,vacío/inválido/antiguo; unidades y fechas; procedencia real,"cola de contraste; evidencia previa debe reconciliarse, no significa nunca probado"
src/pages/KnowledgeIngestion.tsx,pagina,/knowledge-ingestion,inventoried_only,True,9e7da76e4c73bbefc89205ed0e25ed40e09af6593b919a10388a3adabd389c31,red,online/offline; timeout/403/500; recuperación sin estado residual,"cola de contraste; evidencia previa debe reconciliarse, no significa nunca probado"
src/pages/KnowledgeIngestion.tsx,pagina,/knowledge-ingestion,inventoried_only,True,9e7da76e4c73bbefc89205ed0e25ed40e09af6593b919a10388a3adabd389c31,mutacion,doble clic/reintento/concurrencia; idempotencia y auditoría,"cola de contraste; evidencia previa debe reconciliarse, no significa nunca probado"
src/pages/KnowledgeIngestion.tsx,pagina,/knowledge-ingestion,inventoried_only,True,9e7da76e4c73bbefc89205ed0e25ed40e09af6593b919a10388a3adabd389c31,persistencia,guardar→leer de vuelta→recargar; cola→servidor→consumidor,"cola de contraste; evidencia previa debe reconciliarse, no significa nunca probado"
src/pages/KnowledgeIngestion.tsx,pagina,/knowledge-ingestion,inventoried_only,True,9e7da76e4c73bbefc89205ed0e25ed40e09af6593b919a10388a3adabd389c31,ciclo_vida,background/proceso muerto; actualización PWA; versión antigua,"cola de contraste; evidencia previa debe reconciliarse, no significa nunca probado"
src/pages/KnowledgeIngestion.tsx,pagina,/knowledge-ingestion,inventoried_only,True,9e7da76e4c73bbefc89205ed0e25ed40e09af6593b919a10388a3adabd389c31,salida,exportación/PDF/firma/compartir; integridad; revocación,"cola de contraste; evidencia previa debe reconciliarse, no significa nunca probado"
src/pages/KnowledgeIngestion.tsx,pagina,/knowledge-ingestion,inventoried_only,True,9e7da76e4c73bbefc89205ed0e25ed40e09af6593b919a10388a3adabd389c31,dispositivo,web/Android; permisos revocados; OEM; sensores no disponibles,"cola de contraste; evidencia previa debe reconciliarse, no significa nunca probado"
src/pages/KnowledgeIngestion.tsx,pagina,/knowledge-ingestion,inventoried_only,True,9e7da76e4c73bbefc89205ed0e25ed40e09af6593b919a10388a3adabd389c31,presentacion,idioma/accesibilidad; loading/error; no convertir falta de datos en seguro,"cola de contraste; evidencia previa debe reconciliarse, no significa nunca probado"
src/pages/LandingPage.tsx,pagina,,inventoried_only,False,a0c4cd2468094904c1ab8b35a40ba7588f54f50274ec31cb336c0559430598d7,identidad,anónimo/autenticado; rol permitido/denegado; sesión expirada/revocada,"cola de contraste; evidencia previa debe reconciliarse, no significa nunca probado"
src/pages/LandingPage.tsx,pagina,,inventoried_only,False,a0c4cd2468094904c1ab8b35a40ba7588f54f50274ec31cb336c0559430598d7,ambito,sin proyecto; A→B→A; cambio de empresa; respuesta tardía,"cola de contraste; evidencia previa debe reconciliarse, no significa nunca probado"
src/pages/LandingPage.tsx,pagina,,inventoried_only,False,a0c4cd2468094904c1ab8b35a40ba7588f54f50274ec31cb336c0559430598d7,entrada,menú/URL/QR/push; arranque frío; demo frente a rama normal,"cola de contraste; evidencia previa debe reconciliarse, no significa nunca probado"
src/pages/LandingPage.tsx,pagina,,inventoried_only,False,a0c4cd2468094904c1ab8b35a40ba7588f54f50274ec31cb336c0559430598d7,datos,vacío/inválido/antiguo; unidades y fechas; procedencia real,"cola de contraste; evidencia previa debe reconciliarse, no significa nunca probado"
src/pages/LandingPage.tsx,pagina,,inventoried_only,False,a0c4cd2468094904c1ab8b35a40ba7588f54f50274ec31cb336c0559430598d7,red,online/offline; timeout/403/500; recuperación sin estado residual,"cola de contraste; evidencia previa debe reconciliarse, no significa nunca probado"
src/pages/LandingPage.tsx,pagina,,inventoried_only,False,a0c4cd2468094904c1ab8b35a40ba7588f54f50274ec31cb336c0559430598d7,mutacion,doble clic/reintento/concurrencia; idempotencia y auditoría,"cola de contraste; evidencia previa debe reconciliarse, no significa nunca probado"
src/pages/LandingPage.tsx,pagina,,inventoried_only,False,a0c4cd2468094904c1ab8b35a40ba7588f54f50274ec31cb336c0559430598d7,persistencia,guardar→leer de vuelta→recargar; cola→servidor→consumidor,"cola de contraste; evidencia previa debe reconciliarse, no significa nunca probado"
src/pages/LandingPage.tsx,pagina,,inventoried_only,False,a0c4cd2468094904c1ab8b35a40ba7588f54f50274ec31cb336c0559430598d7,ciclo_vida,background/proceso muerto; actualización PWA; versión antigua,"cola de contraste; evidencia previa debe reconciliarse, no significa nunca probado"
src/pages/LandingPage.tsx,pagina,,inventoried_only,False,a0c4cd2468094904c1ab8b35a40ba7588f54f50274ec31cb336c0559430598d7,salida,exportación/PDF/firma/compartir; integridad; revocación,"cola de contraste; evidencia previa debe reconciliarse, no significa nunca probado"
src/pages/LandingPage.tsx,pagina,,inventoried_only,False,a0c4cd2468094904c1ab8b35a40ba7588f54f50274ec31cb336c0559430598d7,dispositivo,web/Android; permisos revocados; OEM; sensores no disponibles,"cola de contraste; evidencia previa debe reconciliarse, no significa nunca probado"
src/pages/LandingPage.tsx,pagina,,inventoried_only,False,a0c4cd2468094904c1ab8b35a40ba7588f54f50274ec31cb336c0559430598d7,presentacion,idioma/accesibilidad; loading/error; no convertir falta de datos en seguro,"cola de contraste; evidencia previa debe reconciliarse, no significa nunca probado"
src/pages/LeadershipDecisions.tsx,pagina,/leadership-decisions,inventoried_only,True,a9e6dd07738abf33f4a797cb00761424785e3a83f991cb57872ae6bc17263e4e,identidad,anónimo/autenticado; rol permitido/denegado; sesión expirada/revocada,"cola de contraste; evidencia previa debe reconciliarse, no significa nunca probado"
src/pages/LeadershipDecisions.tsx,pagina,/leadership-decisions,inventoried_only,True,a9e6dd07738abf33f4a797cb00761424785e3a83f991cb57872ae6bc17263e4e,ambito,sin proyecto; A→B→A; cambio de empresa; respuesta tardía,"cola de contraste; evidencia previa debe reconciliarse, no significa nunca probado"
src/pages/LeadershipDecisions.tsx,pagina,/leadership-decisions,inventoried_only,True,a9e6dd07738abf33f4a797cb00761424785e3a83f991cb57872ae6bc17263e4e,entrada,menú/URL/QR/push; arranque frío; demo frente a rama normal,"cola de contraste; evidencia previa debe reconciliarse, no significa nunca probado"
src/pages/LeadershipDecisions.tsx,pagina,/leadership-decisions,inventoried_only,True,a9e6dd07738abf33f4a797cb00761424785e3a83f991cb57872ae6bc17263e4e,datos,vacío/inválido/antiguo; unidades y fechas; procedencia real,"cola de contraste; evidencia previa debe reconciliarse, no significa nunca probado"
src/pages/LeadershipDecisions.tsx,pagina,/leadership-decisions,inventoried_only,True,a9e6dd07738abf33f4a797cb00761424785e3a83f991cb57872ae6bc17263e4e,red,online/offline; timeout/403/500; recuperación sin estado residual,"cola de contraste; evidencia previa debe reconciliarse, no significa nunca probado"
src/pages/LeadershipDecisions.tsx,pagina,/leadership-decisions,inventoried_only,True,a9e6dd07738abf33f4a797cb00761424785e3a83f991cb57872ae6bc17263e4e,mutacion,doble clic/reintento/concurrencia; idempotencia y auditoría,"cola de contraste; evidencia previa debe reconciliarse, no significa nunca probado"
src/pages/LeadershipDecisions.tsx,pagina,/leadership-decisions,inventoried_only,True,a9e6dd07738abf33f4a797cb00761424785e3a83f991cb57872ae6bc17263e4e,persistencia,guardar→leer de vuelta→recargar; cola→servidor→consumidor,"cola de contraste; evidencia previa debe reconciliarse, no significa nunca probado"
src/pages/LeadershipDecisions.tsx,pagina,/leadership-decisions,inventoried_only,True,a9e6dd07738abf33f4a797cb00761424785e3a83f991cb57872ae6bc17263e4e,ciclo_vida,background/proceso muerto; actualización PWA; versión antigua,"cola de contraste; evidencia previa debe reconciliarse, no significa nunca probado"
src/pages/LeadershipDecisions.tsx,pagina,/leadership-decisions,inventoried_only,True,a9e6dd07738abf33f4a797cb00761424785e3a83f991cb57872ae6bc17263e4e,salida,exportación/PDF/firma/compartir; integridad; revocación,"cola de contraste; evidencia previa debe reconciliarse, no significa nunca probado"
src/pages/LeadershipDecisions.tsx,pagina,/leadership-decisions,inventoried_only,True,a9e6dd07738abf33f4a797cb00761424785e3a83f991cb57872ae6bc17263e4e,dispositivo,web/Android; permisos revocados; OEM; sensores no disponibles,"cola de contraste; evidencia previa debe reconciliarse, no significa nunca probado"
src/pages/LeadershipDecisions.tsx,pagina,/leadership-decisions,inventoried_only,True,a9e6dd07738abf33f4a797cb00761424785e3a83f991cb57872ae6bc17263e4e,presentacion,idioma/accesibilidad; loading/error; no convertir falta de datos en seguro,"cola de contraste; evidencia previa debe reconciliarse, no significa nunca probado"
src/pages/LegalCalendar.tsx,pagina,/legal-calendar,inventoried_only,True,2ffeb6ab353f51bc94eee3787baf55f1eac7d23bc97370b3ae784d6a51dde2f5,identidad,anónimo/autenticado; rol permitido/denegado; sesión expirada/revocada,"cola de contraste; evidencia previa debe reconciliarse, no significa nunca probado"
src/pages/LegalCalendar.tsx,pagina,/legal-calendar,inventoried_only,True,2ffeb6ab353f51bc94eee3787baf55f1eac7d23bc97370b3ae784d6a51dde2f5,ambito,sin proyecto; A→B→A; cambio de empresa; respuesta tardía,"cola de contraste; evidencia previa debe reconciliarse, no significa nunca probado"
src/pages/LegalCalendar.tsx,pagina,/legal-calendar,inventoried_only,True,2ffeb6ab353f51bc94eee3787baf55f1eac7d23bc97370b3ae784d6a51dde2f5,entrada,menú/URL/QR/push; arranque frío; demo frente a rama normal,"cola de contraste; evidencia previa debe reconciliarse, no significa nunca probado"
src/pages/LegalCalendar.tsx,pagina,/legal-calendar,inventoried_only,True,2ffeb6ab353f51bc94eee3787baf55f1eac7d23bc97370b3ae784d6a51dde2f5,datos,vacío/inválido/antiguo; unidades y fechas; procedencia real,"cola de contraste; evidencia previa debe reconciliarse, no significa nunca probado"
src/pages/LegalCalendar.tsx,pagina,/legal-calendar,inventoried_only,True,2ffeb6ab353f51bc94eee3787baf55f1eac7d23bc97370b3ae784d6a51dde2f5,red,online/offline; timeout/403/500; recuperación sin estado residual,"cola de contraste; evidencia previa debe reconciliarse, no significa nunca probado"
src/pages/LegalCalendar.tsx,pagina,/legal-calendar,inventoried_only,True,2ffeb6ab353f51bc94eee3787baf55f1eac7d23bc97370b3ae784d6a51dde2f5,mutacion,doble clic/reintento/concurrencia; idempotencia y auditoría,"cola de contraste; evidencia previa debe reconciliarse, no significa nunca probado"
src/pages/LegalCalendar.tsx,pagina,/legal-calendar,inventoried_only,True,2ffeb6ab353f51bc94eee3787baf55f1eac7d23bc97370b3ae784d6a51dde2f5,persistencia,guardar→leer de vuelta→recargar; cola→servidor→consumidor,"cola de contraste; evidencia previa debe reconciliarse, no significa nunca probado"
src/pages/LegalCalendar.tsx,pagina,/legal-calendar,inventoried_only,True,2ffeb6ab353f51bc94eee3787baf55f1eac7d23bc97370b3ae784d6a51dde2f5,ciclo_vida,background/proceso muerto; actualización PWA; versión antigua,"cola de contraste; evidencia previa debe reconciliarse, no significa nunca probado"
src/pages/LegalCalendar.tsx,pagina,/legal-calendar,inventoried_only,True,2ffeb6ab353f51bc94eee3787baf55f1eac7d23bc97370b3ae784d6a51dde2f5,salida,exportación/PDF/firma/compartir; integridad; revocación,"cola de contraste; evidencia previa debe reconciliarse, no significa nunca probado"
src/pages/LegalCalendar.tsx,pagina,/legal-calendar,inventoried_only,True,2ffeb6ab353f51bc94eee3787baf55f1eac7d23bc97370b3ae784d6a51dde2f5,dispositivo,web/Android; permisos revocados; OEM; sensores no disponibles,"cola de contraste; evidencia previa debe reconciliarse, no significa nunca probado"
src/pages/LegalCalendar.tsx,pagina,/legal-calendar,inventoried_only,True,2ffeb6ab353f51bc94eee3787baf55f1eac7d23bc97370b3ae784d6a51dde2f5,presentacion,idioma/accesibilidad; loading/error; no convertir falta de datos en seguro,"cola de contraste; evidencia previa debe reconciliarse, no significa nunca probado"
src/pages/LessonsLearned.tsx,pagina,/lessons,inventoried_only,True,e98996b3574b0610118abb81aa035e1e58402d6d7c5e1331c14d067bdc76da92,identidad,anónimo/autenticado; rol permitido/denegado; sesión expirada/revocada,"cola de contraste; evidencia previa debe reconciliarse, no significa nunca probado"
src/pages/LessonsLearned.tsx,pagina,/lessons,inventoried_only,True,e98996b3574b0610118abb81aa035e1e58402d6d7c5e1331c14d067bdc76da92,ambito,sin proyecto; A→B→A; cambio de empresa; respuesta tardía,"cola de contraste; evidencia previa debe reconciliarse, no significa nunca probado"
src/pages/LessonsLearned.tsx,pagina,/lessons,inventoried_only,True,e98996b3574b0610118abb81aa035e1e58402d6d7c5e1331c14d067bdc76da92,entrada,menú/URL/QR/push; arranque frío; demo frente a rama normal,"cola de contraste; evidencia previa debe reconciliarse, no significa nunca probado"
src/pages/LessonsLearned.tsx,pagina,/lessons,inventoried_only,True,e98996b3574b0610118abb81aa035e1e58402d6d7c5e1331c14d067bdc76da92,datos,vacío/inválido/antiguo; unidades y fechas; procedencia real,"cola de contraste; evidencia previa debe reconciliarse, no significa nunca probado"
src/pages/LessonsLearned.tsx,pagina,/lessons,inventoried_only,True,e98996b3574b0610118abb81aa035e1e58402d6d7c5e1331c14d067bdc76da92,red,online/offline; timeout/403/500; recuperación sin estado residual,"cola de contraste; evidencia previa debe reconciliarse, no significa nunca probado"
src/pages/LessonsLearned.tsx,pagina,/lessons,inventoried_only,True,e98996b3574b0610118abb81aa035e1e58402d6d7c5e1331c14d067bdc76da92,mutacion,doble clic/reintento/concurrencia; idempotencia y auditoría,"cola de contraste; evidencia previa debe reconciliarse, no significa nunca probado"
src/pages/LessonsLearned.tsx,pagina,/lessons,inventoried_only,True,e98996b3574b0610118abb81aa035e1e58402d6d7c5e1331c14d067bdc76da92,persistencia,guardar→leer de vuelta→recargar; cola→servidor→consumidor,"cola de contraste; evidencia previa debe reconciliarse, no significa nunca probado"
src/pages/LessonsLearned.tsx,pagina,/lessons,inventoried_only,True,e98996b3574b0610118abb81aa035e1e58402d6d7c5e1331c14d067bdc76da92,ciclo_vida,background/proceso muerto; actualización PWA; versión antigua,"cola de contraste; evidencia previa debe reconciliarse, no significa nunca probado"
src/pages/LessonsLearned.tsx,pagina,/lessons,inventoried_only,True,e98996b3574b0610118abb81aa035e1e58402d6d7c5e1331c14d067bdc76da92,salida,exportación/PDF/firma/compartir; integridad; revocación,"cola de contraste; evidencia previa debe reconciliarse, no significa nunca probado"
src/pages/LessonsLearned.tsx,pagina,/lessons,inventoried_only,True,e98996b3574b0610118abb81aa035e1e58402d6d7c5e1331c14d067bdc76da92,dispositivo,web/Android; permisos revocados; OEM; sensores no disponibles,"cola de contraste; evidencia previa debe reconciliarse, no significa nunca probado"
src/pages/LessonsLearned.tsx,pagina,/lessons,inventoried_only,True,e98996b3574b0610118abb81aa035e1e58402d6d7c5e1331c14d067bdc76da92,presentacion,idioma/accesibilidad; loading/error; no convertir falta de datos en seguro,"cola de contraste; evidencia previa debe reconciliarse, no significa nunca probado"
src/pages/LightPollutionAudit.tsx,pagina,/light-pollution,inventoried_only,True,05b340732308071e9e03ec09787ae3b6ba53746355a55833bd3205786d484a91,identidad,anónimo/autenticado; rol permitido/denegado; sesión expirada/revocada,"cola de contraste; evidencia previa debe reconciliarse, no significa nunca probado"
src/pages/LightPollutionAudit.tsx,pagina,/light-pollution,inventoried_only,True,05b340732308071e9e03ec09787ae3b6ba53746355a55833bd3205786d484a91,ambito,sin proyecto; A→B→A; cambio de empresa; respuesta tardía,"cola de contraste; evidencia previa debe reconciliarse, no significa nunca probado"
src/pages/LightPollutionAudit.tsx,pagina,/light-pollution,inventoried_only,True,05b340732308071e9e03ec09787ae3b6ba53746355a55833bd3205786d484a91,entrada,menú/URL/QR/push; arranque frío; demo frente a rama normal,"cola de contraste; evidencia previa debe reconciliarse, no significa nunca probado"
src/pages/LightPollutionAudit.tsx,pagina,/light-pollution,inventoried_only,True,05b340732308071e9e03ec09787ae3b6ba53746355a55833bd3205786d484a91,datos,vacío/inválido/antiguo; unidades y fechas; procedencia real,"cola de contraste; evidencia previa debe reconciliarse, no significa nunca probado"
src/pages/LightPollutionAudit.tsx,pagina,/light-pollution,inventoried_only,True,05b340732308071e9e03ec09787ae3b6ba53746355a55833bd3205786d484a91,red,online/offline; timeout/403/500; recuperación sin estado residual,"cola de contraste; evidencia previa debe reconciliarse, no significa nunca probado"
src/pages/LightPollutionAudit.tsx,pagina,/light-pollution,inventoried_only,True,05b340732308071e9e03ec09787ae3b6ba53746355a55833bd3205786d484a91,mutacion,doble clic/reintento/concurrencia; idempotencia y auditoría,"cola de contraste; evidencia previa debe reconciliarse, no significa nunca probado"
src/pages/LightPollutionAudit.tsx,pagina,/light-pollution,inventoried_only,True,05b340732308071e9e03ec09787ae3b6ba53746355a55833bd3205786d484a91,persistencia,guardar→leer de vuelta→recargar; cola→servidor→consumidor,"cola de contraste; evidencia previa debe reconciliarse, no significa nunca probado"
src/pages/LightPollutionAudit.tsx,pagina,/light-pollution,inventoried_only,True,05b340732308071e9e03ec09787ae3b6ba53746355a55833bd3205786d484a91,ciclo_vida,background/proceso muerto; actualización PWA; versión antigua,"cola de contraste; evidencia previa debe reconciliarse, no significa nunca probado"
src/pages/LightPollutionAudit.tsx,pagina,/light-pollution,inventoried_only,True,05b340732308071e9e03ec09787ae3b6ba53746355a55833bd3205786d484a91,salida,exportación/PDF/firma/compartir; integridad; revocación,"cola de contraste; evidencia previa debe reconciliarse, no significa nunca probado"
src/pages/LightPollutionAudit.tsx,pagina,/light-pollution,inventoried_only,True,05b340732308071e9e03ec09787ae3b6ba53746355a55833bd3205786d484a91,dispositivo,web/Android; permisos revocados; OEM; sensores no disponibles,"cola de contraste; evidencia previa debe reconciliarse, no significa nunca probado"
src/pages/LightPollutionAudit.tsx,pagina,/light-pollution,inventoried_only,True,05b340732308071e9e03ec09787ae3b6ba53746355a55833bd3205786d484a91,presentacion,idioma/accesibilidad; loading/error; no convertir falta de datos en seguro,"cola de contraste; evidencia previa debe reconciliarse, no significa nunca probado"
src/pages/LineaDeFuego.tsx,pagina,/linea-de-fuego,inventoried_only,True,daf32e0f4cf62d32ba1d664b5ee1d0bfdb72ef9595a02cc9a000bf619a194744,identidad,anónimo/autenticado; rol permitido/denegado; sesión expirada/revocada,"cola de contraste; evidencia previa debe reconciliarse, no significa nunca probado"
src/pages/LineaDeFuego.tsx,pagina,/linea-de-fuego,inventoried_only,True,daf32e0f4cf62d32ba1d664b5ee1d0bfdb72ef9595a02cc9a000bf619a194744,ambito,sin proyecto; A→B→A; cambio de empresa; respuesta tardía,"cola de contraste; evidencia previa debe reconciliarse, no significa nunca probado"
src/pages/LineaDeFuego.tsx,pagina,/linea-de-fuego,inventoried_only,True,daf32e0f4cf62d32ba1d664b5ee1d0bfdb72ef9595a02cc9a000bf619a194744,entrada,menú/URL/QR/push; arranque frío; demo frente a rama normal,"cola de contraste; evidencia previa debe reconciliarse, no significa nunca probado"
src/pages/LineaDeFuego.tsx,pagina,/linea-de-fuego,inventoried_only,True,daf32e0f4cf62d32ba1d664b5ee1d0bfdb72ef9595a02cc9a000bf619a194744,datos,vacío/inválido/antiguo; unidades y fechas; procedencia real,"cola de contraste; evidencia previa debe reconciliarse, no significa nunca probado"
src/pages/LineaDeFuego.tsx,pagina,/linea-de-fuego,inventoried_only,True,daf32e0f4cf62d32ba1d664b5ee1d0bfdb72ef9595a02cc9a000bf619a194744,red,online/offline; timeout/403/500; recuperación sin estado residual,"cola de contraste; evidencia previa debe reconciliarse, no significa nunca probado"
src/pages/LineaDeFuego.tsx,pagina,/linea-de-fuego,inventoried_only,True,daf32e0f4cf62d32ba1d664b5ee1d0bfdb72ef9595a02cc9a000bf619a194744,mutacion,doble clic/reintento/concurrencia; idempotencia y auditoría,"cola de contraste; evidencia previa debe reconciliarse, no significa nunca probado"
src/pages/LineaDeFuego.tsx,pagina,/linea-de-fuego,inventoried_only,True,daf32e0f4cf62d32ba1d664b5ee1d0bfdb72ef9595a02cc9a000bf619a194744,persistencia,guardar→leer de vuelta→recargar; cola→servidor→consumidor,"cola de contraste; evidencia previa debe reconciliarse, no significa nunca probado"
src/pages/LineaDeFuego.tsx,pagina,/linea-de-fuego,inventoried_only,True,daf32e0f4cf62d32ba1d664b5ee1d0bfdb72ef9595a02cc9a000bf619a194744,ciclo_vida,background/proceso muerto; actualización PWA; versión antigua,"cola de contraste; evidencia previa debe reconciliarse, no significa nunca probado"
src/pages/LineaDeFuego.tsx,pagina,/linea-de-fuego,inventoried_only,True,daf32e0f4cf62d32ba1d664b5ee1d0bfdb72ef9595a02cc9a000bf619a194744,salida,exportación/PDF/firma/compartir; integridad; revocación,"cola de contraste; evidencia previa debe reconciliarse, no significa nunca probado"
src/pages/LineaDeFuego.tsx,pagina,/linea-de-fuego,inventoried_only,True,daf32e0f4cf62d32ba1d664b5ee1d0bfdb72ef9595a02cc9a000bf619a194744,dispositivo,web/Android; permisos revocados; OEM; sensores no disponibles,"cola de contraste; evidencia previa debe reconciliarse, no significa nunca probado"
src/pages/LineaDeFuego.tsx,pagina,/linea-de-fuego,inventoried_only,True,daf32e0f4cf62d32ba1d664b5ee1d0bfdb72ef9595a02cc9a000bf619a194744,presentacion,idioma/accesibilidad; loading/error; no convertir falta de datos en seguro,"cola de contraste; evidencia previa debe reconciliarse, no significa nunca probado"
src/pages/Login.tsx,pagina,,inventoried_only,False,79d96f96639f2fd077fe7803fccfad2cdad0cbed2db97151e89e466afd1e6e74,identidad,anónimo/autenticado; rol permitido/denegado; sesión expirada/revocada,"cola de contraste; evidencia previa debe reconciliarse, no significa nunca probado"
src/pages/Login.tsx,pagina,,inventoried_only,False,79d96f96639f2fd077fe7803fccfad2cdad0cbed2db97151e89e466afd1e6e74,ambito,sin proyecto; A→B→A; cambio de empresa; respuesta tardía,"cola de contraste; evidencia previa debe reconciliarse, no significa nunca probado"
src/pages/Login.tsx,pagina,,inventoried_only,False,79d96f96639f2fd077fe7803fccfad2cdad0cbed2db97151e89e466afd1e6e74,entrada,menú/URL/QR/push; arranque frío; demo frente a rama normal,"cola de contraste; evidencia previa debe reconciliarse, no significa nunca probado"
src/pages/Login.tsx,pagina,,inventoried_only,False,79d96f96639f2fd077fe7803fccfad2cdad0cbed2db97151e89e466afd1e6e74,datos,vacío/inválido/antiguo; unidades y fechas; procedencia real,"cola de contraste; evidencia previa debe reconciliarse, no significa nunca probado"
src/pages/Login.tsx,pagina,,inventoried_only,False,79d96f96639f2fd077fe7803fccfad2cdad0cbed2db97151e89e466afd1e6e74,red,online/offline; timeout/403/500; recuperación sin estado residual,"cola de contraste; evidencia previa debe reconciliarse, no significa nunca probado"
src/pages/Login.tsx,pagina,,inventoried_only,False,79d96f96639f2fd077fe7803fccfad2cdad0cbed2db97151e89e466afd1e6e74,mutacion,doble clic/reintento/concurrencia; idempotencia y auditoría,"cola de contraste; evidencia previa debe reconciliarse, no significa nunca probado"
src/pages/Login.tsx,pagina,,inventoried_only,False,79d96f96639f2fd077fe7803fccfad2cdad0cbed2db97151e89e466afd1e6e74,persistencia,guardar→leer de vuelta→recargar; cola→servidor→consumidor,"cola de contraste; evidencia previa debe reconciliarse, no significa nunca probado"
src/pages/Login.tsx,pagina,,inventoried_only,False,79d96f96639f2fd077fe7803fccfad2cdad0cbed2db97151e89e466afd1e6e74,ciclo_vida,background/proceso muerto; actualización PWA; versión antigua,"cola de contraste; evidencia previa debe reconciliarse, no significa nunca probado"
src/pages/Login.tsx,pagina,,inventoried_only,False,79d96f96639f2fd077fe7803fccfad2cdad0cbed2db97151e89e466afd1e6e74,salida,exportación/PDF/firma/compartir; integridad; revocación,"cola de contraste; evidencia previa debe reconciliarse, no significa nunca probado"
src/pages/Login.tsx,pagina,,inventoried_only,False,79d96f96639f2fd077fe7803fccfad2cdad0cbed2db97151e89e466afd1e6e74,dispositivo,web/Android; permisos revocados; OEM; sensores no disponibles,"cola de contraste; evidencia previa debe reconciliarse, no significa nunca probado"
src/pages/Login.tsx,pagina,,inventoried_only,False,79d96f96639f2fd077fe7803fccfad2cdad0cbed2db97151e89e466afd1e6e74,presentacion,idioma/accesibilidad; loading/error; no convertir falta de datos en seguro,"cola de contraste; evidencia previa debe reconciliarse, no significa nunca probado"
src/pages/LoneWorker.tsx,pagina,/lone-worker/check-in,referenced_in_vault_depth_unverified,True,2d3a1a77af3d0a4fd5a105ca3f97db62a0003863c9a8ed4a79b40d522938c145,identidad,anónimo/autenticado; rol permitido/denegado; sesión expirada/revocada,"cola de contraste; evidencia previa debe reconciliarse, no significa nunca probado"
src/pages/LoneWorker.tsx,pagina,/lone-worker/check-in,referenced_in_vault_depth_unverified,True,2d3a1a77af3d0a4fd5a105ca3f97db62a0003863c9a8ed4a79b40d522938c145,ambito,sin proyecto; A→B→A; cambio de empresa; respuesta tardía,"cola de contraste; evidencia previa debe reconciliarse, no significa nunca probado"
src/pages/LoneWorker.tsx,pagina,/lone-worker/check-in,referenced_in_vault_depth_unverified,True,2d3a1a77af3d0a4fd5a105ca3f97db62a0003863c9a8ed4a79b40d522938c145,entrada,menú/URL/QR/push; arranque frío; demo frente a rama normal,"cola de contraste; evidencia previa debe reconciliarse, no significa nunca probado"
src/pages/LoneWorker.tsx,pagina,/lone-worker/check-in,referenced_in_vault_depth_unverified,True,2d3a1a77af3d0a4fd5a105ca3f97db62a0003863c9a8ed4a79b40d522938c145,datos,vacío/inválido/antiguo; unidades y fechas; procedencia real,"cola de contraste; evidencia previa debe reconciliarse, no significa nunca probado"
src/pages/LoneWorker.tsx,pagina,/lone-worker/check-in,referenced_in_vault_depth_unverified,True,2d3a1a77af3d0a4fd5a105ca3f97db62a0003863c9a8ed4a79b40d522938c145,red,online/offline; timeout/403/500; recuperación sin estado residual,"cola de contraste; evidencia previa debe reconciliarse, no significa nunca probado"
src/pages/LoneWorker.tsx,pagina,/lone-worker/check-in,referenced_in_vault_depth_unverified,True,2d3a1a77af3d0a4fd5a105ca3f97db62a0003863c9a8ed4a79b40d522938c145,mutacion,doble clic/reintento/concurrencia; idempotencia y auditoría,"cola de contraste; evidencia previa debe reconciliarse, no significa nunca probado"
src/pages/LoneWorker.tsx,pagina,/lone-worker/check-in,referenced_in_vault_depth_unverified,True,2d3a1a77af3d0a4fd5a105ca3f97db62a0003863c9a8ed4a79b40d522938c145,persistencia,guardar→leer de vuelta→recargar; cola→servidor→consumidor,"cola de contraste; evidencia previa debe reconciliarse, no significa nunca probado"
src/pages/LoneWorker.tsx,pagina,/lone-worker/check-in,referenced_in_vault_depth_unverified,True,2d3a1a77af3d0a4fd5a105ca3f97db62a0003863c9a8ed4a79b40d522938c145,ciclo_vida,background/proceso muerto; actualización PWA; versión antigua,"cola de contraste; evidencia previa debe reconciliarse, no significa nunca probado"
src/pages/LoneWorker.tsx,pagina,/lone-worker/check-in,referenced_in_vault_depth_unverified,True,2d3a1a77af3d0a4fd5a105ca3f97db62a0003863c9a8ed4a79b40d522938c145,salida,exportación/PDF/firma/compartir; integridad; revocación,"cola de contraste; evidencia previa debe reconciliarse, no significa nunca probado"
src/pages/LoneWorker.tsx,pagina,/lone-worker/check-in,referenced_in_vault_depth_unverified,True,2d3a1a77af3d0a4fd5a105ca3f97db62a0003863c9a8ed4a79b40d522938c145,dispositivo,web/Android; permisos revocados; OEM; sensores no disponibles,"cola de contraste; evidencia previa debe reconciliarse, no significa nunca probado"
src/pages/LoneWorker.tsx,pagina,/lone-worker/check-in,referenced_in_vault_depth_unverified,True,2d3a1a77af3d0a4fd5a105ca3f97db62a0003863c9a8ed4a79b40d522938c145,presentacion,idioma/accesibilidad; loading/error; no convertir falta de datos en seguro,"cola de contraste; evidencia previa debe reconciliarse, no significa nunca probado"
src/pages/LoneWorkerMonitor.tsx,pagina,/lone-worker,referenced_in_vault_depth_unverified,True,f01d726e7f20b1e192f66d4cce3946d96af96d782c5d81166c298539a100bb46,identidad,anónimo/autenticado; rol permitido/denegado; sesión expirada/revocada,"cola de contraste; evidencia previa debe reconciliarse, no significa nunca probado"
src/pages/LoneWorkerMonitor.tsx,pagina,/lone-worker,referenced_in_vault_depth_unverified,True,f01d726e7f20b1e192f66d4cce3946d96af96d782c5d81166c298539a100bb46,ambito,sin proyecto; A→B→A; cambio de empresa; respuesta tardía,"cola de contraste; evidencia previa debe reconciliarse, no significa nunca probado"
src/pages/LoneWorkerMonitor.tsx,pagina,/lone-worker,referenced_in_vault_depth_unverified,True,f01d726e7f20b1e192f66d4cce3946d96af96d782c5d81166c298539a100bb46,entrada,menú/URL/QR/push; arranque frío; demo frente a rama normal,"cola de contraste; evidencia previa debe reconciliarse, no significa nunca probado"
src/pages/LoneWorkerMonitor.tsx,pagina,/lone-worker,referenced_in_vault_depth_unverified,True,f01d726e7f20b1e192f66d4cce3946d96af96d782c5d81166c298539a100bb46,datos,vacío/inválido/antiguo; unidades y fechas; procedencia real,"cola de contraste; evidencia previa debe reconciliarse, no significa nunca probado"
src/pages/LoneWorkerMonitor.tsx,pagina,/lone-worker,referenced_in_vault_depth_unverified,True,f01d726e7f20b1e192f66d4cce3946d96af96d782c5d81166c298539a100bb46,red,online/offline; timeout/403/500; recuperación sin estado residual,"cola de contraste; evidencia previa debe reconciliarse, no significa nunca probado"
src/pages/LoneWorkerMonitor.tsx,pagina,/lone-worker,referenced_in_vault_depth_unverified,True,f01d726e7f20b1e192f66d4cce3946d96af96d782c5d81166c298539a100bb46,mutacion,doble clic/reintento/concurrencia; idempotencia y auditoría,"cola de contraste; evidencia previa debe reconciliarse, no significa nunca probado"
src/pages/LoneWorkerMonitor.tsx,pagina,/lone-worker,referenced_in_vault_depth_unverified,True,f01d726e7f20b1e192f66d4cce3946d96af96d782c5d81166c298539a100bb46,persistencia,guardar→leer de vuelta→recargar; cola→servidor→consumidor,"cola de contraste; evidencia previa debe reconciliarse, no significa nunca probado"
src/pages/LoneWorkerMonitor.tsx,pagina,/lone-worker,referenced_in_vault_depth_unverified,True,f01d726e7f20b1e192f66d4cce3946d96af96d782c5d81166c298539a100bb46,ciclo_vida,background/proceso muerto; actualización PWA; versión antigua,"cola de contraste; evidencia previa debe reconciliarse, no significa nunca probado"
src/pages/LoneWorkerMonitor.tsx,pagina,/lone-worker,referenced_in_vault_depth_unverified,True,f01d726e7f20b1e192f66d4cce3946d96af96d782c5d81166c298539a100bb46,salida,exportación/PDF/firma/compartir; integridad; revocación,"cola de contraste; evidencia previa debe reconciliarse, no significa nunca probado"
src/pages/LoneWorkerMonitor.tsx,pagina,/lone-worker,referenced_in_vault_depth_unverified,True,f01d726e7f20b1e192f66d4cce3946d96af96d782c5d81166c298539a100bb46,dispositivo,web/Android; permisos revocados; OEM; sensores no disponibles,"cola de contraste; evidencia previa debe reconciliarse, no significa nunca probado"
src/pages/LoneWorkerMonitor.tsx,pagina,/lone-worker,referenced_in_vault_depth_unverified,True,f01d726e7f20b1e192f66d4cce3946d96af96d782c5d81166c298539a100bb46,presentacion,idioma/accesibilidad; loading/error; no convertir falta de datos en seguro,"cola de contraste; evidencia previa debe reconciliarse, no significa nunca probado"
src/pages/Loto.tsx,pagina,/loto,inventoried_only,True,e25d925a7e93331c40d184b768975609da3eb10d552147dd0adb9895d31e37d3,identidad,anónimo/autenticado; rol permitido/denegado; sesión expirada/revocada,"cola de contraste; evidencia previa debe reconciliarse, no significa nunca probado"
src/pages/Loto.tsx,pagina,/loto,inventoried_only,True,e25d925a7e93331c40d184b768975609da3eb10d552147dd0adb9895d31e37d3,ambito,sin proyecto; A→B→A; cambio de empresa; respuesta tardía,"cola de contraste; evidencia previa debe reconciliarse, no significa nunca probado"
src/pages/Loto.tsx,pagina,/loto,inventoried_only,True,e25d925a7e93331c40d184b768975609da3eb10d552147dd0adb9895d31e37d3,entrada,menú/URL/QR/push; arranque frío; demo frente a rama normal,"cola de contraste; evidencia previa debe reconciliarse, no significa nunca probado"
src/pages/Loto.tsx,pagina,/loto,inventoried_only,True,e25d925a7e93331c40d184b768975609da3eb10d552147dd0adb9895d31e37d3,datos,vacío/inválido/antiguo; unidades y fechas; procedencia real,"cola de contraste; evidencia previa debe reconciliarse, no significa nunca probado"
src/pages/Loto.tsx,pagina,/loto,inventoried_only,True,e25d925a7e93331c40d184b768975609da3eb10d552147dd0adb9895d31e37d3,red,online/offline; timeout/403/500; recuperación sin estado residual,"cola de contraste; evidencia previa debe reconciliarse, no significa nunca probado"
src/pages/Loto.tsx,pagina,/loto,inventoried_only,True,e25d925a7e93331c40d184b768975609da3eb10d552147dd0adb9895d31e37d3,mutacion,doble clic/reintento/concurrencia; idempotencia y auditoría,"cola de contraste; evidencia previa debe reconciliarse, no significa nunca probado"
src/pages/Loto.tsx,pagina,/loto,inventoried_only,True,e25d925a7e93331c40d184b768975609da3eb10d552147dd0adb9895d31e37d3,persistencia,guardar→leer de vuelta→recargar; cola→servidor→consumidor,"cola de contraste; evidencia previa debe reconciliarse, no significa nunca probado"
src/pages/Loto.tsx,pagina,/loto,inventoried_only,True,e25d925a7e93331c40d184b768975609da3eb10d552147dd0adb9895d31e37d3,ciclo_vida,background/proceso muerto; actualización PWA; versión antigua,"cola de contraste; evidencia previa debe reconciliarse, no significa nunca probado"
src/pages/Loto.tsx,pagina,/loto,inventoried_only,True,e25d925a7e93331c40d184b768975609da3eb10d552147dd0adb9895d31e37d3,salida,exportación/PDF/firma/compartir; integridad; revocación,"cola de contraste; evidencia previa debe reconciliarse, no significa nunca probado"
src/pages/Loto.tsx,pagina,/loto,inventoried_only,True,e25d925a7e93331c40d184b768975609da3eb10d552147dd0adb9895d31e37d3,dispositivo,web/Android; permisos revocados; OEM; sensores no disponibles,"cola de contraste; evidencia previa debe reconciliarse, no significa nunca probado"
src/pages/Loto.tsx,pagina,/loto,inventoried_only,True,e25d925a7e93331c40d184b768975609da3eb10d552147dd0adb9895d31e37d3,presentacion,idioma/accesibilidad; loading/error; no convertir falta de datos en seguro,"cola de contraste; evidencia previa debe reconciliarse, no significa nunca probado"
src/pages/MantenimientoPreventivo.tsx,pagina,/mantenimiento-preventivo,inventoried_only,True,6a0409a2a948076496ce34b72606effdee6dd9acbb42a03fbc344293a866dfcc,identidad,anónimo/autenticado; rol permitido/denegado; sesión expirada/revocada,"cola de contraste; evidencia previa debe reconciliarse, no significa nunca probado"
src/pages/MantenimientoPreventivo.tsx,pagina,/mantenimiento-preventivo,inventoried_only,True,6a0409a2a948076496ce34b72606effdee6dd9acbb42a03fbc344293a866dfcc,ambito,sin proyecto; A→B→A; cambio de empresa; respuesta tardía,"cola de contraste; evidencia previa debe reconciliarse, no significa nunca probado"
src/pages/MantenimientoPreventivo.tsx,pagina,/mantenimiento-preventivo,inventoried_only,True,6a0409a2a948076496ce34b72606effdee6dd9acbb42a03fbc344293a866dfcc,entrada,menú/URL/QR/push; arranque frío; demo frente a rama normal,"cola de contraste; evidencia previa debe reconciliarse, no significa nunca probado"
src/pages/MantenimientoPreventivo.tsx,pagina,/mantenimiento-preventivo,inventoried_only,True,6a0409a2a948076496ce34b72606effdee6dd9acbb42a03fbc344293a866dfcc,datos,vacío/inválido/antiguo; unidades y fechas; procedencia real,"cola de contraste; evidencia previa debe reconciliarse, no significa nunca probado"
src/pages/MantenimientoPreventivo.tsx,pagina,/mantenimiento-preventivo,inventoried_only,True,6a0409a2a948076496ce34b72606effdee6dd9acbb42a03fbc344293a866dfcc,red,online/offline; timeout/403/500; recuperación sin estado residual,"cola de contraste; evidencia previa debe reconciliarse, no significa nunca probado"
src/pages/MantenimientoPreventivo.tsx,pagina,/mantenimiento-preventivo,inventoried_only,True,6a0409a2a948076496ce34b72606effdee6dd9acbb42a03fbc344293a866dfcc,mutacion,doble clic/reintento/concurrencia; idempotencia y auditoría,"cola de contraste; evidencia previa debe reconciliarse, no significa nunca probado"
src/pages/MantenimientoPreventivo.tsx,pagina,/mantenimiento-preventivo,inventoried_only,True,6a0409a2a948076496ce34b72606effdee6dd9acbb42a03fbc344293a866dfcc,persistencia,guardar→leer de vuelta→recargar; cola→servidor→consumidor,"cola de contraste; evidencia previa debe reconciliarse, no significa nunca probado"
src/pages/MantenimientoPreventivo.tsx,pagina,/mantenimiento-preventivo,inventoried_only,True,6a0409a2a948076496ce34b72606effdee6dd9acbb42a03fbc344293a866dfcc,ciclo_vida,background/proceso muerto; actualización PWA; versión antigua,"cola de contraste; evidencia previa debe reconciliarse, no significa nunca probado"
src/pages/MantenimientoPreventivo.tsx,pagina,/mantenimiento-preventivo,inventoried_only,True,6a0409a2a948076496ce34b72606effdee6dd9acbb42a03fbc344293a866dfcc,salida,exportación/PDF/firma/compartir; integridad; revocación,"cola de contraste; evidencia previa debe reconciliarse, no significa nunca probado"
src/pages/MantenimientoPreventivo.tsx,pagina,/mantenimiento-preventivo,inventoried_only,True,6a0409a2a948076496ce34b72606effdee6dd9acbb42a03fbc344293a866dfcc,dispositivo,web/Android; permisos revocados; OEM; sensores no disponibles,"cola de contraste; evidencia previa debe reconciliarse, no significa nunca probado"
src/pages/MantenimientoPreventivo.tsx,pagina,/mantenimiento-preventivo,inventoried_only,True,6a0409a2a948076496ce34b72606effdee6dd9acbb42a03fbc344293a866dfcc,presentacion,idioma/accesibilidad; loading/error; no convertir falta de datos en seguro,"cola de contraste; evidencia previa debe reconciliarse, no significa nunca probado"
src/pages/Matrix.tsx,pagina,/matrix,referenced_in_vault_depth_unverified,True,54607420007c82db08bef1b21e59b642628e079863dafe8c6123e73581411d64,identidad,anónimo/autenticado; rol permitido/denegado; sesión expirada/revocada,"cola de contraste; evidencia previa debe reconciliarse, no significa nunca probado"
src/pages/Matrix.tsx,pagina,/matrix,referenced_in_vault_depth_unverified,True,54607420007c82db08bef1b21e59b642628e079863dafe8c6123e73581411d64,ambito,sin proyecto; A→B→A; cambio de empresa; respuesta tardía,"cola de contraste; evidencia previa debe reconciliarse, no significa nunca probado"
src/pages/Matrix.tsx,pagina,/matrix,referenced_in_vault_depth_unverified,True,54607420007c82db08bef1b21e59b642628e079863dafe8c6123e73581411d64,entrada,menú/URL/QR/push; arranque frío; demo frente a rama normal,"cola de contraste; evidencia previa debe reconciliarse, no significa nunca probado"
src/pages/Matrix.tsx,pagina,/matrix,referenced_in_vault_depth_unverified,True,54607420007c82db08bef1b21e59b642628e079863dafe8c6123e73581411d64,datos,vacío/inválido/antiguo; unidades y fechas; procedencia real,"cola de contraste; evidencia previa debe reconciliarse, no significa nunca probado"
src/pages/Matrix.tsx,pagina,/matrix,referenced_in_vault_depth_unverified,True,54607420007c82db08bef1b21e59b642628e079863dafe8c6123e73581411d64,red,online/offline; timeout/403/500; recuperación sin estado residual,"cola de contraste; evidencia previa debe reconciliarse, no significa nunca probado"
src/pages/Matrix.tsx,pagina,/matrix,referenced_in_vault_depth_unverified,True,54607420007c82db08bef1b21e59b642628e079863dafe8c6123e73581411d64,mutacion,doble clic/reintento/concurrencia; idempotencia y auditoría,"cola de contraste; evidencia previa debe reconciliarse, no significa nunca probado"
src/pages/Matrix.tsx,pagina,/matrix,referenced_in_vault_depth_unverified,True,54607420007c82db08bef1b21e59b642628e079863dafe8c6123e73581411d64,persistencia,guardar→leer de vuelta→recargar; cola→servidor→consumidor,"cola de contraste; evidencia previa debe reconciliarse, no significa nunca probado"
src/pages/Matrix.tsx,pagina,/matrix,referenced_in_vault_depth_unverified,True,54607420007c82db08bef1b21e59b642628e079863dafe8c6123e73581411d64,ciclo_vida,background/proceso muerto; actualización PWA; versión antigua,"cola de contraste; evidencia previa debe reconciliarse, no significa nunca probado"
src/pages/Matrix.tsx,pagina,/matrix,referenced_in_vault_depth_unverified,True,54607420007c82db08bef1b21e59b642628e079863dafe8c6123e73581411d64,salida,exportación/PDF/firma/compartir; integridad; revocación,"cola de contraste; evidencia previa debe reconciliarse, no significa nunca probado"
src/pages/Matrix.tsx,pagina,/matrix,referenced_in_vault_depth_unverified,True,54607420007c82db08bef1b21e59b642628e079863dafe8c6123e73581411d64,dispositivo,web/Android; permisos revocados; OEM; sensores no disponibles,"cola de contraste; evidencia previa debe reconciliarse, no significa nunca probado"
src/pages/Matrix.tsx,pagina,/matrix,referenced_in_vault_depth_unverified,True,54607420007c82db08bef1b21e59b642628e079863dafe8c6123e73581411d64,presentacion,idioma/accesibilidad; loading/error; no convertir falta de datos en seguro,"cola de contraste; evidencia previa debe reconciliarse, no significa nunca probado"
src/pages/MatrizIper.tsx,pagina,/matriz-iper,inventoried_only,True,97de91fd514013f215531b79324c28b923571a54811e91f479c73028d30fc381,identidad,anónimo/autenticado; rol permitido/denegado; sesión expirada/revocada,"cola de contraste; evidencia previa debe reconciliarse, no significa nunca probado"
src/pages/MatrizIper.tsx,pagina,/matriz-iper,inventoried_only,True,97de91fd514013f215531b79324c28b923571a54811e91f479c73028d30fc381,ambito,sin proyecto; A→B→A; cambio de empresa; respuesta tardía,"cola de contraste; evidencia previa debe reconciliarse, no significa nunca probado"
src/pages/MatrizIper.tsx,pagina,/matriz-iper,inventoried_only,True,97de91fd514013f215531b79324c28b923571a54811e91f479c73028d30fc381,entrada,menú/URL/QR/push; arranque frío; demo frente a rama normal,"cola de contraste; evidencia previa debe reconciliarse, no significa nunca probado"
src/pages/MatrizIper.tsx,pagina,/matriz-iper,inventoried_only,True,97de91fd514013f215531b79324c28b923571a54811e91f479c73028d30fc381,datos,vacío/inválido/antiguo; unidades y fechas; procedencia real,"cola de contraste; evidencia previa debe reconciliarse, no significa nunca probado"
src/pages/MatrizIper.tsx,pagina,/matriz-iper,inventoried_only,True,97de91fd514013f215531b79324c28b923571a54811e91f479c73028d30fc381,red,online/offline; timeout/403/500; recuperación sin estado residual,"cola de contraste; evidencia previa debe reconciliarse, no significa nunca probado"
src/pages/MatrizIper.tsx,pagina,/matriz-iper,inventoried_only,True,97de91fd514013f215531b79324c28b923571a54811e91f479c73028d30fc381,mutacion,doble clic/reintento/concurrencia; idempotencia y auditoría,"cola de contraste; evidencia previa debe reconciliarse, no significa nunca probado"
src/pages/MatrizIper.tsx,pagina,/matriz-iper,inventoried_only,True,97de91fd514013f215531b79324c28b923571a54811e91f479c73028d30fc381,persistencia,guardar→leer de vuelta→recargar; cola→servidor→consumidor,"cola de contraste; evidencia previa debe reconciliarse, no significa nunca probado"
src/pages/MatrizIper.tsx,pagina,/matriz-iper,inventoried_only,True,97de91fd514013f215531b79324c28b923571a54811e91f479c73028d30fc381,ciclo_vida,background/proceso muerto; actualización PWA; versión antigua,"cola de contraste; evidencia previa debe reconciliarse, no significa nunca probado"
src/pages/MatrizIper.tsx,pagina,/matriz-iper,inventoried_only,True,97de91fd514013f215531b79324c28b923571a54811e91f479c73028d30fc381,salida,exportación/PDF/firma/compartir; integridad; revocación,"cola de contraste; evidencia previa debe reconciliarse, no significa nunca probado"
src/pages/MatrizIper.tsx,pagina,/matriz-iper,inventoried_only,True,97de91fd514013f215531b79324c28b923571a54811e91f479c73028d30fc381,dispositivo,web/Android; permisos revocados; OEM; sensores no disponibles,"cola de contraste; evidencia previa debe reconciliarse, no significa nunca probado"
src/pages/MatrizIper.tsx,pagina,/matriz-iper,inventoried_only,True,97de91fd514013f215531b79324c28b923571a54811e91f479c73028d30fc381,presentacion,idioma/accesibilidad; loading/error; no convertir falta de datos en seguro,"cola de contraste; evidencia previa debe reconciliarse, no significa nunca probado"
src/pages/MaturityIndicator.tsx,pagina,/maturity-index,inventoried_only,True,4c81b81416ceee607197ebd6779fe163f48afaeb316f3a56a6870d7abf79586d,identidad,anónimo/autenticado; rol permitido/denegado; sesión expirada/revocada,"cola de contraste; evidencia previa debe reconciliarse, no significa nunca probado"
src/pages/MaturityIndicator.tsx,pagina,/maturity-index,inventoried_only,True,4c81b81416ceee607197ebd6779fe163f48afaeb316f3a56a6870d7abf79586d,ambito,sin proyecto; A→B→A; cambio de empresa; respuesta tardía,"cola de contraste; evidencia previa debe reconciliarse, no significa nunca probado"
src/pages/MaturityIndicator.tsx,pagina,/maturity-index,inventoried_only,True,4c81b81416ceee607197ebd6779fe163f48afaeb316f3a56a6870d7abf79586d,entrada,menú/URL/QR/push; arranque frío; demo frente a rama normal,"cola de contraste; evidencia previa debe reconciliarse, no significa nunca probado"
src/pages/MaturityIndicator.tsx,pagina,/maturity-index,inventoried_only,True,4c81b81416ceee607197ebd6779fe163f48afaeb316f3a56a6870d7abf79586d,datos,vacío/inválido/antiguo; unidades y fechas; procedencia real,"cola de contraste; evidencia previa debe reconciliarse, no significa nunca probado"
src/pages/MaturityIndicator.tsx,pagina,/maturity-index,inventoried_only,True,4c81b81416ceee607197ebd6779fe163f48afaeb316f3a56a6870d7abf79586d,red,online/offline; timeout/403/500; recuperación sin estado residual,"cola de contraste; evidencia previa debe reconciliarse, no significa nunca probado"
src/pages/MaturityIndicator.tsx,pagina,/maturity-index,inventoried_only,True,4c81b81416ceee607197ebd6779fe163f48afaeb316f3a56a6870d7abf79586d,mutacion,doble clic/reintento/concurrencia; idempotencia y auditoría,"cola de contraste; evidencia previa debe reconciliarse, no significa nunca probado"
src/pages/MaturityIndicator.tsx,pagina,/maturity-index,inventoried_only,True,4c81b81416ceee607197ebd6779fe163f48afaeb316f3a56a6870d7abf79586d,persistencia,guardar→leer de vuelta→recargar; cola→servidor→consumidor,"cola de contraste; evidencia previa debe reconciliarse, no significa nunca probado"
src/pages/MaturityIndicator.tsx,pagina,/maturity-index,inventoried_only,True,4c81b81416ceee607197ebd6779fe163f48afaeb316f3a56a6870d7abf79586d,ciclo_vida,background/proceso muerto; actualización PWA; versión antigua,"cola de contraste; evidencia previa debe reconciliarse, no significa nunca probado"
src/pages/MaturityIndicator.tsx,pagina,/maturity-index,inventoried_only,True,4c81b81416ceee607197ebd6779fe163f48afaeb316f3a56a6870d7abf79586d,salida,exportación/PDF/firma/compartir; integridad; revocación,"cola de contraste; evidencia previa debe reconciliarse, no significa nunca probado"
src/pages/MaturityIndicator.tsx,pagina,/maturity-index,inventoried_only,True,4c81b81416ceee607197ebd6779fe163f48afaeb316f3a56a6870d7abf79586d,dispositivo,web/Android; permisos revocados; OEM; sensores no disponibles,"cola de contraste; evidencia previa debe reconciliarse, no significa nunca probado"
src/pages/MaturityIndicator.tsx,pagina,/maturity-index,inventoried_only,True,4c81b81416ceee607197ebd6779fe163f48afaeb316f3a56a6870d7abf79586d,presentacion,idioma/accesibilidad; loading/error; no convertir falta de datos en seguro,"cola de contraste; evidencia previa debe reconciliarse, no significa nunca probado"
src/pages/Medicine.tsx,pagina,/medicine,inventoried_only,True,d28c23e193401e47c77e335742a0b1b1c2689253251bc6d0afbafeb0c163eca8,identidad,anónimo/autenticado; rol permitido/denegado; sesión expirada/revocada,"cola de contraste; evidencia previa debe reconciliarse, no significa nunca probado"
src/pages/Medicine.tsx,pagina,/medicine,inventoried_only,True,d28c23e193401e47c77e335742a0b1b1c2689253251bc6d0afbafeb0c163eca8,ambito,sin proyecto; A→B→A; cambio de empresa; respuesta tardía,"cola de contraste; evidencia previa debe reconciliarse, no significa nunca probado"
src/pages/Medicine.tsx,pagina,/medicine,inventoried_only,True,d28c23e193401e47c77e335742a0b1b1c2689253251bc6d0afbafeb0c163eca8,entrada,menú/URL/QR/push; arranque frío; demo frente a rama normal,"cola de contraste; evidencia previa debe reconciliarse, no significa nunca probado"
src/pages/Medicine.tsx,pagina,/medicine,inventoried_only,True,d28c23e193401e47c77e335742a0b1b1c2689253251bc6d0afbafeb0c163eca8,datos,vacío/inválido/antiguo; unidades y fechas; procedencia real,"cola de contraste; evidencia previa debe reconciliarse, no significa nunca probado"
src/pages/Medicine.tsx,pagina,/medicine,inventoried_only,True,d28c23e193401e47c77e335742a0b1b1c2689253251bc6d0afbafeb0c163eca8,red,online/offline; timeout/403/500; recuperación sin estado residual,"cola de contraste; evidencia previa debe reconciliarse, no significa nunca probado"
src/pages/Medicine.tsx,pagina,/medicine,inventoried_only,True,d28c23e193401e47c77e335742a0b1b1c2689253251bc6d0afbafeb0c163eca8,mutacion,doble clic/reintento/concurrencia; idempotencia y auditoría,"cola de contraste; evidencia previa debe reconciliarse, no significa nunca probado"
src/pages/Medicine.tsx,pagina,/medicine,inventoried_only,True,d28c23e193401e47c77e335742a0b1b1c2689253251bc6d0afbafeb0c163eca8,persistencia,guardar→leer de vuelta→recargar; cola→servidor→consumidor,"cola de contraste; evidencia previa debe reconciliarse, no significa nunca probado"
src/pages/Medicine.tsx,pagina,/medicine,inventoried_only,True,d28c23e193401e47c77e335742a0b1b1c2689253251bc6d0afbafeb0c163eca8,ciclo_vida,background/proceso muerto; actualización PWA; versión antigua,"cola de contraste; evidencia previa debe reconciliarse, no significa nunca probado"
src/pages/Medicine.tsx,pagina,/medicine,inventoried_only,True,d28c23e193401e47c77e335742a0b1b1c2689253251bc6d0afbafeb0c163eca8,salida,exportación/PDF/firma/compartir; integridad; revocación,"cola de contraste; evidencia previa debe reconciliarse, no significa nunca probado"
src/pages/Medicine.tsx,pagina,/medicine,inventoried_only,True,d28c23e193401e47c77e335742a0b1b1c2689253251bc6d0afbafeb0c163eca8,dispositivo,web/Android; permisos revocados; OEM; sensores no disponibles,"cola de contraste; evidencia previa debe reconciliarse, no significa nunca probado"
src/pages/Medicine.tsx,pagina,/medicine,inventoried_only,True,d28c23e193401e47c77e335742a0b1b1c2689253251bc6d0afbafeb0c163eca8,presentacion,idioma/accesibilidad; loading/error; no convertir falta de datos en seguro,"cola de contraste; evidencia previa debe reconciliarse, no significa nunca probado"
src/pages/MiningContractors.tsx,pagina,/mining-contractors,inventoried_only,True,6842ba347e3b158abcf8042b9a5d5086e16b0fb3288f6c16e01e1942f1d39680,identidad,anónimo/autenticado; rol permitido/denegado; sesión expirada/revocada,"cola de contraste; evidencia previa debe reconciliarse, no significa nunca probado"
src/pages/MiningContractors.tsx,pagina,/mining-contractors,inventoried_only,True,6842ba347e3b158abcf8042b9a5d5086e16b0fb3288f6c16e01e1942f1d39680,ambito,sin proyecto; A→B→A; cambio de empresa; respuesta tardía,"cola de contraste; evidencia previa debe reconciliarse, no significa nunca probado"
src/pages/MiningContractors.tsx,pagina,/mining-contractors,inventoried_only,True,6842ba347e3b158abcf8042b9a5d5086e16b0fb3288f6c16e01e1942f1d39680,entrada,menú/URL/QR/push; arranque frío; demo frente a rama normal,"cola de contraste; evidencia previa debe reconciliarse, no significa nunca probado"
src/pages/MiningContractors.tsx,pagina,/mining-contractors,inventoried_only,True,6842ba347e3b158abcf8042b9a5d5086e16b0fb3288f6c16e01e1942f1d39680,datos,vacío/inválido/antiguo; unidades y fechas; procedencia real,"cola de contraste; evidencia previa debe reconciliarse, no significa nunca probado"
src/pages/MiningContractors.tsx,pagina,/mining-contractors,inventoried_only,True,6842ba347e3b158abcf8042b9a5d5086e16b0fb3288f6c16e01e1942f1d39680,red,online/offline; timeout/403/500; recuperación sin estado residual,"cola de contraste; evidencia previa debe reconciliarse, no significa nunca probado"
src/pages/MiningContractors.tsx,pagina,/mining-contractors,inventoried_only,True,6842ba347e3b158abcf8042b9a5d5086e16b0fb3288f6c16e01e1942f1d39680,mutacion,doble clic/reintento/concurrencia; idempotencia y auditoría,"cola de contraste; evidencia previa debe reconciliarse, no significa nunca probado"
src/pages/MiningContractors.tsx,pagina,/mining-contractors,inventoried_only,True,6842ba347e3b158abcf8042b9a5d5086e16b0fb3288f6c16e01e1942f1d39680,persistencia,guardar→leer de vuelta→recargar; cola→servidor→consumidor,"cola de contraste; evidencia previa debe reconciliarse, no significa nunca probado"
src/pages/MiningContractors.tsx,pagina,/mining-contractors,inventoried_only,True,6842ba347e3b158abcf8042b9a5d5086e16b0fb3288f6c16e01e1942f1d39680,ciclo_vida,background/proceso muerto; actualización PWA; versión antigua,"cola de contraste; evidencia previa debe reconciliarse, no significa nunca probado"
src/pages/MiningContractors.tsx,pagina,/mining-contractors,inventoried_only,True,6842ba347e3b158abcf8042b9a5d5086e16b0fb3288f6c16e01e1942f1d39680,salida,exportación/PDF/firma/compartir; integridad; revocación,"cola de contraste; evidencia previa debe reconciliarse, no significa nunca probado"
src/pages/MiningContractors.tsx,pagina,/mining-contractors,inventoried_only,True,6842ba347e3b158abcf8042b9a5d5086e16b0fb3288f6c16e01e1942f1d39680,dispositivo,web/Android; permisos revocados; OEM; sensores no disponibles,"cola de contraste; evidencia previa debe reconciliarse, no significa nunca probado"
src/pages/MiningContractors.tsx,pagina,/mining-contractors,inventoried_only,True,6842ba347e3b158abcf8042b9a5d5086e16b0fb3288f6c16e01e1942f1d39680,presentacion,idioma/accesibilidad; loading/error; no convertir falta de datos en seguro,"cola de contraste; evidencia previa debe reconciliarse, no significa nunca probado"
src/pages/MinsalProtocols.tsx,pagina,/minsal-protocols,inventoried_only,True,cca4e82b0e8581d885a1b178aa208c787bcc2b67369deb0c3faeb28775cd4734,identidad,anónimo/autenticado; rol permitido/denegado; sesión expirada/revocada,"cola de contraste; evidencia previa debe reconciliarse, no significa nunca probado"
src/pages/MinsalProtocols.tsx,pagina,/minsal-protocols,inventoried_only,True,cca4e82b0e8581d885a1b178aa208c787bcc2b67369deb0c3faeb28775cd4734,ambito,sin proyecto; A→B→A; cambio de empresa; respuesta tardía,"cola de contraste; evidencia previa debe reconciliarse, no significa nunca probado"
src/pages/MinsalProtocols.tsx,pagina,/minsal-protocols,inventoried_only,True,cca4e82b0e8581d885a1b178aa208c787bcc2b67369deb0c3faeb28775cd4734,entrada,menú/URL/QR/push; arranque frío; demo frente a rama normal,"cola de contraste; evidencia previa debe reconciliarse, no significa nunca probado"
src/pages/MinsalProtocols.tsx,pagina,/minsal-protocols,inventoried_only,True,cca4e82b0e8581d885a1b178aa208c787bcc2b67369deb0c3faeb28775cd4734,datos,vacío/inválido/antiguo; unidades y fechas; procedencia real,"cola de contraste; evidencia previa debe reconciliarse, no significa nunca probado"
src/pages/MinsalProtocols.tsx,pagina,/minsal-protocols,inventoried_only,True,cca4e82b0e8581d885a1b178aa208c787bcc2b67369deb0c3faeb28775cd4734,red,online/offline; timeout/403/500; recuperación sin estado residual,"cola de contraste; evidencia previa debe reconciliarse, no significa nunca probado"
src/pages/MinsalProtocols.tsx,pagina,/minsal-protocols,inventoried_only,True,cca4e82b0e8581d885a1b178aa208c787bcc2b67369deb0c3faeb28775cd4734,mutacion,doble clic/reintento/concurrencia; idempotencia y auditoría,"cola de contraste; evidencia previa debe reconciliarse, no significa nunca probado"
src/pages/MinsalProtocols.tsx,pagina,/minsal-protocols,inventoried_only,True,cca4e82b0e8581d885a1b178aa208c787bcc2b67369deb0c3faeb28775cd4734,persistencia,guardar→leer de vuelta→recargar; cola→servidor→consumidor,"cola de contraste; evidencia previa debe reconciliarse, no significa nunca probado"
src/pages/MinsalProtocols.tsx,pagina,/minsal-protocols,inventoried_only,True,cca4e82b0e8581d885a1b178aa208c787bcc2b67369deb0c3faeb28775cd4734,ciclo_vida,background/proceso muerto; actualización PWA; versión antigua,"cola de contraste; evidencia previa debe reconciliarse, no significa nunca probado"
src/pages/MinsalProtocols.tsx,pagina,/minsal-protocols,inventoried_only,True,cca4e82b0e8581d885a1b178aa208c787bcc2b67369deb0c3faeb28775cd4734,salida,exportación/PDF/firma/compartir; integridad; revocación,"cola de contraste; evidencia previa debe reconciliarse, no significa nunca probado"
src/pages/MinsalProtocols.tsx,pagina,/minsal-protocols,inventoried_only,True,cca4e82b0e8581d885a1b178aa208c787bcc2b67369deb0c3faeb28775cd4734,dispositivo,web/Android; permisos revocados; OEM; sensores no disponibles,"cola de contraste; evidencia previa debe reconciliarse, no significa nunca probado"
src/pages/MinsalProtocols.tsx,pagina,/minsal-protocols,inventoried_only,True,cca4e82b0e8581d885a1b178aa208c787bcc2b67369deb0c3faeb28775cd4734,presentacion,idioma/accesibilidad; loading/error; no convertir falta de datos en seguro,"cola de contraste; evidencia previa debe reconciliarse, no significa nunca probado"
src/pages/ModuleHub.tsx,pagina,/hub/:id,inventoried_only,True,a0869c0bad41f90f9b841f903f4ec98d7eb258f40d4168382fb38a7833493d2a,identidad,anónimo/autenticado; rol permitido/denegado; sesión expirada/revocada,"cola de contraste; evidencia previa debe reconciliarse, no significa nunca probado"
src/pages/ModuleHub.tsx,pagina,/hub/:id,inventoried_only,True,a0869c0bad41f90f9b841f903f4ec98d7eb258f40d4168382fb38a7833493d2a,ambito,sin proyecto; A→B→A; cambio de empresa; respuesta tardía,"cola de contraste; evidencia previa debe reconciliarse, no significa nunca probado"
src/pages/ModuleHub.tsx,pagina,/hub/:id,inventoried_only,True,a0869c0bad41f90f9b841f903f4ec98d7eb258f40d4168382fb38a7833493d2a,entrada,menú/URL/QR/push; arranque frío; demo frente a rama normal,"cola de contraste; evidencia previa debe reconciliarse, no significa nunca probado"
src/pages/ModuleHub.tsx,pagina,/hub/:id,inventoried_only,True,a0869c0bad41f90f9b841f903f4ec98d7eb258f40d4168382fb38a7833493d2a,datos,vacío/inválido/antiguo; unidades y fechas; procedencia real,"cola de contraste; evidencia previa debe reconciliarse, no significa nunca probado"
src/pages/ModuleHub.tsx,pagina,/hub/:id,inventoried_only,True,a0869c0bad41f90f9b841f903f4ec98d7eb258f40d4168382fb38a7833493d2a,red,online/offline; timeout/403/500; recuperación sin estado residual,"cola de contraste; evidencia previa debe reconciliarse, no significa nunca probado"
src/pages/ModuleHub.tsx,pagina,/hub/:id,inventoried_only,True,a0869c0bad41f90f9b841f903f4ec98d7eb258f40d4168382fb38a7833493d2a,mutacion,doble clic/reintento/concurrencia; idempotencia y auditoría,"cola de contraste; evidencia previa debe reconciliarse, no significa nunca probado"
src/pages/ModuleHub.tsx,pagina,/hub/:id,inventoried_only,True,a0869c0bad41f90f9b841f903f4ec98d7eb258f40d4168382fb38a7833493d2a,persistencia,guardar→leer de vuelta→recargar; cola→servidor→consumidor,"cola de contraste; evidencia previa debe reconciliarse, no significa nunca probado"
src/pages/ModuleHub.tsx,pagina,/hub/:id,inventoried_only,True,a0869c0bad41f90f9b841f903f4ec98d7eb258f40d4168382fb38a7833493d2a,ciclo_vida,background/proceso muerto; actualización PWA; versión antigua,"cola de contraste; evidencia previa debe reconciliarse, no significa nunca probado"
src/pages/ModuleHub.tsx,pagina,/hub/:id,inventoried_only,True,a0869c0bad41f90f9b841f903f4ec98d7eb258f40d4168382fb38a7833493d2a,salida,exportación/PDF/firma/compartir; integridad; revocación,"cola de contraste; evidencia previa debe reconciliarse, no significa nunca probado"
src/pages/ModuleHub.tsx,pagina,/hub/:id,inventoried_only,True,a0869c0bad41f90f9b841f903f4ec98d7eb258f40d4168382fb38a7833493d2a,dispositivo,web/Android; permisos revocados; OEM; sensores no disponibles,"cola de contraste; evidencia previa debe reconciliarse, no significa nunca probado"
src/pages/ModuleHub.tsx,pagina,/hub/:id,inventoried_only,True,a0869c0bad41f90f9b841f903f4ec98d7eb258f40d4168382fb38a7833493d2a,presentacion,idioma/accesibilidad; loading/error; no convertir falta de datos en seguro,"cola de contraste; evidencia previa debe reconciliarse, no significa nunca probado"
src/pages/MountainRefuges.tsx,pagina,/mountain-refuges,referenced_in_vault_depth_unverified,True,9915e07ba2992f160b68b4c30855a8483b6c07b2a5057c5a130f4c69cd9ec4bc,identidad,anónimo/autenticado; rol permitido/denegado; sesión expirada/revocada,"cola de contraste; evidencia previa debe reconciliarse, no significa nunca probado"
src/pages/MountainRefuges.tsx,pagina,/mountain-refuges,referenced_in_vault_depth_unverified,True,9915e07ba2992f160b68b4c30855a8483b6c07b2a5057c5a130f4c69cd9ec4bc,ambito,sin proyecto; A→B→A; cambio de empresa; respuesta tardía,"cola de contraste; evidencia previa debe reconciliarse, no significa nunca probado"
src/pages/MountainRefuges.tsx,pagina,/mountain-refuges,referenced_in_vault_depth_unverified,True,9915e07ba2992f160b68b4c30855a8483b6c07b2a5057c5a130f4c69cd9ec4bc,entrada,menú/URL/QR/push; arranque frío; demo frente a rama normal,"cola de contraste; evidencia previa debe reconciliarse, no significa nunca probado"
src/pages/MountainRefuges.tsx,pagina,/mountain-refuges,referenced_in_vault_depth_unverified,True,9915e07ba2992f160b68b4c30855a8483b6c07b2a5057c5a130f4c69cd9ec4bc,datos,vacío/inválido/antiguo; unidades y fechas; procedencia real,"cola de contraste; evidencia previa debe reconciliarse, no significa nunca probado"
src/pages/MountainRefuges.tsx,pagina,/mountain-refuges,referenced_in_vault_depth_unverified,True,9915e07ba2992f160b68b4c30855a8483b6c07b2a5057c5a130f4c69cd9ec4bc,red,online/offline; timeout/403/500; recuperación sin estado residual,"cola de contraste; evidencia previa debe reconciliarse, no significa nunca probado"
src/pages/MountainRefuges.tsx,pagina,/mountain-refuges,referenced_in_vault_depth_unverified,True,9915e07ba2992f160b68b4c30855a8483b6c07b2a5057c5a130f4c69cd9ec4bc,mutacion,doble clic/reintento/concurrencia; idempotencia y auditoría,"cola de contraste; evidencia previa debe reconciliarse, no significa nunca probado"
src/pages/MountainRefuges.tsx,pagina,/mountain-refuges,referenced_in_vault_depth_unverified,True,9915e07ba2992f160b68b4c30855a8483b6c07b2a5057c5a130f4c69cd9ec4bc,persistencia,guardar→leer de vuelta→recargar; cola→servidor→consumidor,"cola de contraste; evidencia previa debe reconciliarse, no significa nunca probado"
src/pages/MountainRefuges.tsx,pagina,/mountain-refuges,referenced_in_vault_depth_unverified,True,9915e07ba2992f160b68b4c30855a8483b6c07b2a5057c5a130f4c69cd9ec4bc,ciclo_vida,background/proceso muerto; actualización PWA; versión antigua,"cola de contraste; evidencia previa debe reconciliarse, no significa nunca probado"
src/pages/MountainRefuges.tsx,pagina,/mountain-refuges,referenced_in_vault_depth_unverified,True,9915e07ba2992f160b68b4c30855a8483b6c07b2a5057c5a130f4c69cd9ec4bc,salida,exportación/PDF/firma/compartir; integridad; revocación,"cola de contraste; evidencia previa debe reconciliarse, no significa nunca probado"
src/pages/MountainRefuges.tsx,pagina,/mountain-refuges,referenced_in_vault_depth_unverified,True,9915e07ba2992f160b68b4c30855a8483b6c07b2a5057c5a130f4c69cd9ec4bc,dispositivo,web/Android; permisos revocados; OEM; sensores no disponibles,"cola de contraste; evidencia previa debe reconciliarse, no significa nunca probado"
src/pages/MountainRefuges.tsx,pagina,/mountain-refuges,referenced_in_vault_depth_unverified,True,9915e07ba2992f160b68b4c30855a8483b6c07b2a5057c5a130f4c69cd9ec4bc,presentacion,idioma/accesibilidad; loading/error; no convertir falta de datos en seguro,"cola de contraste; evidencia previa debe reconciliarse, no significa nunca probado"
src/pages/MuralDinamico.tsx,pagina,/mural,referenced_in_vault_depth_unverified,True,e6f470427e0a90f0907a285ef9ed6a72b26afaa15e81bb30eb2330155f0a54d8,identidad,anónimo/autenticado; rol permitido/denegado; sesión expirada/revocada,"cola de contraste; evidencia previa debe reconciliarse, no significa nunca probado"
src/pages/MuralDinamico.tsx,pagina,/mural,referenced_in_vault_depth_unverified,True,e6f470427e0a90f0907a285ef9ed6a72b26afaa15e81bb30eb2330155f0a54d8,ambito,sin proyecto; A→B→A; cambio de empresa; respuesta tardía,"cola de contraste; evidencia previa debe reconciliarse, no significa nunca probado"
src/pages/MuralDinamico.tsx,pagina,/mural,referenced_in_vault_depth_unverified,True,e6f470427e0a90f0907a285ef9ed6a72b26afaa15e81bb30eb2330155f0a54d8,entrada,menú/URL/QR/push; arranque frío; demo frente a rama normal,"cola de contraste; evidencia previa debe reconciliarse, no significa nunca probado"
src/pages/MuralDinamico.tsx,pagina,/mural,referenced_in_vault_depth_unverified,True,e6f470427e0a90f0907a285ef9ed6a72b26afaa15e81bb30eb2330155f0a54d8,datos,vacío/inválido/antiguo; unidades y fechas; procedencia real,"cola de contraste; evidencia previa debe reconciliarse, no significa nunca probado"
src/pages/MuralDinamico.tsx,pagina,/mural,referenced_in_vault_depth_unverified,True,e6f470427e0a90f0907a285ef9ed6a72b26afaa15e81bb30eb2330155f0a54d8,red,online/offline; timeout/403/500; recuperación sin estado residual,"cola de contraste; evidencia previa debe reconciliarse, no significa nunca probado"
src/pages/MuralDinamico.tsx,pagina,/mural,referenced_in_vault_depth_unverified,True,e6f470427e0a90f0907a285ef9ed6a72b26afaa15e81bb30eb2330155f0a54d8,mutacion,doble clic/reintento/concurrencia; idempotencia y auditoría,"cola de contraste; evidencia previa debe reconciliarse, no significa nunca probado"
src/pages/MuralDinamico.tsx,pagina,/mural,referenced_in_vault_depth_unverified,True,e6f470427e0a90f0907a285ef9ed6a72b26afaa15e81bb30eb2330155f0a54d8,persistencia,guardar→leer de vuelta→recargar; cola→servidor→consumidor,"cola de contraste; evidencia previa debe reconciliarse, no significa nunca probado"
src/pages/MuralDinamico.tsx,pagina,/mural,referenced_in_vault_depth_unverified,True,e6f470427e0a90f0907a285ef9ed6a72b26afaa15e81bb30eb2330155f0a54d8,ciclo_vida,background/proceso muerto; actualización PWA; versión antigua,"cola de contraste; evidencia previa debe reconciliarse, no significa nunca probado"
src/pages/MuralDinamico.tsx,pagina,/mural,referenced_in_vault_depth_unverified,True,e6f470427e0a90f0907a285ef9ed6a72b26afaa15e81bb30eb2330155f0a54d8,salida,exportación/PDF/firma/compartir; integridad; revocación,"cola de contraste; evidencia previa debe reconciliarse, no significa nunca probado"
src/pages/MuralDinamico.tsx,pagina,/mural,referenced_in_vault_depth_unverified,True,e6f470427e0a90f0907a285ef9ed6a72b26afaa15e81bb30eb2330155f0a54d8,dispositivo,web/Android; permisos revocados; OEM; sensores no disponibles,"cola de contraste; evidencia previa debe reconciliarse, no significa nunca probado"
src/pages/MuralDinamico.tsx,pagina,/mural,referenced_in_vault_depth_unverified,True,e6f470427e0a90f0907a285ef9ed6a72b26afaa15e81bb30eb2330155f0a54d8,presentacion,idioma/accesibilidad; loading/error; no convertir falta de datos en seguro,"cola de contraste; evidencia previa debe reconciliarse, no significa nunca probado"
src/pages/MyData.tsx,pagina,/my-data,deep_read_current_snapshot_validated,True,f916c342bb20c24e75a089829714239fe357484a970a1dbbef4add0ef5cf0dee,identidad,anónimo/autenticado; rol permitido/denegado; sesión expirada/revocada,"cola de contraste; evidencia previa debe reconciliarse, no significa nunca probado"
src/pages/MyData.tsx,pagina,/my-data,deep_read_current_snapshot_validated,True,f916c342bb20c24e75a089829714239fe357484a970a1dbbef4add0ef5cf0dee,ambito,sin proyecto; A→B→A; cambio de empresa; respuesta tardía,"cola de contraste; evidencia previa debe reconciliarse, no significa nunca probado"
src/pages/MyData.tsx,pagina,/my-data,deep_read_current_snapshot_validated,True,f916c342bb20c24e75a089829714239fe357484a970a1dbbef4add0ef5cf0dee,entrada,menú/URL/QR/push; arranque frío; demo frente a rama normal,"cola de contraste; evidencia previa debe reconciliarse, no significa nunca probado"
src/pages/MyData.tsx,pagina,/my-data,deep_read_current_snapshot_validated,True,f916c342bb20c24e75a089829714239fe357484a970a1dbbef4add0ef5cf0dee,datos,vacío/inválido/antiguo; unidades y fechas; procedencia real,"cola de contraste; evidencia previa debe reconciliarse, no significa nunca probado"
src/pages/MyData.tsx,pagina,/my-data,deep_read_current_snapshot_validated,True,f916c342bb20c24e75a089829714239fe357484a970a1dbbef4add0ef5cf0dee,red,online/offline; timeout/403/500; recuperación sin estado residual,"cola de contraste; evidencia previa debe reconciliarse, no significa nunca probado"
src/pages/MyData.tsx,pagina,/my-data,deep_read_current_snapshot_validated,True,f916c342bb20c24e75a089829714239fe357484a970a1dbbef4add0ef5cf0dee,mutacion,doble clic/reintento/concurrencia; idempotencia y auditoría,"cola de contraste; evidencia previa debe reconciliarse, no significa nunca probado"
src/pages/MyData.tsx,pagina,/my-data,deep_read_current_snapshot_validated,True,f916c342bb20c24e75a089829714239fe357484a970a1dbbef4add0ef5cf0dee,persistencia,guardar→leer de vuelta→recargar; cola→servidor→consumidor,"cola de contraste; evidencia previa debe reconciliarse, no significa nunca probado"
src/pages/MyData.tsx,pagina,/my-data,deep_read_current_snapshot_validated,True,f916c342bb20c24e75a089829714239fe357484a970a1dbbef4add0ef5cf0dee,ciclo_vida,background/proceso muerto; actualización PWA; versión antigua,"cola de contraste; evidencia previa debe reconciliarse, no significa nunca probado"
src/pages/MyData.tsx,pagina,/my-data,deep_read_current_snapshot_validated,True,f916c342bb20c24e75a089829714239fe357484a970a1dbbef4add0ef5cf0dee,salida,exportación/PDF/firma/compartir; integridad; revocación,"cola de contraste; evidencia previa debe reconciliarse, no significa nunca probado"
src/pages/MyData.tsx,pagina,/my-data,deep_read_current_snapshot_validated,True,f916c342bb20c24e75a089829714239fe357484a970a1dbbef4add0ef5cf0dee,dispositivo,web/Android; permisos revocados; OEM; sensores no disponibles,"cola de contraste; evidencia previa debe reconciliarse, no significa nunca probado"
src/pages/MyData.tsx,pagina,/my-data,deep_read_current_snapshot_validated,True,f916c342bb20c24e75a089829714239fe357484a970a1dbbef4add0ef5cf0dee,presentacion,idioma/accesibilidad; loading/error; no convertir falta de datos en seguro,"cola de contraste; evidencia previa debe reconciliarse, no significa nunca probado"
src/pages/NationalParksEmergency.tsx,pagina,/national-parks,inventoried_only,True,c61ec10fcffa3e929f8e73170551a23be8257f42b166cbbf11723e0a9401a9e0,identidad,anónimo/autenticado; rol permitido/denegado; sesión expirada/revocada,"cola de contraste; evidencia previa debe reconciliarse, no significa nunca probado"
src/pages/NationalParksEmergency.tsx,pagina,/national-parks,inventoried_only,True,c61ec10fcffa3e929f8e73170551a23be8257f42b166cbbf11723e0a9401a9e0,ambito,sin proyecto; A→B→A; cambio de empresa; respuesta tardía,"cola de contraste; evidencia previa debe reconciliarse, no significa nunca probado"
src/pages/NationalParksEmergency.tsx,pagina,/national-parks,inventoried_only,True,c61ec10fcffa3e929f8e73170551a23be8257f42b166cbbf11723e0a9401a9e0,entrada,menú/URL/QR/push; arranque frío; demo frente a rama normal,"cola de contraste; evidencia previa debe reconciliarse, no significa nunca probado"
src/pages/NationalParksEmergency.tsx,pagina,/national-parks,inventoried_only,True,c61ec10fcffa3e929f8e73170551a23be8257f42b166cbbf11723e0a9401a9e0,datos,vacío/inválido/antiguo; unidades y fechas; procedencia real,"cola de contraste; evidencia previa debe reconciliarse, no significa nunca probado"
src/pages/NationalParksEmergency.tsx,pagina,/national-parks,inventoried_only,True,c61ec10fcffa3e929f8e73170551a23be8257f42b166cbbf11723e0a9401a9e0,red,online/offline; timeout/403/500; recuperación sin estado residual,"cola de contraste; evidencia previa debe reconciliarse, no significa nunca probado"
src/pages/NationalParksEmergency.tsx,pagina,/national-parks,inventoried_only,True,c61ec10fcffa3e929f8e73170551a23be8257f42b166cbbf11723e0a9401a9e0,mutacion,doble clic/reintento/concurrencia; idempotencia y auditoría,"cola de contraste; evidencia previa debe reconciliarse, no significa nunca probado"
src/pages/NationalParksEmergency.tsx,pagina,/national-parks,inventoried_only,True,c61ec10fcffa3e929f8e73170551a23be8257f42b166cbbf11723e0a9401a9e0,persistencia,guardar→leer de vuelta→recargar; cola→servidor→consumidor,"cola de contraste; evidencia previa debe reconciliarse, no significa nunca probado"
src/pages/NationalParksEmergency.tsx,pagina,/national-parks,inventoried_only,True,c61ec10fcffa3e929f8e73170551a23be8257f42b166cbbf11723e0a9401a9e0,ciclo_vida,background/proceso muerto; actualización PWA; versión antigua,"cola de contraste; evidencia previa debe reconciliarse, no significa nunca probado"
src/pages/NationalParksEmergency.tsx,pagina,/national-parks,inventoried_only,True,c61ec10fcffa3e929f8e73170551a23be8257f42b166cbbf11723e0a9401a9e0,salida,exportación/PDF/firma/compartir; integridad; revocación,"cola de contraste; evidencia previa debe reconciliarse, no significa nunca probado"
src/pages/NationalParksEmergency.tsx,pagina,/national-parks,inventoried_only,True,c61ec10fcffa3e929f8e73170551a23be8257f42b166cbbf11723e0a9401a9e0,dispositivo,web/Android; permisos revocados; OEM; sensores no disponibles,"cola de contraste; evidencia previa debe reconciliarse, no significa nunca probado"
src/pages/NationalParksEmergency.tsx,pagina,/national-parks,inventoried_only,True,c61ec10fcffa3e929f8e73170551a23be8257f42b166cbbf11723e0a9401a9e0,presentacion,idioma/accesibilidad; loading/error; no convertir falta de datos en seguro,"cola de contraste; evidencia previa debe reconciliarse, no significa nunca probado"
src/pages/NormativeDetail.tsx,pagina,/normatives/:id,inventoried_only,True,23479c07df7944d6d6b58e8970ac77e5d6040960cbf6a284607a2ffe8242bbcd,identidad,anónimo/autenticado; rol permitido/denegado; sesión expirada/revocada,"cola de contraste; evidencia previa debe reconciliarse, no significa nunca probado"
src/pages/NormativeDetail.tsx,pagina,/normatives/:id,inventoried_only,True,23479c07df7944d6d6b58e8970ac77e5d6040960cbf6a284607a2ffe8242bbcd,ambito,sin proyecto; A→B→A; cambio de empresa; respuesta tardía,"cola de contraste; evidencia previa debe reconciliarse, no significa nunca probado"
src/pages/NormativeDetail.tsx,pagina,/normatives/:id,inventoried_only,True,23479c07df7944d6d6b58e8970ac77e5d6040960cbf6a284607a2ffe8242bbcd,entrada,menú/URL/QR/push; arranque frío; demo frente a rama normal,"cola de contraste; evidencia previa debe reconciliarse, no significa nunca probado"
src/pages/NormativeDetail.tsx,pagina,/normatives/:id,inventoried_only,True,23479c07df7944d6d6b58e8970ac77e5d6040960cbf6a284607a2ffe8242bbcd,datos,vacío/inválido/antiguo; unidades y fechas; procedencia real,"cola de contraste; evidencia previa debe reconciliarse, no significa nunca probado"
src/pages/NormativeDetail.tsx,pagina,/normatives/:id,inventoried_only,True,23479c07df7944d6d6b58e8970ac77e5d6040960cbf6a284607a2ffe8242bbcd,red,online/offline; timeout/403/500; recuperación sin estado residual,"cola de contraste; evidencia previa debe reconciliarse, no significa nunca probado"
src/pages/NormativeDetail.tsx,pagina,/normatives/:id,inventoried_only,True,23479c07df7944d6d6b58e8970ac77e5d6040960cbf6a284607a2ffe8242bbcd,mutacion,doble clic/reintento/concurrencia; idempotencia y auditoría,"cola de contraste; evidencia previa debe reconciliarse, no significa nunca probado"
src/pages/NormativeDetail.tsx,pagina,/normatives/:id,inventoried_only,True,23479c07df7944d6d6b58e8970ac77e5d6040960cbf6a284607a2ffe8242bbcd,persistencia,guardar→leer de vuelta→recargar; cola→servidor→consumidor,"cola de contraste; evidencia previa debe reconciliarse, no significa nunca probado"
src/pages/NormativeDetail.tsx,pagina,/normatives/:id,inventoried_only,True,23479c07df7944d6d6b58e8970ac77e5d6040960cbf6a284607a2ffe8242bbcd,ciclo_vida,background/proceso muerto; actualización PWA; versión antigua,"cola de contraste; evidencia previa debe reconciliarse, no significa nunca probado"
src/pages/NormativeDetail.tsx,pagina,/normatives/:id,inventoried_only,True,23479c07df7944d6d6b58e8970ac77e5d6040960cbf6a284607a2ffe8242bbcd,salida,exportación/PDF/firma/compartir; integridad; revocación,"cola de contraste; evidencia previa debe reconciliarse, no significa nunca probado"
src/pages/NormativeDetail.tsx,pagina,/normatives/:id,inventoried_only,True,23479c07df7944d6d6b58e8970ac77e5d6040960cbf6a284607a2ffe8242bbcd,dispositivo,web/Android; permisos revocados; OEM; sensores no disponibles,"cola de contraste; evidencia previa debe reconciliarse, no significa nunca probado"
src/pages/NormativeDetail.tsx,pagina,/normatives/:id,inventoried_only,True,23479c07df7944d6d6b58e8970ac77e5d6040960cbf6a284607a2ffe8242bbcd,presentacion,idioma/accesibilidad; loading/error; no convertir falta de datos en seguro,"cola de contraste; evidencia previa debe reconciliarse, no significa nunca probado"
src/pages/Normatives.tsx,pagina,/normatives,inventoried_only,True,4530f6927c645d241eb59d8c9ecb3de1df44fda9121936b90d5ac48387fd27a1,identidad,anónimo/autenticado; rol permitido/denegado; sesión expirada/revocada,"cola de contraste; evidencia previa debe reconciliarse, no significa nunca probado"
src/pages/Normatives.tsx,pagina,/normatives,inventoried_only,True,4530f6927c645d241eb59d8c9ecb3de1df44fda9121936b90d5ac48387fd27a1,ambito,sin proyecto; A→B→A; cambio de empresa; respuesta tardía,"cola de contraste; evidencia previa debe reconciliarse, no significa nunca probado"
src/pages/Normatives.tsx,pagina,/normatives,inventoried_only,True,4530f6927c645d241eb59d8c9ecb3de1df44fda9121936b90d5ac48387fd27a1,entrada,menú/URL/QR/push; arranque frío; demo frente a rama normal,"cola de contraste; evidencia previa debe reconciliarse, no significa nunca probado"
src/pages/Normatives.tsx,pagina,/normatives,inventoried_only,True,4530f6927c645d241eb59d8c9ecb3de1df44fda9121936b90d5ac48387fd27a1,datos,vacío/inválido/antiguo; unidades y fechas; procedencia real,"cola de contraste; evidencia previa debe reconciliarse, no significa nunca probado"
src/pages/Normatives.tsx,pagina,/normatives,inventoried_only,True,4530f6927c645d241eb59d8c9ecb3de1df44fda9121936b90d5ac48387fd27a1,red,online/offline; timeout/403/500; recuperación sin estado residual,"cola de contraste; evidencia previa debe reconciliarse, no significa nunca probado"
src/pages/Normatives.tsx,pagina,/normatives,inventoried_only,True,4530f6927c645d241eb59d8c9ecb3de1df44fda9121936b90d5ac48387fd27a1,mutacion,doble clic/reintento/concurrencia; idempotencia y auditoría,"cola de contraste; evidencia previa debe reconciliarse, no significa nunca probado"
src/pages/Normatives.tsx,pagina,/normatives,inventoried_only,True,4530f6927c645d241eb59d8c9ecb3de1df44fda9121936b90d5ac48387fd27a1,persistencia,guardar→leer de vuelta→recargar; cola→servidor→consumidor,"cola de contraste; evidencia previa debe reconciliarse, no significa nunca probado"
src/pages/Normatives.tsx,pagina,/normatives,inventoried_only,True,4530f6927c645d241eb59d8c9ecb3de1df44fda9121936b90d5ac48387fd27a1,ciclo_vida,background/proceso muerto; actualización PWA; versión antigua,"cola de contraste; evidencia previa debe reconciliarse, no significa nunca probado"
src/pages/Normatives.tsx,pagina,/normatives,inventoried_only,True,4530f6927c645d241eb59d8c9ecb3de1df44fda9121936b90d5ac48387fd27a1,salida,exportación/PDF/firma/compartir; integridad; revocación,"cola de contraste; evidencia previa debe reconciliarse, no significa nunca probado"
src/pages/Normatives.tsx,pagina,/normatives,inventoried_only,True,4530f6927c645d241eb59d8c9ecb3de1df44fda9121936b90d5ac48387fd27a1,dispositivo,web/Android; permisos revocados; OEM; sensores no disponibles,"cola de contraste; evidencia previa debe reconciliarse, no significa nunca probado"
src/pages/Normatives.tsx,pagina,/normatives,inventoried_only,True,4530f6927c645d241eb59d8c9ecb3de1df44fda9121936b90d5ac48387fd27a1,presentacion,idioma/accesibilidad; loading/error; no convertir falta de datos en seguro,"cola de contraste; evidencia previa debe reconciliarse, no significa nunca probado"
src/pages/Notifications.tsx,pagina,/notifications,referenced_in_vault_depth_unverified,True,4047339d3a469b606ca5aa51a71dca63c6be784e73f81868ba805ff8fb2b3c87,identidad,anónimo/autenticado; rol permitido/denegado; sesión expirada/revocada,"cola de contraste; evidencia previa debe reconciliarse, no significa nunca probado"
src/pages/Notifications.tsx,pagina,/notifications,referenced_in_vault_depth_unverified,True,4047339d3a469b606ca5aa51a71dca63c6be784e73f81868ba805ff8fb2b3c87,ambito,sin proyecto; A→B→A; cambio de empresa; respuesta tardía,"cola de contraste; evidencia previa debe reconciliarse, no significa nunca probado"
src/pages/Notifications.tsx,pagina,/notifications,referenced_in_vault_depth_unverified,True,4047339d3a469b606ca5aa51a71dca63c6be784e73f81868ba805ff8fb2b3c87,entrada,menú/URL/QR/push; arranque frío; demo frente a rama normal,"cola de contraste; evidencia previa debe reconciliarse, no significa nunca probado"
src/pages/Notifications.tsx,pagina,/notifications,referenced_in_vault_depth_unverified,True,4047339d3a469b606ca5aa51a71dca63c6be784e73f81868ba805ff8fb2b3c87,datos,vacío/inválido/antiguo; unidades y fechas; procedencia real,"cola de contraste; evidencia previa debe reconciliarse, no significa nunca probado"
src/pages/Notifications.tsx,pagina,/notifications,referenced_in_vault_depth_unverified,True,4047339d3a469b606ca5aa51a71dca63c6be784e73f81868ba805ff8fb2b3c87,red,online/offline; timeout/403/500; recuperación sin estado residual,"cola de contraste; evidencia previa debe reconciliarse, no significa nunca probado"
src/pages/Notifications.tsx,pagina,/notifications,referenced_in_vault_depth_unverified,True,4047339d3a469b606ca5aa51a71dca63c6be784e73f81868ba805ff8fb2b3c87,mutacion,doble clic/reintento/concurrencia; idempotencia y auditoría,"cola de contraste; evidencia previa debe reconciliarse, no significa nunca probado"
src/pages/Notifications.tsx,pagina,/notifications,referenced_in_vault_depth_unverified,True,4047339d3a469b606ca5aa51a71dca63c6be784e73f81868ba805ff8fb2b3c87,persistencia,guardar→leer de vuelta→recargar; cola→servidor→consumidor,"cola de contraste; evidencia previa debe reconciliarse, no significa nunca probado"
src/pages/Notifications.tsx,pagina,/notifications,referenced_in_vault_depth_unverified,True,4047339d3a469b606ca5aa51a71dca63c6be784e73f81868ba805ff8fb2b3c87,ciclo_vida,background/proceso muerto; actualización PWA; versión antigua,"cola de contraste; evidencia previa debe reconciliarse, no significa nunca probado"
src/pages/Notifications.tsx,pagina,/notifications,referenced_in_vault_depth_unverified,True,4047339d3a469b606ca5aa51a71dca63c6be784e73f81868ba805ff8fb2b3c87,salida,exportación/PDF/firma/compartir; integridad; revocación,"cola de contraste; evidencia previa debe reconciliarse, no significa nunca probado"
src/pages/Notifications.tsx,pagina,/notifications,referenced_in_vault_depth_unverified,True,4047339d3a469b606ca5aa51a71dca63c6be784e73f81868ba805ff8fb2b3c87,dispositivo,web/Android; permisos revocados; OEM; sensores no disponibles,"cola de contraste; evidencia previa debe reconciliarse, no significa nunca probado"
src/pages/Notifications.tsx,pagina,/notifications,referenced_in_vault_depth_unverified,True,4047339d3a469b606ca5aa51a71dca63c6be784e73f81868ba805ff8fb2b3c87,presentacion,idioma/accesibilidad; loading/error; no convertir falta de datos en seguro,"cola de contraste; evidencia previa debe reconciliarse, no significa nunca probado"
src/pages/OcSugerida.tsx,pagina,/oc-sugerida,referenced_in_vault_depth_unverified,True,e1b3eeb79c6872f985e64ca614773ca246339f84353ecc9f6fe252c9929d9854,identidad,anónimo/autenticado; rol permitido/denegado; sesión expirada/revocada,"cola de contraste; evidencia previa debe reconciliarse, no significa nunca probado"
src/pages/OcSugerida.tsx,pagina,/oc-sugerida,referenced_in_vault_depth_unverified,True,e1b3eeb79c6872f985e64ca614773ca246339f84353ecc9f6fe252c9929d9854,ambito,sin proyecto; A→B→A; cambio de empresa; respuesta tardía,"cola de contraste; evidencia previa debe reconciliarse, no significa nunca probado"
src/pages/OcSugerida.tsx,pagina,/oc-sugerida,referenced_in_vault_depth_unverified,True,e1b3eeb79c6872f985e64ca614773ca246339f84353ecc9f6fe252c9929d9854,entrada,menú/URL/QR/push; arranque frío; demo frente a rama normal,"cola de contraste; evidencia previa debe reconciliarse, no significa nunca probado"
src/pages/OcSugerida.tsx,pagina,/oc-sugerida,referenced_in_vault_depth_unverified,True,e1b3eeb79c6872f985e64ca614773ca246339f84353ecc9f6fe252c9929d9854,datos,vacío/inválido/antiguo; unidades y fechas; procedencia real,"cola de contraste; evidencia previa debe reconciliarse, no significa nunca probado"
src/pages/OcSugerida.tsx,pagina,/oc-sugerida,referenced_in_vault_depth_unverified,True,e1b3eeb79c6872f985e64ca614773ca246339f84353ecc9f6fe252c9929d9854,red,online/offline; timeout/403/500; recuperación sin estado residual,"cola de contraste; evidencia previa debe reconciliarse, no significa nunca probado"
src/pages/OcSugerida.tsx,pagina,/oc-sugerida,referenced_in_vault_depth_unverified,True,e1b3eeb79c6872f985e64ca614773ca246339f84353ecc9f6fe252c9929d9854,mutacion,doble clic/reintento/concurrencia; idempotencia y auditoría,"cola de contraste; evidencia previa debe reconciliarse, no significa nunca probado"
src/pages/OcSugerida.tsx,pagina,/oc-sugerida,referenced_in_vault_depth_unverified,True,e1b3eeb79c6872f985e64ca614773ca246339f84353ecc9f6fe252c9929d9854,persistencia,guardar→leer de vuelta→recargar; cola→servidor→consumidor,"cola de contraste; evidencia previa debe reconciliarse, no significa nunca probado"
src/pages/OcSugerida.tsx,pagina,/oc-sugerida,referenced_in_vault_depth_unverified,True,e1b3eeb79c6872f985e64ca614773ca246339f84353ecc9f6fe252c9929d9854,ciclo_vida,background/proceso muerto; actualización PWA; versión antigua,"cola de contraste; evidencia previa debe reconciliarse, no significa nunca probado"
src/pages/OcSugerida.tsx,pagina,/oc-sugerida,referenced_in_vault_depth_unverified,True,e1b3eeb79c6872f985e64ca614773ca246339f84353ecc9f6fe252c9929d9854,salida,exportación/PDF/firma/compartir; integridad; revocación,"cola de contraste; evidencia previa debe reconciliarse, no significa nunca probado"
src/pages/OcSugerida.tsx,pagina,/oc-sugerida,referenced_in_vault_depth_unverified,True,e1b3eeb79c6872f985e64ca614773ca246339f84353ecc9f6fe252c9929d9854,dispositivo,web/Android; permisos revocados; OEM; sensores no disponibles,"cola de contraste; evidencia previa debe reconciliarse, no significa nunca probado"
src/pages/OcSugerida.tsx,pagina,/oc-sugerida,referenced_in_vault_depth_unverified,True,e1b3eeb79c6872f985e64ca614773ca246339f84353ecc9f6fe252c9929d9854,presentacion,idioma/accesibilidad; loading/error; no convertir falta de datos en seguro,"cola de contraste; evidencia previa debe reconciliarse, no significa nunca probado"
src/pages/OfflineInspection.tsx,pagina,/inspections,referenced_in_vault_depth_unverified,True,668d33b2b9ab6637501d0df2ebc732b8ef79de9f634b22a0cf828c9545d5ff98,identidad,anónimo/autenticado; rol permitido/denegado; sesión expirada/revocada,"cola de contraste; evidencia previa debe reconciliarse, no significa nunca probado"
src/pages/OfflineInspection.tsx,pagina,/inspections,referenced_in_vault_depth_unverified,True,668d33b2b9ab6637501d0df2ebc732b8ef79de9f634b22a0cf828c9545d5ff98,ambito,sin proyecto; A→B→A; cambio de empresa; respuesta tardía,"cola de contraste; evidencia previa debe reconciliarse, no significa nunca probado"
src/pages/OfflineInspection.tsx,pagina,/inspections,referenced_in_vault_depth_unverified,True,668d33b2b9ab6637501d0df2ebc732b8ef79de9f634b22a0cf828c9545d5ff98,entrada,menú/URL/QR/push; arranque frío; demo frente a rama normal,"cola de contraste; evidencia previa debe reconciliarse, no significa nunca probado"
src/pages/OfflineInspection.tsx,pagina,/inspections,referenced_in_vault_depth_unverified,True,668d33b2b9ab6637501d0df2ebc732b8ef79de9f634b22a0cf828c9545d5ff98,datos,vacío/inválido/antiguo; unidades y fechas; procedencia real,"cola de contraste; evidencia previa debe reconciliarse, no significa nunca probado"
src/pages/OfflineInspection.tsx,pagina,/inspections,referenced_in_vault_depth_unverified,True,668d33b2b9ab6637501d0df2ebc732b8ef79de9f634b22a0cf828c9545d5ff98,red,online/offline; timeout/403/500; recuperación sin estado residual,"cola de contraste; evidencia previa debe reconciliarse, no significa nunca probado"
src/pages/OfflineInspection.tsx,pagina,/inspections,referenced_in_vault_depth_unverified,True,668d33b2b9ab6637501d0df2ebc732b8ef79de9f634b22a0cf828c9545d5ff98,mutacion,doble clic/reintento/concurrencia; idempotencia y auditoría,"cola de contraste; evidencia previa debe reconciliarse, no significa nunca probado"
src/pages/OfflineInspection.tsx,pagina,/inspections,referenced_in_vault_depth_unverified,True,668d33b2b9ab6637501d0df2ebc732b8ef79de9f634b22a0cf828c9545d5ff98,persistencia,guardar→leer de vuelta→recargar; cola→servidor→consumidor,"cola de contraste; evidencia previa debe reconciliarse, no significa nunca probado"
src/pages/OfflineInspection.tsx,pagina,/inspections,referenced_in_vault_depth_unverified,True,668d33b2b9ab6637501d0df2ebc732b8ef79de9f634b22a0cf828c9545d5ff98,ciclo_vida,background/proceso muerto; actualización PWA; versión antigua,"cola de contraste; evidencia previa debe reconciliarse, no significa nunca probado"
src/pages/OfflineInspection.tsx,pagina,/inspections,referenced_in_vault_depth_unverified,True,668d33b2b9ab6637501d0df2ebc732b8ef79de9f634b22a0cf828c9545d5ff98,salida,exportación/PDF/firma/compartir; integridad; revocación,"cola de contraste; evidencia previa debe reconciliarse, no significa nunca probado"
src/pages/OfflineInspection.tsx,pagina,/inspections,referenced_in_vault_depth_unverified,True,668d33b2b9ab6637501d0df2ebc732b8ef79de9f634b22a0cf828c9545d5ff98,dispositivo,web/Android; permisos revocados; OEM; sensores no disponibles,"cola de contraste; evidencia previa debe reconciliarse, no significa nunca probado"
src/pages/OfflineInspection.tsx,pagina,/inspections,referenced_in_vault_depth_unverified,True,668d33b2b9ab6637501d0df2ebc732b8ef79de9f634b22a0cf828c9545d5ff98,presentacion,idioma/accesibilidad; loading/error; no convertir falta de datos en seguro,"cola de contraste; evidencia previa debe reconciliarse, no significa nunca probado"
src/pages/Onboarding.tsx,pagina,/onboarding,inventoried_only,True,aa3eb2aa5d11ed186c6218eb109f3bc1ad09c013a981605a4a66a10323ab0ed1,identidad,anónimo/autenticado; rol permitido/denegado; sesión expirada/revocada,"cola de contraste; evidencia previa debe reconciliarse, no significa nunca probado"
src/pages/Onboarding.tsx,pagina,/onboarding,inventoried_only,True,aa3eb2aa5d11ed186c6218eb109f3bc1ad09c013a981605a4a66a10323ab0ed1,ambito,sin proyecto; A→B→A; cambio de empresa; respuesta tardía,"cola de contraste; evidencia previa debe reconciliarse, no significa nunca probado"
src/pages/Onboarding.tsx,pagina,/onboarding,inventoried_only,True,aa3eb2aa5d11ed186c6218eb109f3bc1ad09c013a981605a4a66a10323ab0ed1,entrada,menú/URL/QR/push; arranque frío; demo frente a rama normal,"cola de contraste; evidencia previa debe reconciliarse, no significa nunca probado"
src/pages/Onboarding.tsx,pagina,/onboarding,inventoried_only,True,aa3eb2aa5d11ed186c6218eb109f3bc1ad09c013a981605a4a66a10323ab0ed1,datos,vacío/inválido/antiguo; unidades y fechas; procedencia real,"cola de contraste; evidencia previa debe reconciliarse, no significa nunca probado"
src/pages/Onboarding.tsx,pagina,/onboarding,inventoried_only,True,aa3eb2aa5d11ed186c6218eb109f3bc1ad09c013a981605a4a66a10323ab0ed1,red,online/offline; timeout/403/500; recuperación sin estado residual,"cola de contraste; evidencia previa debe reconciliarse, no significa nunca probado"
src/pages/Onboarding.tsx,pagina,/onboarding,inventoried_only,True,aa3eb2aa5d11ed186c6218eb109f3bc1ad09c013a981605a4a66a10323ab0ed1,mutacion,doble clic/reintento/concurrencia; idempotencia y auditoría,"cola de contraste; evidencia previa debe reconciliarse, no significa nunca probado"
src/pages/Onboarding.tsx,pagina,/onboarding,inventoried_only,True,aa3eb2aa5d11ed186c6218eb109f3bc1ad09c013a981605a4a66a10323ab0ed1,persistencia,guardar→leer de vuelta→recargar; cola→servidor→consumidor,"cola de contraste; evidencia previa debe reconciliarse, no significa nunca probado"
src/pages/Onboarding.tsx,pagina,/onboarding,inventoried_only,True,aa3eb2aa5d11ed186c6218eb109f3bc1ad09c013a981605a4a66a10323ab0ed1,ciclo_vida,background/proceso muerto; actualización PWA; versión antigua,"cola de contraste; evidencia previa debe reconciliarse, no significa nunca probado"
src/pages/Onboarding.tsx,pagina,/onboarding,inventoried_only,True,aa3eb2aa5d11ed186c6218eb109f3bc1ad09c013a981605a4a66a10323ab0ed1,salida,exportación/PDF/firma/compartir; integridad; revocación,"cola de contraste; evidencia previa debe reconciliarse, no significa nunca probado"
src/pages/Onboarding.tsx,pagina,/onboarding,inventoried_only,True,aa3eb2aa5d11ed186c6218eb109f3bc1ad09c013a981605a4a66a10323ab0ed1,dispositivo,web/Android; permisos revocados; OEM; sensores no disponibles,"cola de contraste; evidencia previa debe reconciliarse, no significa nunca probado"
src/pages/Onboarding.tsx,pagina,/onboarding,inventoried_only,True,aa3eb2aa5d11ed186c6218eb109f3bc1ad09c013a981605a4a66a10323ab0ed1,presentacion,idioma/accesibilidad; loading/error; no convertir falta de datos en seguro,"cola de contraste; evidencia previa debe reconciliarse, no significa nunca probado"
src/pages/OperationalChanges.tsx,pagina,/operational-changes,referenced_in_vault_depth_unverified,True,e7c3260069f557d275c51c8e71b9a74c5c5a7a9eeca5c4b1b0a9483bf38729a2,identidad,anónimo/autenticado; rol permitido/denegado; sesión expirada/revocada,"cola de contraste; evidencia previa debe reconciliarse, no significa nunca probado"
src/pages/OperationalChanges.tsx,pagina,/operational-changes,referenced_in_vault_depth_unverified,True,e7c3260069f557d275c51c8e71b9a74c5c5a7a9eeca5c4b1b0a9483bf38729a2,ambito,sin proyecto; A→B→A; cambio de empresa; respuesta tardía,"cola de contraste; evidencia previa debe reconciliarse, no significa nunca probado"
src/pages/OperationalChanges.tsx,pagina,/operational-changes,referenced_in_vault_depth_unverified,True,e7c3260069f557d275c51c8e71b9a74c5c5a7a9eeca5c4b1b0a9483bf38729a2,entrada,menú/URL/QR/push; arranque frío; demo frente a rama normal,"cola de contraste; evidencia previa debe reconciliarse, no significa nunca probado"
src/pages/OperationalChanges.tsx,pagina,/operational-changes,referenced_in_vault_depth_unverified,True,e7c3260069f557d275c51c8e71b9a74c5c5a7a9eeca5c4b1b0a9483bf38729a2,datos,vacío/inválido/antiguo; unidades y fechas; procedencia real,"cola de contraste; evidencia previa debe reconciliarse, no significa nunca probado"
src/pages/OperationalChanges.tsx,pagina,/operational-changes,referenced_in_vault_depth_unverified,True,e7c3260069f557d275c51c8e71b9a74c5c5a7a9eeca5c4b1b0a9483bf38729a2,red,online/offline; timeout/403/500; recuperación sin estado residual,"cola de contraste; evidencia previa debe reconciliarse, no significa nunca probado"
src/pages/OperationalChanges.tsx,pagina,/operational-changes,referenced_in_vault_depth_unverified,True,e7c3260069f557d275c51c8e71b9a74c5c5a7a9eeca5c4b1b0a9483bf38729a2,mutacion,doble clic/reintento/concurrencia; idempotencia y auditoría,"cola de contraste; evidencia previa debe reconciliarse, no significa nunca probado"
src/pages/OperationalChanges.tsx,pagina,/operational-changes,referenced_in_vault_depth_unverified,True,e7c3260069f557d275c51c8e71b9a74c5c5a7a9eeca5c4b1b0a9483bf38729a2,persistencia,guardar→leer de vuelta→recargar; cola→servidor→consumidor,"cola de contraste; evidencia previa debe reconciliarse, no significa nunca probado"
src/pages/OperationalChanges.tsx,pagina,/operational-changes,referenced_in_vault_depth_unverified,True,e7c3260069f557d275c51c8e71b9a74c5c5a7a9eeca5c4b1b0a9483bf38729a2,ciclo_vida,background/proceso muerto; actualización PWA; versión antigua,"cola de contraste; evidencia previa debe reconciliarse, no significa nunca probado"
src/pages/OperationalChanges.tsx,pagina,/operational-changes,referenced_in_vault_depth_unverified,True,e7c3260069f557d275c51c8e71b9a74c5c5a7a9eeca5c4b1b0a9483bf38729a2,salida,exportación/PDF/firma/compartir; integridad; revocación,"cola de contraste; evidencia previa debe reconciliarse, no significa nunca probado"
src/pages/OperationalChanges.tsx,pagina,/operational-changes,referenced_in_vault_depth_unverified,True,e7c3260069f557d275c51c8e71b9a74c5c5a7a9eeca5c4b1b0a9483bf38729a2,dispositivo,web/Android; permisos revocados; OEM; sensores no disponibles,"cola de contraste; evidencia previa debe reconciliarse, no significa nunca probado"
src/pages/OperationalChanges.tsx,pagina,/operational-changes,referenced_in_vault_depth_unverified,True,e7c3260069f557d275c51c8e71b9a74c5c5a7a9eeca5c4b1b0a9483bf38729a2,presentacion,idioma/accesibilidad; loading/error; no convertir falta de datos en seguro,"cola de contraste; evidencia previa debe reconciliarse, no significa nunca probado"
src/pages/PTSGenerator.tsx,pagina,/pts,referenced_in_vault_depth_unverified,True,b7431ec85439a251e5d35afbe11c487c4ccb52d62f15751dc0f3f844410b08dd,identidad,anónimo/autenticado; rol permitido/denegado; sesión expirada/revocada,"cola de contraste; evidencia previa debe reconciliarse, no significa nunca probado"
src/pages/PTSGenerator.tsx,pagina,/pts,referenced_in_vault_depth_unverified,True,b7431ec85439a251e5d35afbe11c487c4ccb52d62f15751dc0f3f844410b08dd,ambito,sin proyecto; A→B→A; cambio de empresa; respuesta tardía,"cola de contraste; evidencia previa debe reconciliarse, no significa nunca probado"
src/pages/PTSGenerator.tsx,pagina,/pts,referenced_in_vault_depth_unverified,True,b7431ec85439a251e5d35afbe11c487c4ccb52d62f15751dc0f3f844410b08dd,entrada,menú/URL/QR/push; arranque frío; demo frente a rama normal,"cola de contraste; evidencia previa debe reconciliarse, no significa nunca probado"
src/pages/PTSGenerator.tsx,pagina,/pts,referenced_in_vault_depth_unverified,True,b7431ec85439a251e5d35afbe11c487c4ccb52d62f15751dc0f3f844410b08dd,datos,vacío/inválido/antiguo; unidades y fechas; procedencia real,"cola de contraste; evidencia previa debe reconciliarse, no significa nunca probado"
src/pages/PTSGenerator.tsx,pagina,/pts,referenced_in_vault_depth_unverified,True,b7431ec85439a251e5d35afbe11c487c4ccb52d62f15751dc0f3f844410b08dd,red,online/offline; timeout/403/500; recuperación sin estado residual,"cola de contraste; evidencia previa debe reconciliarse, no significa nunca probado"
src/pages/PTSGenerator.tsx,pagina,/pts,referenced_in_vault_depth_unverified,True,b7431ec85439a251e5d35afbe11c487c4ccb52d62f15751dc0f3f844410b08dd,mutacion,doble clic/reintento/concurrencia; idempotencia y auditoría,"cola de contraste; evidencia previa debe reconciliarse, no significa nunca probado"
src/pages/PTSGenerator.tsx,pagina,/pts,referenced_in_vault_depth_unverified,True,b7431ec85439a251e5d35afbe11c487c4ccb52d62f15751dc0f3f844410b08dd,persistencia,guardar→leer de vuelta→recargar; cola→servidor→consumidor,"cola de contraste; evidencia previa debe reconciliarse, no significa nunca probado"
src/pages/PTSGenerator.tsx,pagina,/pts,referenced_in_vault_depth_unverified,True,b7431ec85439a251e5d35afbe11c487c4ccb52d62f15751dc0f3f844410b08dd,ciclo_vida,background/proceso muerto; actualización PWA; versión antigua,"cola de contraste; evidencia previa debe reconciliarse, no significa nunca probado"
src/pages/PTSGenerator.tsx,pagina,/pts,referenced_in_vault_depth_unverified,True,b7431ec85439a251e5d35afbe11c487c4ccb52d62f15751dc0f3f844410b08dd,salida,exportación/PDF/firma/compartir; integridad; revocación,"cola de contraste; evidencia previa debe reconciliarse, no significa nunca probado"
src/pages/PTSGenerator.tsx,pagina,/pts,referenced_in_vault_depth_unverified,True,b7431ec85439a251e5d35afbe11c487c4ccb52d62f15751dc0f3f844410b08dd,dispositivo,web/Android; permisos revocados; OEM; sensores no disponibles,"cola de contraste; evidencia previa debe reconciliarse, no significa nunca probado"
src/pages/PTSGenerator.tsx,pagina,/pts,referenced_in_vault_depth_unverified,True,b7431ec85439a251e5d35afbe11c487c4ccb52d62f15751dc0f3f844410b08dd,presentacion,idioma/accesibilidad; loading/error; no convertir falta de datos en seguro,"cola de contraste; evidencia previa debe reconciliarse, no significa nunca probado"
src/pages/PdcaModule.tsx,pagina,/pdca,referenced_in_vault_depth_unverified,True,0c3acf2aac2a531b71d053e0bc1ce5ee61e5ef88a8bef08d461fa08b5cff9e36,identidad,anónimo/autenticado; rol permitido/denegado; sesión expirada/revocada,"cola de contraste; evidencia previa debe reconciliarse, no significa nunca probado"
src/pages/PdcaModule.tsx,pagina,/pdca,referenced_in_vault_depth_unverified,True,0c3acf2aac2a531b71d053e0bc1ce5ee61e5ef88a8bef08d461fa08b5cff9e36,ambito,sin proyecto; A→B→A; cambio de empresa; respuesta tardía,"cola de contraste; evidencia previa debe reconciliarse, no significa nunca probado"
src/pages/PdcaModule.tsx,pagina,/pdca,referenced_in_vault_depth_unverified,True,0c3acf2aac2a531b71d053e0bc1ce5ee61e5ef88a8bef08d461fa08b5cff9e36,entrada,menú/URL/QR/push; arranque frío; demo frente a rama normal,"cola de contraste; evidencia previa debe reconciliarse, no significa nunca probado"
src/pages/PdcaModule.tsx,pagina,/pdca,referenced_in_vault_depth_unverified,True,0c3acf2aac2a531b71d053e0bc1ce5ee61e5ef88a8bef08d461fa08b5cff9e36,datos,vacío/inválido/antiguo; unidades y fechas; procedencia real,"cola de contraste; evidencia previa debe reconciliarse, no significa nunca probado"
src/pages/PdcaModule.tsx,pagina,/pdca,referenced_in_vault_depth_unverified,True,0c3acf2aac2a531b71d053e0bc1ce5ee61e5ef88a8bef08d461fa08b5cff9e36,red,online/offline; timeout/403/500; recuperación sin estado residual,"cola de contraste; evidencia previa debe reconciliarse, no significa nunca probado"
src/pages/PdcaModule.tsx,pagina,/pdca,referenced_in_vault_depth_unverified,True,0c3acf2aac2a531b71d053e0bc1ce5ee61e5ef88a8bef08d461fa08b5cff9e36,mutacion,doble clic/reintento/concurrencia; idempotencia y auditoría,"cola de contraste; evidencia previa debe reconciliarse, no significa nunca probado"
src/pages/PdcaModule.tsx,pagina,/pdca,referenced_in_vault_depth_unverified,True,0c3acf2aac2a531b71d053e0bc1ce5ee61e5ef88a8bef08d461fa08b5cff9e36,persistencia,guardar→leer de vuelta→recargar; cola→servidor→consumidor,"cola de contraste; evidencia previa debe reconciliarse, no significa nunca probado"
src/pages/PdcaModule.tsx,pagina,/pdca,referenced_in_vault_depth_unverified,True,0c3acf2aac2a531b71d053e0bc1ce5ee61e5ef88a8bef08d461fa08b5cff9e36,ciclo_vida,background/proceso muerto; actualización PWA; versión antigua,"cola de contraste; evidencia previa debe reconciliarse, no significa nunca probado"
src/pages/PdcaModule.tsx,pagina,/pdca,referenced_in_vault_depth_unverified,True,0c3acf2aac2a531b71d053e0bc1ce5ee61e5ef88a8bef08d461fa08b5cff9e36,salida,exportación/PDF/firma/compartir; integridad; revocación,"cola de contraste; evidencia previa debe reconciliarse, no significa nunca probado"
src/pages/PdcaModule.tsx,pagina,/pdca,referenced_in_vault_depth_unverified,True,0c3acf2aac2a531b71d053e0bc1ce5ee61e5ef88a8bef08d461fa08b5cff9e36,dispositivo,web/Android; permisos revocados; OEM; sensores no disponibles,"cola de contraste; evidencia previa debe reconciliarse, no significa nunca probado"
src/pages/PdcaModule.tsx,pagina,/pdca,referenced_in_vault_depth_unverified,True,0c3acf2aac2a531b71d053e0bc1ce5ee61e5ef88a8bef08d461fa08b5cff9e36,presentacion,idioma/accesibilidad; loading/error; no convertir falta de datos en seguro,"cola de contraste; evidencia previa debe reconciliarse, no significa nunca probado"
src/pages/Pizarra.tsx,pagina,/pizarra,referenced_in_vault_depth_unverified,True,3195de04870fdef39136c74633f7903d64649144d2ebdfc6281b119a03fb6c4c,identidad,anónimo/autenticado; rol permitido/denegado; sesión expirada/revocada,"cola de contraste; evidencia previa debe reconciliarse, no significa nunca probado"
src/pages/Pizarra.tsx,pagina,/pizarra,referenced_in_vault_depth_unverified,True,3195de04870fdef39136c74633f7903d64649144d2ebdfc6281b119a03fb6c4c,ambito,sin proyecto; A→B→A; cambio de empresa; respuesta tardía,"cola de contraste; evidencia previa debe reconciliarse, no significa nunca probado"
src/pages/Pizarra.tsx,pagina,/pizarra,referenced_in_vault_depth_unverified,True,3195de04870fdef39136c74633f7903d64649144d2ebdfc6281b119a03fb6c4c,entrada,menú/URL/QR/push; arranque frío; demo frente a rama normal,"cola de contraste; evidencia previa debe reconciliarse, no significa nunca probado"
src/pages/Pizarra.tsx,pagina,/pizarra,referenced_in_vault_depth_unverified,True,3195de04870fdef39136c74633f7903d64649144d2ebdfc6281b119a03fb6c4c,datos,vacío/inválido/antiguo; unidades y fechas; procedencia real,"cola de contraste; evidencia previa debe reconciliarse, no significa nunca probado"
src/pages/Pizarra.tsx,pagina,/pizarra,referenced_in_vault_depth_unverified,True,3195de04870fdef39136c74633f7903d64649144d2ebdfc6281b119a03fb6c4c,red,online/offline; timeout/403/500; recuperación sin estado residual,"cola de contraste; evidencia previa debe reconciliarse, no significa nunca probado"
src/pages/Pizarra.tsx,pagina,/pizarra,referenced_in_vault_depth_unverified,True,3195de04870fdef39136c74633f7903d64649144d2ebdfc6281b119a03fb6c4c,mutacion,doble clic/reintento/concurrencia; idempotencia y auditoría,"cola de contraste; evidencia previa debe reconciliarse, no significa nunca probado"
src/pages/Pizarra.tsx,pagina,/pizarra,referenced_in_vault_depth_unverified,True,3195de04870fdef39136c74633f7903d64649144d2ebdfc6281b119a03fb6c4c,persistencia,guardar→leer de vuelta→recargar; cola→servidor→consumidor,"cola de contraste; evidencia previa debe reconciliarse, no significa nunca probado"
src/pages/Pizarra.tsx,pagina,/pizarra,referenced_in_vault_depth_unverified,True,3195de04870fdef39136c74633f7903d64649144d2ebdfc6281b119a03fb6c4c,ciclo_vida,background/proceso muerto; actualización PWA; versión antigua,"cola de contraste; evidencia previa debe reconciliarse, no significa nunca probado"
src/pages/Pizarra.tsx,pagina,/pizarra,referenced_in_vault_depth_unverified,True,3195de04870fdef39136c74633f7903d64649144d2ebdfc6281b119a03fb6c4c,salida,exportación/PDF/firma/compartir; integridad; revocación,"cola de contraste; evidencia previa debe reconciliarse, no significa nunca probado"
src/pages/Pizarra.tsx,pagina,/pizarra,referenced_in_vault_depth_unverified,True,3195de04870fdef39136c74633f7903d64649144d2ebdfc6281b119a03fb6c4c,dispositivo,web/Android; permisos revocados; OEM; sensores no disponibles,"cola de contraste; evidencia previa debe reconciliarse, no significa nunca probado"
src/pages/Pizarra.tsx,pagina,/pizarra,referenced_in_vault_depth_unverified,True,3195de04870fdef39136c74633f7903d64649144d2ebdfc6281b119a03fb6c4c,presentacion,idioma/accesibilidad; loading/error; no convertir falta de datos en seguro,"cola de contraste; evidencia previa debe reconciliarse, no significa nunca probado"
src/pages/PlanesiEvaluation.tsx,pagina,/planesi,referenced_in_vault_depth_unverified,True,a4ce7b152a1be0e41ba1d85bbf200a08a233771cca85e1803a4f5fce61112426,identidad,anónimo/autenticado; rol permitido/denegado; sesión expirada/revocada,"cola de contraste; evidencia previa debe reconciliarse, no significa nunca probado"
src/pages/PlanesiEvaluation.tsx,pagina,/planesi,referenced_in_vault_depth_unverified,True,a4ce7b152a1be0e41ba1d85bbf200a08a233771cca85e1803a4f5fce61112426,ambito,sin proyecto; A→B→A; cambio de empresa; respuesta tardía,"cola de contraste; evidencia previa debe reconciliarse, no significa nunca probado"
src/pages/PlanesiEvaluation.tsx,pagina,/planesi,referenced_in_vault_depth_unverified,True,a4ce7b152a1be0e41ba1d85bbf200a08a233771cca85e1803a4f5fce61112426,entrada,menú/URL/QR/push; arranque frío; demo frente a rama normal,"cola de contraste; evidencia previa debe reconciliarse, no significa nunca probado"
src/pages/PlanesiEvaluation.tsx,pagina,/planesi,referenced_in_vault_depth_unverified,True,a4ce7b152a1be0e41ba1d85bbf200a08a233771cca85e1803a4f5fce61112426,datos,vacío/inválido/antiguo; unidades y fechas; procedencia real,"cola de contraste; evidencia previa debe reconciliarse, no significa nunca probado"
src/pages/PlanesiEvaluation.tsx,pagina,/planesi,referenced_in_vault_depth_unverified,True,a4ce7b152a1be0e41ba1d85bbf200a08a233771cca85e1803a4f5fce61112426,red,online/offline; timeout/403/500; recuperación sin estado residual,"cola de contraste; evidencia previa debe reconciliarse, no significa nunca probado"
src/pages/PlanesiEvaluation.tsx,pagina,/planesi,referenced_in_vault_depth_unverified,True,a4ce7b152a1be0e41ba1d85bbf200a08a233771cca85e1803a4f5fce61112426,mutacion,doble clic/reintento/concurrencia; idempotencia y auditoría,"cola de contraste; evidencia previa debe reconciliarse, no significa nunca probado"
src/pages/PlanesiEvaluation.tsx,pagina,/planesi,referenced_in_vault_depth_unverified,True,a4ce7b152a1be0e41ba1d85bbf200a08a233771cca85e1803a4f5fce61112426,persistencia,guardar→leer de vuelta→recargar; cola→servidor→consumidor,"cola de contraste; evidencia previa debe reconciliarse, no significa nunca probado"
src/pages/PlanesiEvaluation.tsx,pagina,/planesi,referenced_in_vault_depth_unverified,True,a4ce7b152a1be0e41ba1d85bbf200a08a233771cca85e1803a4f5fce61112426,ciclo_vida,background/proceso muerto; actualización PWA; versión antigua,"cola de contraste; evidencia previa debe reconciliarse, no significa nunca probado"
src/pages/PlanesiEvaluation.tsx,pagina,/planesi,referenced_in_vault_depth_unverified,True,a4ce7b152a1be0e41ba1d85bbf200a08a233771cca85e1803a4f5fce61112426,salida,exportación/PDF/firma/compartir; integridad; revocación,"cola de contraste; evidencia previa debe reconciliarse, no significa nunca probado"
src/pages/PlanesiEvaluation.tsx,pagina,/planesi,referenced_in_vault_depth_unverified,True,a4ce7b152a1be0e41ba1d85bbf200a08a233771cca85e1803a4f5fce61112426,dispositivo,web/Android; permisos revocados; OEM; sensores no disponibles,"cola de contraste; evidencia previa debe reconciliarse, no significa nunca probado"
src/pages/PlanesiEvaluation.tsx,pagina,/planesi,referenced_in_vault_depth_unverified,True,a4ce7b152a1be0e41ba1d85bbf200a08a233771cca85e1803a4f5fce61112426,presentacion,idioma/accesibilidad; loading/error; no convertir falta de datos en seguro,"cola de contraste; evidencia previa debe reconciliarse, no significa nunca probado"
src/pages/PoolGame.tsx,pagina,/poolgame,referenced_in_vault_depth_unverified,True,d8b0c1e1be354744ba93e7275ea2002b6fb8e01d41247a8bfe734c204e10be37,identidad,anónimo/autenticado; rol permitido/denegado; sesión expirada/revocada,"cola de contraste; evidencia previa debe reconciliarse, no significa nunca probado"
src/pages/PoolGame.tsx,pagina,/poolgame,referenced_in_vault_depth_unverified,True,d8b0c1e1be354744ba93e7275ea2002b6fb8e01d41247a8bfe734c204e10be37,ambito,sin proyecto; A→B→A; cambio de empresa; respuesta tardía,"cola de contraste; evidencia previa debe reconciliarse, no significa nunca probado"
src/pages/PoolGame.tsx,pagina,/poolgame,referenced_in_vault_depth_unverified,True,d8b0c1e1be354744ba93e7275ea2002b6fb8e01d41247a8bfe734c204e10be37,entrada,menú/URL/QR/push; arranque frío; demo frente a rama normal,"cola de contraste; evidencia previa debe reconciliarse, no significa nunca probado"
src/pages/PoolGame.tsx,pagina,/poolgame,referenced_in_vault_depth_unverified,True,d8b0c1e1be354744ba93e7275ea2002b6fb8e01d41247a8bfe734c204e10be37,datos,vacío/inválido/antiguo; unidades y fechas; procedencia real,"cola de contraste; evidencia previa debe reconciliarse, no significa nunca probado"
src/pages/PoolGame.tsx,pagina,/poolgame,referenced_in_vault_depth_unverified,True,d8b0c1e1be354744ba93e7275ea2002b6fb8e01d41247a8bfe734c204e10be37,red,online/offline; timeout/403/500; recuperación sin estado residual,"cola de contraste; evidencia previa debe reconciliarse, no significa nunca probado"
src/pages/PoolGame.tsx,pagina,/poolgame,referenced_in_vault_depth_unverified,True,d8b0c1e1be354744ba93e7275ea2002b6fb8e01d41247a8bfe734c204e10be37,mutacion,doble clic/reintento/concurrencia; idempotencia y auditoría,"cola de contraste; evidencia previa debe reconciliarse, no significa nunca probado"
src/pages/PoolGame.tsx,pagina,/poolgame,referenced_in_vault_depth_unverified,True,d8b0c1e1be354744ba93e7275ea2002b6fb8e01d41247a8bfe734c204e10be37,persistencia,guardar→leer de vuelta→recargar; cola→servidor→consumidor,"cola de contraste; evidencia previa debe reconciliarse, no significa nunca probado"
src/pages/PoolGame.tsx,pagina,/poolgame,referenced_in_vault_depth_unverified,True,d8b0c1e1be354744ba93e7275ea2002b6fb8e01d41247a8bfe734c204e10be37,ciclo_vida,background/proceso muerto; actualización PWA; versión antigua,"cola de contraste; evidencia previa debe reconciliarse, no significa nunca probado"
src/pages/PoolGame.tsx,pagina,/poolgame,referenced_in_vault_depth_unverified,True,d8b0c1e1be354744ba93e7275ea2002b6fb8e01d41247a8bfe734c204e10be37,salida,exportación/PDF/firma/compartir; integridad; revocación,"cola de contraste; evidencia previa debe reconciliarse, no significa nunca probado"
src/pages/PoolGame.tsx,pagina,/poolgame,referenced_in_vault_depth_unverified,True,d8b0c1e1be354744ba93e7275ea2002b6fb8e01d41247a8bfe734c204e10be37,dispositivo,web/Android; permisos revocados; OEM; sensores no disponibles,"cola de contraste; evidencia previa debe reconciliarse, no significa nunca probado"
src/pages/PoolGame.tsx,pagina,/poolgame,referenced_in_vault_depth_unverified,True,d8b0c1e1be354744ba93e7275ea2002b6fb8e01d41247a8bfe734c204e10be37,presentacion,idioma/accesibilidad; loading/error; no convertir falta de datos en seguro,"cola de contraste; evidencia previa debe reconciliarse, no significa nunca probado"
src/pages/PortableCurriculum.tsx,pagina,/curriculum,referenced_in_vault_depth_unverified,True,f62c27325912eb0b9e53714ac46a329adab03e7c0985ae2d69a8c90696e147ca,identidad,anónimo/autenticado; rol permitido/denegado; sesión expirada/revocada,"cola de contraste; evidencia previa debe reconciliarse, no significa nunca probado"
src/pages/PortableCurriculum.tsx,pagina,/curriculum,referenced_in_vault_depth_unverified,True,f62c27325912eb0b9e53714ac46a329adab03e7c0985ae2d69a8c90696e147ca,ambito,sin proyecto; A→B→A; cambio de empresa; respuesta tardía,"cola de contraste; evidencia previa debe reconciliarse, no significa nunca probado"
src/pages/PortableCurriculum.tsx,pagina,/curriculum,referenced_in_vault_depth_unverified,True,f62c27325912eb0b9e53714ac46a329adab03e7c0985ae2d69a8c90696e147ca,entrada,menú/URL/QR/push; arranque frío; demo frente a rama normal,"cola de contraste; evidencia previa debe reconciliarse, no significa nunca probado"
src/pages/PortableCurriculum.tsx,pagina,/curriculum,referenced_in_vault_depth_unverified,True,f62c27325912eb0b9e53714ac46a329adab03e7c0985ae2d69a8c90696e147ca,datos,vacío/inválido/antiguo; unidades y fechas; procedencia real,"cola de contraste; evidencia previa debe reconciliarse, no significa nunca probado"
src/pages/PortableCurriculum.tsx,pagina,/curriculum,referenced_in_vault_depth_unverified,True,f62c27325912eb0b9e53714ac46a329adab03e7c0985ae2d69a8c90696e147ca,red,online/offline; timeout/403/500; recuperación sin estado residual,"cola de contraste; evidencia previa debe reconciliarse, no significa nunca probado"
src/pages/PortableCurriculum.tsx,pagina,/curriculum,referenced_in_vault_depth_unverified,True,f62c27325912eb0b9e53714ac46a329adab03e7c0985ae2d69a8c90696e147ca,mutacion,doble clic/reintento/concurrencia; idempotencia y auditoría,"cola de contraste; evidencia previa debe reconciliarse, no significa nunca probado"
src/pages/PortableCurriculum.tsx,pagina,/curriculum,referenced_in_vault_depth_unverified,True,f62c27325912eb0b9e53714ac46a329adab03e7c0985ae2d69a8c90696e147ca,persistencia,guardar→leer de vuelta→recargar; cola→servidor→consumidor,"cola de contraste; evidencia previa debe reconciliarse, no significa nunca probado"
src/pages/PortableCurriculum.tsx,pagina,/curriculum,referenced_in_vault_depth_unverified,True,f62c27325912eb0b9e53714ac46a329adab03e7c0985ae2d69a8c90696e147ca,ciclo_vida,background/proceso muerto; actualización PWA; versión antigua,"cola de contraste; evidencia previa debe reconciliarse, no significa nunca probado"
src/pages/PortableCurriculum.tsx,pagina,/curriculum,referenced_in_vault_depth_unverified,True,f62c27325912eb0b9e53714ac46a329adab03e7c0985ae2d69a8c90696e147ca,salida,exportación/PDF/firma/compartir; integridad; revocación,"cola de contraste; evidencia previa debe reconciliarse, no significa nunca probado"
src/pages/PortableCurriculum.tsx,pagina,/curriculum,referenced_in_vault_depth_unverified,True,f62c27325912eb0b9e53714ac46a329adab03e7c0985ae2d69a8c90696e147ca,dispositivo,web/Android; permisos revocados; OEM; sensores no disponibles,"cola de contraste; evidencia previa debe reconciliarse, no significa nunca probado"
src/pages/PortableCurriculum.tsx,pagina,/curriculum,referenced_in_vault_depth_unverified,True,f62c27325912eb0b9e53714ac46a329adab03e7c0985ae2d69a8c90696e147ca,presentacion,idioma/accesibilidad; loading/error; no convertir falta de datos en seguro,"cola de contraste; evidencia previa debe reconciliarse, no significa nunca probado"
src/pages/PositiveObservations.tsx,pagina,/positive-observations,referenced_in_vault_depth_unverified,True,0c8fd9dee3ca459374d9e0e2d704121ab1b3e7427f70ffd38c871ea6a6cb28d2,identidad,anónimo/autenticado; rol permitido/denegado; sesión expirada/revocada,"cola de contraste; evidencia previa debe reconciliarse, no significa nunca probado"
src/pages/PositiveObservations.tsx,pagina,/positive-observations,referenced_in_vault_depth_unverified,True,0c8fd9dee3ca459374d9e0e2d704121ab1b3e7427f70ffd38c871ea6a6cb28d2,ambito,sin proyecto; A→B→A; cambio de empresa; respuesta tardía,"cola de contraste; evidencia previa debe reconciliarse, no significa nunca probado"
src/pages/PositiveObservations.tsx,pagina,/positive-observations,referenced_in_vault_depth_unverified,True,0c8fd9dee3ca459374d9e0e2d704121ab1b3e7427f70ffd38c871ea6a6cb28d2,entrada,menú/URL/QR/push; arranque frío; demo frente a rama normal,"cola de contraste; evidencia previa debe reconciliarse, no significa nunca probado"
src/pages/PositiveObservations.tsx,pagina,/positive-observations,referenced_in_vault_depth_unverified,True,0c8fd9dee3ca459374d9e0e2d704121ab1b3e7427f70ffd38c871ea6a6cb28d2,datos,vacío/inválido/antiguo; unidades y fechas; procedencia real,"cola de contraste; evidencia previa debe reconciliarse, no significa nunca probado"
src/pages/PositiveObservations.tsx,pagina,/positive-observations,referenced_in_vault_depth_unverified,True,0c8fd9dee3ca459374d9e0e2d704121ab1b3e7427f70ffd38c871ea6a6cb28d2,red,online/offline; timeout/403/500; recuperación sin estado residual,"cola de contraste; evidencia previa debe reconciliarse, no significa nunca probado"
src/pages/PositiveObservations.tsx,pagina,/positive-observations,referenced_in_vault_depth_unverified,True,0c8fd9dee3ca459374d9e0e2d704121ab1b3e7427f70ffd38c871ea6a6cb28d2,mutacion,doble clic/reintento/concurrencia; idempotencia y auditoría,"cola de contraste; evidencia previa debe reconciliarse, no significa nunca probado"
src/pages/PositiveObservations.tsx,pagina,/positive-observations,referenced_in_vault_depth_unverified,True,0c8fd9dee3ca459374d9e0e2d704121ab1b3e7427f70ffd38c871ea6a6cb28d2,persistencia,guardar→leer de vuelta→recargar; cola→servidor→consumidor,"cola de contraste; evidencia previa debe reconciliarse, no significa nunca probado"
src/pages/PositiveObservations.tsx,pagina,/positive-observations,referenced_in_vault_depth_unverified,True,0c8fd9dee3ca459374d9e0e2d704121ab1b3e7427f70ffd38c871ea6a6cb28d2,ciclo_vida,background/proceso muerto; actualización PWA; versión antigua,"cola de contraste; evidencia previa debe reconciliarse, no significa nunca probado"
src/pages/PositiveObservations.tsx,pagina,/positive-observations,referenced_in_vault_depth_unverified,True,0c8fd9dee3ca459374d9e0e2d704121ab1b3e7427f70ffd38c871ea6a6cb28d2,salida,exportación/PDF/firma/compartir; integridad; revocación,"cola de contraste; evidencia previa debe reconciliarse, no significa nunca probado"
src/pages/PositiveObservations.tsx,pagina,/positive-observations,referenced_in_vault_depth_unverified,True,0c8fd9dee3ca459374d9e0e2d704121ab1b3e7427f70ffd38c871ea6a6cb28d2,dispositivo,web/Android; permisos revocados; OEM; sensores no disponibles,"cola de contraste; evidencia previa debe reconciliarse, no significa nunca probado"
src/pages/PositiveObservations.tsx,pagina,/positive-observations,referenced_in_vault_depth_unverified,True,0c8fd9dee3ca459374d9e0e2d704121ab1b3e7427f70ffd38c871ea6a6cb28d2,presentacion,idioma/accesibilidad; loading/error; no convertir falta de datos en seguro,"cola de contraste; evidencia previa debe reconciliarse, no significa nunca probado"
src/pages/PreShiftRisk.tsx,pagina,/pre-shift-risk,referenced_in_vault_depth_unverified,True,8454098e7395236693a17d5e9733d720c6019186c245681650e854a31887224b,identidad,anónimo/autenticado; rol permitido/denegado; sesión expirada/revocada,"cola de contraste; evidencia previa debe reconciliarse, no significa nunca probado"
src/pages/PreShiftRisk.tsx,pagina,/pre-shift-risk,referenced_in_vault_depth_unverified,True,8454098e7395236693a17d5e9733d720c6019186c245681650e854a31887224b,ambito,sin proyecto; A→B→A; cambio de empresa; respuesta tardía,"cola de contraste; evidencia previa debe reconciliarse, no significa nunca probado"
src/pages/PreShiftRisk.tsx,pagina,/pre-shift-risk,referenced_in_vault_depth_unverified,True,8454098e7395236693a17d5e9733d720c6019186c245681650e854a31887224b,entrada,menú/URL/QR/push; arranque frío; demo frente a rama normal,"cola de contraste; evidencia previa debe reconciliarse, no significa nunca probado"
src/pages/PreShiftRisk.tsx,pagina,/pre-shift-risk,referenced_in_vault_depth_unverified,True,8454098e7395236693a17d5e9733d720c6019186c245681650e854a31887224b,datos,vacío/inválido/antiguo; unidades y fechas; procedencia real,"cola de contraste; evidencia previa debe reconciliarse, no significa nunca probado"
src/pages/PreShiftRisk.tsx,pagina,/pre-shift-risk,referenced_in_vault_depth_unverified,True,8454098e7395236693a17d5e9733d720c6019186c245681650e854a31887224b,red,online/offline; timeout/403/500; recuperación sin estado residual,"cola de contraste; evidencia previa debe reconciliarse, no significa nunca probado"
src/pages/PreShiftRisk.tsx,pagina,/pre-shift-risk,referenced_in_vault_depth_unverified,True,8454098e7395236693a17d5e9733d720c6019186c245681650e854a31887224b,mutacion,doble clic/reintento/concurrencia; idempotencia y auditoría,"cola de contraste; evidencia previa debe reconciliarse, no significa nunca probado"
src/pages/PreShiftRisk.tsx,pagina,/pre-shift-risk,referenced_in_vault_depth_unverified,True,8454098e7395236693a17d5e9733d720c6019186c245681650e854a31887224b,persistencia,guardar→leer de vuelta→recargar; cola→servidor→consumidor,"cola de contraste; evidencia previa debe reconciliarse, no significa nunca probado"
src/pages/PreShiftRisk.tsx,pagina,/pre-shift-risk,referenced_in_vault_depth_unverified,True,8454098e7395236693a17d5e9733d720c6019186c245681650e854a31887224b,ciclo_vida,background/proceso muerto; actualización PWA; versión antigua,"cola de contraste; evidencia previa debe reconciliarse, no significa nunca probado"
src/pages/PreShiftRisk.tsx,pagina,/pre-shift-risk,referenced_in_vault_depth_unverified,True,8454098e7395236693a17d5e9733d720c6019186c245681650e854a31887224b,salida,exportación/PDF/firma/compartir; integridad; revocación,"cola de contraste; evidencia previa debe reconciliarse, no significa nunca probado"
src/pages/PreShiftRisk.tsx,pagina,/pre-shift-risk,referenced_in_vault_depth_unverified,True,8454098e7395236693a17d5e9733d720c6019186c245681650e854a31887224b,dispositivo,web/Android; permisos revocados; OEM; sensores no disponibles,"cola de contraste; evidencia previa debe reconciliarse, no significa nunca probado"
src/pages/PreShiftRisk.tsx,pagina,/pre-shift-risk,referenced_in_vault_depth_unverified,True,8454098e7395236693a17d5e9733d720c6019186c245681650e854a31887224b,presentacion,idioma/accesibilidad; loading/error; no convertir falta de datos en seguro,"cola de contraste; evidencia previa debe reconciliarse, no significa nunca probado"
src/pages/PredictiveGuard.tsx,pagina,/predictive-guard,referenced_in_vault_depth_unverified,True,a2083c7545980cf7e810b71726cc8ca1a394c4c9cec4b02e693e5492054414c2,identidad,anónimo/autenticado; rol permitido/denegado; sesión expirada/revocada,"cola de contraste; evidencia previa debe reconciliarse, no significa nunca probado"
src/pages/PredictiveGuard.tsx,pagina,/predictive-guard,referenced_in_vault_depth_unverified,True,a2083c7545980cf7e810b71726cc8ca1a394c4c9cec4b02e693e5492054414c2,ambito,sin proyecto; A→B→A; cambio de empresa; respuesta tardía,"cola de contraste; evidencia previa debe reconciliarse, no significa nunca probado"
src/pages/PredictiveGuard.tsx,pagina,/predictive-guard,referenced_in_vault_depth_unverified,True,a2083c7545980cf7e810b71726cc8ca1a394c4c9cec4b02e693e5492054414c2,entrada,menú/URL/QR/push; arranque frío; demo frente a rama normal,"cola de contraste; evidencia previa debe reconciliarse, no significa nunca probado"
src/pages/PredictiveGuard.tsx,pagina,/predictive-guard,referenced_in_vault_depth_unverified,True,a2083c7545980cf7e810b71726cc8ca1a394c4c9cec4b02e693e5492054414c2,datos,vacío/inválido/antiguo; unidades y fechas; procedencia real,"cola de contraste; evidencia previa debe reconciliarse, no significa nunca probado"
src/pages/PredictiveGuard.tsx,pagina,/predictive-guard,referenced_in_vault_depth_unverified,True,a2083c7545980cf7e810b71726cc8ca1a394c4c9cec4b02e693e5492054414c2,red,online/offline; timeout/403/500; recuperación sin estado residual,"cola de contraste; evidencia previa debe reconciliarse, no significa nunca probado"
src/pages/PredictiveGuard.tsx,pagina,/predictive-guard,referenced_in_vault_depth_unverified,True,a2083c7545980cf7e810b71726cc8ca1a394c4c9cec4b02e693e5492054414c2,mutacion,doble clic/reintento/concurrencia; idempotencia y auditoría,"cola de contraste; evidencia previa debe reconciliarse, no significa nunca probado"
src/pages/PredictiveGuard.tsx,pagina,/predictive-guard,referenced_in_vault_depth_unverified,True,a2083c7545980cf7e810b71726cc8ca1a394c4c9cec4b02e693e5492054414c2,persistencia,guardar→leer de vuelta→recargar; cola→servidor→consumidor,"cola de contraste; evidencia previa debe reconciliarse, no significa nunca probado"
src/pages/PredictiveGuard.tsx,pagina,/predictive-guard,referenced_in_vault_depth_unverified,True,a2083c7545980cf7e810b71726cc8ca1a394c4c9cec4b02e693e5492054414c2,ciclo_vida,background/proceso muerto; actualización PWA; versión antigua,"cola de contraste; evidencia previa debe reconciliarse, no significa nunca probado"
src/pages/PredictiveGuard.tsx,pagina,/predictive-guard,referenced_in_vault_depth_unverified,True,a2083c7545980cf7e810b71726cc8ca1a394c4c9cec4b02e693e5492054414c2,salida,exportación/PDF/firma/compartir; integridad; revocación,"cola de contraste; evidencia previa debe reconciliarse, no significa nunca probado"
src/pages/PredictiveGuard.tsx,pagina,/predictive-guard,referenced_in_vault_depth_unverified,True,a2083c7545980cf7e810b71726cc8ca1a394c4c9cec4b02e693e5492054414c2,dispositivo,web/Android; permisos revocados; OEM; sensores no disponibles,"cola de contraste; evidencia previa debe reconciliarse, no significa nunca probado"
src/pages/PredictiveGuard.tsx,pagina,/predictive-guard,referenced_in_vault_depth_unverified,True,a2083c7545980cf7e810b71726cc8ca1a394c4c9cec4b02e693e5492054414c2,presentacion,idioma/accesibilidad; loading/error; no convertir falta de datos en seguro,"cola de contraste; evidencia previa debe reconciliarse, no significa nunca probado"
src/pages/PrexorEvaluation.tsx,pagina,/prexor,referenced_in_vault_depth_unverified,True,944666524b06bdf60e1cabb8be72225c7aec9978eae3438555d3fc010adf62e7,identidad,anónimo/autenticado; rol permitido/denegado; sesión expirada/revocada,"cola de contraste; evidencia previa debe reconciliarse, no significa nunca probado"
src/pages/PrexorEvaluation.tsx,pagina,/prexor,referenced_in_vault_depth_unverified,True,944666524b06bdf60e1cabb8be72225c7aec9978eae3438555d3fc010adf62e7,ambito,sin proyecto; A→B→A; cambio de empresa; respuesta tardía,"cola de contraste; evidencia previa debe reconciliarse, no significa nunca probado"
src/pages/PrexorEvaluation.tsx,pagina,/prexor,referenced_in_vault_depth_unverified,True,944666524b06bdf60e1cabb8be72225c7aec9978eae3438555d3fc010adf62e7,entrada,menú/URL/QR/push; arranque frío; demo frente a rama normal,"cola de contraste; evidencia previa debe reconciliarse, no significa nunca probado"
src/pages/PrexorEvaluation.tsx,pagina,/prexor,referenced_in_vault_depth_unverified,True,944666524b06bdf60e1cabb8be72225c7aec9978eae3438555d3fc010adf62e7,datos,vacío/inválido/antiguo; unidades y fechas; procedencia real,"cola de contraste; evidencia previa debe reconciliarse, no significa nunca probado"
src/pages/PrexorEvaluation.tsx,pagina,/prexor,referenced_in_vault_depth_unverified,True,944666524b06bdf60e1cabb8be72225c7aec9978eae3438555d3fc010adf62e7,red,online/offline; timeout/403/500; recuperación sin estado residual,"cola de contraste; evidencia previa debe reconciliarse, no significa nunca probado"
src/pages/PrexorEvaluation.tsx,pagina,/prexor,referenced_in_vault_depth_unverified,True,944666524b06bdf60e1cabb8be72225c7aec9978eae3438555d3fc010adf62e7,mutacion,doble clic/reintento/concurrencia; idempotencia y auditoría,"cola de contraste; evidencia previa debe reconciliarse, no significa nunca probado"
src/pages/PrexorEvaluation.tsx,pagina,/prexor,referenced_in_vault_depth_unverified,True,944666524b06bdf60e1cabb8be72225c7aec9978eae3438555d3fc010adf62e7,persistencia,guardar→leer de vuelta→recargar; cola→servidor→consumidor,"cola de contraste; evidencia previa debe reconciliarse, no significa nunca probado"
src/pages/PrexorEvaluation.tsx,pagina,/prexor,referenced_in_vault_depth_unverified,True,944666524b06bdf60e1cabb8be72225c7aec9978eae3438555d3fc010adf62e7,ciclo_vida,background/proceso muerto; actualización PWA; versión antigua,"cola de contraste; evidencia previa debe reconciliarse, no significa nunca probado"
src/pages/PrexorEvaluation.tsx,pagina,/prexor,referenced_in_vault_depth_unverified,True,944666524b06bdf60e1cabb8be72225c7aec9978eae3438555d3fc010adf62e7,salida,exportación/PDF/firma/compartir; integridad; revocación,"cola de contraste; evidencia previa debe reconciliarse, no significa nunca probado"
src/pages/PrexorEvaluation.tsx,pagina,/prexor,referenced_in_vault_depth_unverified,True,944666524b06bdf60e1cabb8be72225c7aec9978eae3438555d3fc010adf62e7,dispositivo,web/Android; permisos revocados; OEM; sensores no disponibles,"cola de contraste; evidencia previa debe reconciliarse, no significa nunca probado"
src/pages/PrexorEvaluation.tsx,pagina,/prexor,referenced_in_vault_depth_unverified,True,944666524b06bdf60e1cabb8be72225c7aec9978eae3438555d3fc010adf62e7,presentacion,idioma/accesibilidad; loading/error; no convertir falta de datos en seguro,"cola de contraste; evidencia previa debe reconciliarse, no significa nunca probado"
src/pages/Pricing.tsx,pagina,/pricing | /pricing/failed | /pricing/retry | /pricing/success,referenced_in_vault_depth_unverified,True,004048c52059d1d37fdff3cc56a3321404458553b1627657d3311eb4ca2ced50,identidad,anónimo/autenticado; rol permitido/denegado; sesión expirada/revocada,"cola de contraste; evidencia previa debe reconciliarse, no significa nunca probado"
src/pages/Pricing.tsx,pagina,/pricing | /pricing/failed | /pricing/retry | /pricing/success,referenced_in_vault_depth_unverified,True,004048c52059d1d37fdff3cc56a3321404458553b1627657d3311eb4ca2ced50,ambito,sin proyecto; A→B→A; cambio de empresa; respuesta tardía,"cola de contraste; evidencia previa debe reconciliarse, no significa nunca probado"
src/pages/Pricing.tsx,pagina,/pricing | /pricing/failed | /pricing/retry | /pricing/success,referenced_in_vault_depth_unverified,True,004048c52059d1d37fdff3cc56a3321404458553b1627657d3311eb4ca2ced50,entrada,menú/URL/QR/push; arranque frío; demo frente a rama normal,"cola de contraste; evidencia previa debe reconciliarse, no significa nunca probado"
src/pages/Pricing.tsx,pagina,/pricing | /pricing/failed | /pricing/retry | /pricing/success,referenced_in_vault_depth_unverified,True,004048c52059d1d37fdff3cc56a3321404458553b1627657d3311eb4ca2ced50,datos,vacío/inválido/antiguo; unidades y fechas; procedencia real,"cola de contraste; evidencia previa debe reconciliarse, no significa nunca probado"
src/pages/Pricing.tsx,pagina,/pricing | /pricing/failed | /pricing/retry | /pricing/success,referenced_in_vault_depth_unverified,True,004048c52059d1d37fdff3cc56a3321404458553b1627657d3311eb4ca2ced50,red,online/offline; timeout/403/500; recuperación sin estado residual,"cola de contraste; evidencia previa debe reconciliarse, no significa nunca probado"
src/pages/Pricing.tsx,pagina,/pricing | /pricing/failed | /pricing/retry | /pricing/success,referenced_in_vault_depth_unverified,True,004048c52059d1d37fdff3cc56a3321404458553b1627657d3311eb4ca2ced50,mutacion,doble clic/reintento/concurrencia; idempotencia y auditoría,"cola de contraste; evidencia previa debe reconciliarse, no significa nunca probado"
src/pages/Pricing.tsx,pagina,/pricing | /pricing/failed | /pricing/retry | /pricing/success,referenced_in_vault_depth_unverified,True,004048c52059d1d37fdff3cc56a3321404458553b1627657d3311eb4ca2ced50,persistencia,guardar→leer de vuelta→recargar; cola→servidor→consumidor,"cola de contraste; evidencia previa debe reconciliarse, no significa nunca probado"
src/pages/Pricing.tsx,pagina,/pricing | /pricing/failed | /pricing/retry | /pricing/success,referenced_in_vault_depth_unverified,True,004048c52059d1d37fdff3cc56a3321404458553b1627657d3311eb4ca2ced50,ciclo_vida,background/proceso muerto; actualización PWA; versión antigua,"cola de contraste; evidencia previa debe reconciliarse, no significa nunca probado"
src/pages/Pricing.tsx,pagina,/pricing | /pricing/failed | /pricing/retry | /pricing/success,referenced_in_vault_depth_unverified,True,004048c52059d1d37fdff3cc56a3321404458553b1627657d3311eb4ca2ced50,salida,exportación/PDF/firma/compartir; integridad; revocación,"cola de contraste; evidencia previa debe reconciliarse, no significa nunca probado"
src/pages/Pricing.tsx,pagina,/pricing | /pricing/failed | /pricing/retry | /pricing/success,referenced_in_vault_depth_unverified,True,004048c52059d1d37fdff3cc56a3321404458553b1627657d3311eb4ca2ced50,dispositivo,web/Android; permisos revocados; OEM; sensores no disponibles,"cola de contraste; evidencia previa debe reconciliarse, no significa nunca probado"
src/pages/Pricing.tsx,pagina,/pricing | /pricing/failed | /pricing/retry | /pricing/success,referenced_in_vault_depth_unverified,True,004048c52059d1d37fdff3cc56a3321404458553b1627657d3311eb4ca2ced50,presentacion,idioma/accesibilidad; loading/error; no convertir falta de datos en seguro,"cola de contraste; evidencia previa debe reconciliarse, no significa nunca probado"
src/pages/PricingCalculator.tsx,pagina,/pricing-calculator,referenced_in_vault_depth_unverified,True,6c8dfde6fd17610ee40b708be20de6bfdef6ea3d48547981059491f2280e3d1d,identidad,anónimo/autenticado; rol permitido/denegado; sesión expirada/revocada,"cola de contraste; evidencia previa debe reconciliarse, no significa nunca probado"
src/pages/PricingCalculator.tsx,pagina,/pricing-calculator,referenced_in_vault_depth_unverified,True,6c8dfde6fd17610ee40b708be20de6bfdef6ea3d48547981059491f2280e3d1d,ambito,sin proyecto; A→B→A; cambio de empresa; respuesta tardía,"cola de contraste; evidencia previa debe reconciliarse, no significa nunca probado"
src/pages/PricingCalculator.tsx,pagina,/pricing-calculator,referenced_in_vault_depth_unverified,True,6c8dfde6fd17610ee40b708be20de6bfdef6ea3d48547981059491f2280e3d1d,entrada,menú/URL/QR/push; arranque frío; demo frente a rama normal,"cola de contraste; evidencia previa debe reconciliarse, no significa nunca probado"
src/pages/PricingCalculator.tsx,pagina,/pricing-calculator,referenced_in_vault_depth_unverified,True,6c8dfde6fd17610ee40b708be20de6bfdef6ea3d48547981059491f2280e3d1d,datos,vacío/inválido/antiguo; unidades y fechas; procedencia real,"cola de contraste; evidencia previa debe reconciliarse, no significa nunca probado"
src/pages/PricingCalculator.tsx,pagina,/pricing-calculator,referenced_in_vault_depth_unverified,True,6c8dfde6fd17610ee40b708be20de6bfdef6ea3d48547981059491f2280e3d1d,red,online/offline; timeout/403/500; recuperación sin estado residual,"cola de contraste; evidencia previa debe reconciliarse, no significa nunca probado"
src/pages/PricingCalculator.tsx,pagina,/pricing-calculator,referenced_in_vault_depth_unverified,True,6c8dfde6fd17610ee40b708be20de6bfdef6ea3d48547981059491f2280e3d1d,mutacion,doble clic/reintento/concurrencia; idempotencia y auditoría,"cola de contraste; evidencia previa debe reconciliarse, no significa nunca probado"
src/pages/PricingCalculator.tsx,pagina,/pricing-calculator,referenced_in_vault_depth_unverified,True,6c8dfde6fd17610ee40b708be20de6bfdef6ea3d48547981059491f2280e3d1d,persistencia,guardar→leer de vuelta→recargar; cola→servidor→consumidor,"cola de contraste; evidencia previa debe reconciliarse, no significa nunca probado"
src/pages/PricingCalculator.tsx,pagina,/pricing-calculator,referenced_in_vault_depth_unverified,True,6c8dfde6fd17610ee40b708be20de6bfdef6ea3d48547981059491f2280e3d1d,ciclo_vida,background/proceso muerto; actualización PWA; versión antigua,"cola de contraste; evidencia previa debe reconciliarse, no significa nunca probado"
src/pages/PricingCalculator.tsx,pagina,/pricing-calculator,referenced_in_vault_depth_unverified,True,6c8dfde6fd17610ee40b708be20de6bfdef6ea3d48547981059491f2280e3d1d,salida,exportación/PDF/firma/compartir; integridad; revocación,"cola de contraste; evidencia previa debe reconciliarse, no significa nunca probado"
src/pages/PricingCalculator.tsx,pagina,/pricing-calculator,referenced_in_vault_depth_unverified,True,6c8dfde6fd17610ee40b708be20de6bfdef6ea3d48547981059491f2280e3d1d,dispositivo,web/Android; permisos revocados; OEM; sensores no disponibles,"cola de contraste; evidencia previa debe reconciliarse, no significa nunca probado"
src/pages/PricingCalculator.tsx,pagina,/pricing-calculator,referenced_in_vault_depth_unverified,True,6c8dfde6fd17610ee40b708be20de6bfdef6ea3d48547981059491f2280e3d1d,presentacion,idioma/accesibilidad; loading/error; no convertir falta de datos en seguro,"cola de contraste; evidencia previa debe reconciliarse, no significa nunca probado"
src/pages/PricingSimulatorPage.tsx,pagina,/pricing-simulator,inventoried_only,True,193b070e7b134ec16b6dfbac7b805594a72334ee9fc3525e04707f648df78088,identidad,anónimo/autenticado; rol permitido/denegado; sesión expirada/revocada,"cola de contraste; evidencia previa debe reconciliarse, no significa nunca probado"
src/pages/PricingSimulatorPage.tsx,pagina,/pricing-simulator,inventoried_only,True,193b070e7b134ec16b6dfbac7b805594a72334ee9fc3525e04707f648df78088,ambito,sin proyecto; A→B→A; cambio de empresa; respuesta tardía,"cola de contraste; evidencia previa debe reconciliarse, no significa nunca probado"
src/pages/PricingSimulatorPage.tsx,pagina,/pricing-simulator,inventoried_only,True,193b070e7b134ec16b6dfbac7b805594a72334ee9fc3525e04707f648df78088,entrada,menú/URL/QR/push; arranque frío; demo frente a rama normal,"cola de contraste; evidencia previa debe reconciliarse, no significa nunca probado"
src/pages/PricingSimulatorPage.tsx,pagina,/pricing-simulator,inventoried_only,True,193b070e7b134ec16b6dfbac7b805594a72334ee9fc3525e04707f648df78088,datos,vacío/inválido/antiguo; unidades y fechas; procedencia real,"cola de contraste; evidencia previa debe reconciliarse, no significa nunca probado"
src/pages/PricingSimulatorPage.tsx,pagina,/pricing-simulator,inventoried_only,True,193b070e7b134ec16b6dfbac7b805594a72334ee9fc3525e04707f648df78088,red,online/offline; timeout/403/500; recuperación sin estado residual,"cola de contraste; evidencia previa debe reconciliarse, no significa nunca probado"
src/pages/PricingSimulatorPage.tsx,pagina,/pricing-simulator,inventoried_only,True,193b070e7b134ec16b6dfbac7b805594a72334ee9fc3525e04707f648df78088,mutacion,doble clic/reintento/concurrencia; idempotencia y auditoría,"cola de contraste; evidencia previa debe reconciliarse, no significa nunca probado"
src/pages/PricingSimulatorPage.tsx,pagina,/pricing-simulator,inventoried_only,True,193b070e7b134ec16b6dfbac7b805594a72334ee9fc3525e04707f648df78088,persistencia,guardar→leer de vuelta→recargar; cola→servidor→consumidor,"cola de contraste; evidencia previa debe reconciliarse, no significa nunca probado"
src/pages/PricingSimulatorPage.tsx,pagina,/pricing-simulator,inventoried_only,True,193b070e7b134ec16b6dfbac7b805594a72334ee9fc3525e04707f648df78088,ciclo_vida,background/proceso muerto; actualización PWA; versión antigua,"cola de contraste; evidencia previa debe reconciliarse, no significa nunca probado"
src/pages/PricingSimulatorPage.tsx,pagina,/pricing-simulator,inventoried_only,True,193b070e7b134ec16b6dfbac7b805594a72334ee9fc3525e04707f648df78088,salida,exportación/PDF/firma/compartir; integridad; revocación,"cola de contraste; evidencia previa debe reconciliarse, no significa nunca probado"
src/pages/PricingSimulatorPage.tsx,pagina,/pricing-simulator,inventoried_only,True,193b070e7b134ec16b6dfbac7b805594a72334ee9fc3525e04707f648df78088,dispositivo,web/Android; permisos revocados; OEM; sensores no disponibles,"cola de contraste; evidencia previa debe reconciliarse, no significa nunca probado"
src/pages/PricingSimulatorPage.tsx,pagina,/pricing-simulator,inventoried_only,True,193b070e7b134ec16b6dfbac7b805594a72334ee9fc3525e04707f648df78088,presentacion,idioma/accesibilidad; loading/error; no convertir falta de datos en seguro,"cola de contraste; evidencia previa debe reconciliarse, no significa nunca probado"
src/pages/PrivacyPolicy.tsx,pagina,/privacidad | /privacy,inventoried_only,True,8ce848f2e649365b21e97b85bb3fd34610c5b724c596e71d6212d180a51d5123,identidad,anónimo/autenticado; rol permitido/denegado; sesión expirada/revocada,"cola de contraste; evidencia previa debe reconciliarse, no significa nunca probado"
src/pages/PrivacyPolicy.tsx,pagina,/privacidad | /privacy,inventoried_only,True,8ce848f2e649365b21e97b85bb3fd34610c5b724c596e71d6212d180a51d5123,ambito,sin proyecto; A→B→A; cambio de empresa; respuesta tardía,"cola de contraste; evidencia previa debe reconciliarse, no significa nunca probado"
src/pages/PrivacyPolicy.tsx,pagina,/privacidad | /privacy,inventoried_only,True,8ce848f2e649365b21e97b85bb3fd34610c5b724c596e71d6212d180a51d5123,entrada,menú/URL/QR/push; arranque frío; demo frente a rama normal,"cola de contraste; evidencia previa debe reconciliarse, no significa nunca probado"
src/pages/PrivacyPolicy.tsx,pagina,/privacidad | /privacy,inventoried_only,True,8ce848f2e649365b21e97b85bb3fd34610c5b724c596e71d6212d180a51d5123,datos,vacío/inválido/antiguo; unidades y fechas; procedencia real,"cola de contraste; evidencia previa debe reconciliarse, no significa nunca probado"
src/pages/PrivacyPolicy.tsx,pagina,/privacidad | /privacy,inventoried_only,True,8ce848f2e649365b21e97b85bb3fd34610c5b724c596e71d6212d180a51d5123,red,online/offline; timeout/403/500; recuperación sin estado residual,"cola de contraste; evidencia previa debe reconciliarse, no significa nunca probado"
src/pages/PrivacyPolicy.tsx,pagina,/privacidad | /privacy,inventoried_only,True,8ce848f2e649365b21e97b85bb3fd34610c5b724c596e71d6212d180a51d5123,mutacion,doble clic/reintento/concurrencia; idempotencia y auditoría,"cola de contraste; evidencia previa debe reconciliarse, no significa nunca probado"
src/pages/PrivacyPolicy.tsx,pagina,/privacidad | /privacy,inventoried_only,True,8ce848f2e649365b21e97b85bb3fd34610c5b724c596e71d6212d180a51d5123,persistencia,guardar→leer de vuelta→recargar; cola→servidor→consumidor,"cola de contraste; evidencia previa debe reconciliarse, no significa nunca probado"
src/pages/PrivacyPolicy.tsx,pagina,/privacidad | /privacy,inventoried_only,True,8ce848f2e649365b21e97b85bb3fd34610c5b724c596e71d6212d180a51d5123,ciclo_vida,background/proceso muerto; actualización PWA; versión antigua,"cola de contraste; evidencia previa debe reconciliarse, no significa nunca probado"
src/pages/PrivacyPolicy.tsx,pagina,/privacidad | /privacy,inventoried_only,True,8ce848f2e649365b21e97b85bb3fd34610c5b724c596e71d6212d180a51d5123,salida,exportación/PDF/firma/compartir; integridad; revocación,"cola de contraste; evidencia previa debe reconciliarse, no significa nunca probado"
src/pages/PrivacyPolicy.tsx,pagina,/privacidad | /privacy,inventoried_only,True,8ce848f2e649365b21e97b85bb3fd34610c5b724c596e71d6212d180a51d5123,dispositivo,web/Android; permisos revocados; OEM; sensores no disponibles,"cola de contraste; evidencia previa debe reconciliarse, no significa nunca probado"
src/pages/PrivacyPolicy.tsx,pagina,/privacidad | /privacy,inventoried_only,True,8ce848f2e649365b21e97b85bb3fd34610c5b724c596e71d6212d180a51d5123,presentacion,idioma/accesibilidad; loading/error; no convertir falta de datos en seguro,"cola de contraste; evidencia previa debe reconciliarse, no significa nunca probado"
src/pages/PrivacyShieldPage.tsx,pagina,/privacy-shield,inventoried_only,True,c66a3ab80d7263ba8fb33983156c0f263cc9b8f2a9b583a5b70492c66cdd6784,identidad,anónimo/autenticado; rol permitido/denegado; sesión expirada/revocada,"cola de contraste; evidencia previa debe reconciliarse, no significa nunca probado"
src/pages/PrivacyShieldPage.tsx,pagina,/privacy-shield,inventoried_only,True,c66a3ab80d7263ba8fb33983156c0f263cc9b8f2a9b583a5b70492c66cdd6784,ambito,sin proyecto; A→B→A; cambio de empresa; respuesta tardía,"cola de contraste; evidencia previa debe reconciliarse, no significa nunca probado"
src/pages/PrivacyShieldPage.tsx,pagina,/privacy-shield,inventoried_only,True,c66a3ab80d7263ba8fb33983156c0f263cc9b8f2a9b583a5b70492c66cdd6784,entrada,menú/URL/QR/push; arranque frío; demo frente a rama normal,"cola de contraste; evidencia previa debe reconciliarse, no significa nunca probado"
src/pages/PrivacyShieldPage.tsx,pagina,/privacy-shield,inventoried_only,True,c66a3ab80d7263ba8fb33983156c0f263cc9b8f2a9b583a5b70492c66cdd6784,datos,vacío/inválido/antiguo; unidades y fechas; procedencia real,"cola de contraste; evidencia previa debe reconciliarse, no significa nunca probado"
src/pages/PrivacyShieldPage.tsx,pagina,/privacy-shield,inventoried_only,True,c66a3ab80d7263ba8fb33983156c0f263cc9b8f2a9b583a5b70492c66cdd6784,red,online/offline; timeout/403/500; recuperación sin estado residual,"cola de contraste; evidencia previa debe reconciliarse, no significa nunca probado"
src/pages/PrivacyShieldPage.tsx,pagina,/privacy-shield,inventoried_only,True,c66a3ab80d7263ba8fb33983156c0f263cc9b8f2a9b583a5b70492c66cdd6784,mutacion,doble clic/reintento/concurrencia; idempotencia y auditoría,"cola de contraste; evidencia previa debe reconciliarse, no significa nunca probado"
src/pages/PrivacyShieldPage.tsx,pagina,/privacy-shield,inventoried_only,True,c66a3ab80d7263ba8fb33983156c0f263cc9b8f2a9b583a5b70492c66cdd6784,persistencia,guardar→leer de vuelta→recargar; cola→servidor→consumidor,"cola de contraste; evidencia previa debe reconciliarse, no significa nunca probado"
src/pages/PrivacyShieldPage.tsx,pagina,/privacy-shield,inventoried_only,True,c66a3ab80d7263ba8fb33983156c0f263cc9b8f2a9b583a5b70492c66cdd6784,ciclo_vida,background/proceso muerto; actualización PWA; versión antigua,"cola de contraste; evidencia previa debe reconciliarse, no significa nunca probado"
src/pages/PrivacyShieldPage.tsx,pagina,/privacy-shield,inventoried_only,True,c66a3ab80d7263ba8fb33983156c0f263cc9b8f2a9b583a5b70492c66cdd6784,salida,exportación/PDF/firma/compartir; integridad; revocación,"cola de contraste; evidencia previa debe reconciliarse, no significa nunca probado"
src/pages/PrivacyShieldPage.tsx,pagina,/privacy-shield,inventoried_only,True,c66a3ab80d7263ba8fb33983156c0f263cc9b8f2a9b583a5b70492c66cdd6784,dispositivo,web/Android; permisos revocados; OEM; sensores no disponibles,"cola de contraste; evidencia previa debe reconciliarse, no significa nunca probado"
src/pages/PrivacyShieldPage.tsx,pagina,/privacy-shield,inventoried_only,True,c66a3ab80d7263ba8fb33983156c0f263cc9b8f2a9b583a5b70492c66cdd6784,presentacion,idioma/accesibilidad; loading/error; no convertir falta de datos en seguro,"cola de contraste; evidencia previa debe reconciliarse, no significa nunca probado"
src/pages/Profile.tsx,pagina,/profile,inventoried_only,True,6b7b8ccea963aa47eebf1bb47c042fd60751c9005fa6f6a6a32f12692e1e941a,identidad,anónimo/autenticado; rol permitido/denegado; sesión expirada/revocada,"cola de contraste; evidencia previa debe reconciliarse, no significa nunca probado"
src/pages/Profile.tsx,pagina,/profile,inventoried_only,True,6b7b8ccea963aa47eebf1bb47c042fd60751c9005fa6f6a6a32f12692e1e941a,ambito,sin proyecto; A→B→A; cambio de empresa; respuesta tardía,"cola de contraste; evidencia previa debe reconciliarse, no significa nunca probado"
src/pages/Profile.tsx,pagina,/profile,inventoried_only,True,6b7b8ccea963aa47eebf1bb47c042fd60751c9005fa6f6a6a32f12692e1e941a,entrada,menú/URL/QR/push; arranque frío; demo frente a rama normal,"cola de contraste; evidencia previa debe reconciliarse, no significa nunca probado"
src/pages/Profile.tsx,pagina,/profile,inventoried_only,True,6b7b8ccea963aa47eebf1bb47c042fd60751c9005fa6f6a6a32f12692e1e941a,datos,vacío/inválido/antiguo; unidades y fechas; procedencia real,"cola de contraste; evidencia previa debe reconciliarse, no significa nunca probado"
src/pages/Profile.tsx,pagina,/profile,inventoried_only,True,6b7b8ccea963aa47eebf1bb47c042fd60751c9005fa6f6a6a32f12692e1e941a,red,online/offline; timeout/403/500; recuperación sin estado residual,"cola de contraste; evidencia previa debe reconciliarse, no significa nunca probado"
src/pages/Profile.tsx,pagina,/profile,inventoried_only,True,6b7b8ccea963aa47eebf1bb47c042fd60751c9005fa6f6a6a32f12692e1e941a,mutacion,doble clic/reintento/concurrencia; idempotencia y auditoría,"cola de contraste; evidencia previa debe reconciliarse, no significa nunca probado"
src/pages/Profile.tsx,pagina,/profile,inventoried_only,True,6b7b8ccea963aa47eebf1bb47c042fd60751c9005fa6f6a6a32f12692e1e941a,persistencia,guardar→leer de vuelta→recargar; cola→servidor→consumidor,"cola de contraste; evidencia previa debe reconciliarse, no significa nunca probado"
src/pages/Profile.tsx,pagina,/profile,inventoried_only,True,6b7b8ccea963aa47eebf1bb47c042fd60751c9005fa6f6a6a32f12692e1e941a,ciclo_vida,background/proceso muerto; actualización PWA; versión antigua,"cola de contraste; evidencia previa debe reconciliarse, no significa nunca probado"
src/pages/Profile.tsx,pagina,/profile,inventoried_only,True,6b7b8ccea963aa47eebf1bb47c042fd60751c9005fa6f6a6a32f12692e1e941a,salida,exportación/PDF/firma/compartir; integridad; revocación,"cola de contraste; evidencia previa debe reconciliarse, no significa nunca probado"
src/pages/Profile.tsx,pagina,/profile,inventoried_only,True,6b7b8ccea963aa47eebf1bb47c042fd60751c9005fa6f6a6a32f12692e1e941a,dispositivo,web/Android; permisos revocados; OEM; sensores no disponibles,"cola de contraste; evidencia previa debe reconciliarse, no significa nunca probado"
src/pages/Profile.tsx,pagina,/profile,inventoried_only,True,6b7b8ccea963aa47eebf1bb47c042fd60751c9005fa6f6a6a32f12692e1e941a,presentacion,idioma/accesibilidad; loading/error; no convertir falta de datos en seguro,"cola de contraste; evidencia previa debe reconciliarse, no significa nunca probado"
src/pages/ProjectClosure.tsx,pagina,/closure,inventoried_only,True,37802547da9a1a278bc9304226dd218f9524442d1b3de1ddbeb90fcf0e611a98,identidad,anónimo/autenticado; rol permitido/denegado; sesión expirada/revocada,"cola de contraste; evidencia previa debe reconciliarse, no significa nunca probado"
src/pages/ProjectClosure.tsx,pagina,/closure,inventoried_only,True,37802547da9a1a278bc9304226dd218f9524442d1b3de1ddbeb90fcf0e611a98,ambito,sin proyecto; A→B→A; cambio de empresa; respuesta tardía,"cola de contraste; evidencia previa debe reconciliarse, no significa nunca probado"
src/pages/ProjectClosure.tsx,pagina,/closure,inventoried_only,True,37802547da9a1a278bc9304226dd218f9524442d1b3de1ddbeb90fcf0e611a98,entrada,menú/URL/QR/push; arranque frío; demo frente a rama normal,"cola de contraste; evidencia previa debe reconciliarse, no significa nunca probado"
src/pages/ProjectClosure.tsx,pagina,/closure,inventoried_only,True,37802547da9a1a278bc9304226dd218f9524442d1b3de1ddbeb90fcf0e611a98,datos,vacío/inválido/antiguo; unidades y fechas; procedencia real,"cola de contraste; evidencia previa debe reconciliarse, no significa nunca probado"
src/pages/ProjectClosure.tsx,pagina,/closure,inventoried_only,True,37802547da9a1a278bc9304226dd218f9524442d1b3de1ddbeb90fcf0e611a98,red,online/offline; timeout/403/500; recuperación sin estado residual,"cola de contraste; evidencia previa debe reconciliarse, no significa nunca probado"
src/pages/ProjectClosure.tsx,pagina,/closure,inventoried_only,True,37802547da9a1a278bc9304226dd218f9524442d1b3de1ddbeb90fcf0e611a98,mutacion,doble clic/reintento/concurrencia; idempotencia y auditoría,"cola de contraste; evidencia previa debe reconciliarse, no significa nunca probado"
src/pages/ProjectClosure.tsx,pagina,/closure,inventoried_only,True,37802547da9a1a278bc9304226dd218f9524442d1b3de1ddbeb90fcf0e611a98,persistencia,guardar→leer de vuelta→recargar; cola→servidor→consumidor,"cola de contraste; evidencia previa debe reconciliarse, no significa nunca probado"
src/pages/ProjectClosure.tsx,pagina,/closure,inventoried_only,True,37802547da9a1a278bc9304226dd218f9524442d1b3de1ddbeb90fcf0e611a98,ciclo_vida,background/proceso muerto; actualización PWA; versión antigua,"cola de contraste; evidencia previa debe reconciliarse, no significa nunca probado"
src/pages/ProjectClosure.tsx,pagina,/closure,inventoried_only,True,37802547da9a1a278bc9304226dd218f9524442d1b3de1ddbeb90fcf0e611a98,salida,exportación/PDF/firma/compartir; integridad; revocación,"cola de contraste; evidencia previa debe reconciliarse, no significa nunca probado"
src/pages/ProjectClosure.tsx,pagina,/closure,inventoried_only,True,37802547da9a1a278bc9304226dd218f9524442d1b3de1ddbeb90fcf0e611a98,dispositivo,web/Android; permisos revocados; OEM; sensores no disponibles,"cola de contraste; evidencia previa debe reconciliarse, no significa nunca probado"
src/pages/ProjectClosure.tsx,pagina,/closure,inventoried_only,True,37802547da9a1a278bc9304226dd218f9524442d1b3de1ddbeb90fcf0e611a98,presentacion,idioma/accesibilidad; loading/error; no convertir falta de datos en seguro,"cola de contraste; evidencia previa debe reconciliarse, no significa nunca probado"
src/pages/ProjectSetup.tsx,pagina,/project-setup,referenced_in_vault_depth_unverified,True,94fd558e346bc96a04692eafae4a61912df24bf3e2958637f160c34814f49506,identidad,anónimo/autenticado; rol permitido/denegado; sesión expirada/revocada,"cola de contraste; evidencia previa debe reconciliarse, no significa nunca probado"
src/pages/ProjectSetup.tsx,pagina,/project-setup,referenced_in_vault_depth_unverified,True,94fd558e346bc96a04692eafae4a61912df24bf3e2958637f160c34814f49506,ambito,sin proyecto; A→B→A; cambio de empresa; respuesta tardía,"cola de contraste; evidencia previa debe reconciliarse, no significa nunca probado"
src/pages/ProjectSetup.tsx,pagina,/project-setup,referenced_in_vault_depth_unverified,True,94fd558e346bc96a04692eafae4a61912df24bf3e2958637f160c34814f49506,entrada,menú/URL/QR/push; arranque frío; demo frente a rama normal,"cola de contraste; evidencia previa debe reconciliarse, no significa nunca probado"
src/pages/ProjectSetup.tsx,pagina,/project-setup,referenced_in_vault_depth_unverified,True,94fd558e346bc96a04692eafae4a61912df24bf3e2958637f160c34814f49506,datos,vacío/inválido/antiguo; unidades y fechas; procedencia real,"cola de contraste; evidencia previa debe reconciliarse, no significa nunca probado"
src/pages/ProjectSetup.tsx,pagina,/project-setup,referenced_in_vault_depth_unverified,True,94fd558e346bc96a04692eafae4a61912df24bf3e2958637f160c34814f49506,red,online/offline; timeout/403/500; recuperación sin estado residual,"cola de contraste; evidencia previa debe reconciliarse, no significa nunca probado"
src/pages/ProjectSetup.tsx,pagina,/project-setup,referenced_in_vault_depth_unverified,True,94fd558e346bc96a04692eafae4a61912df24bf3e2958637f160c34814f49506,mutacion,doble clic/reintento/concurrencia; idempotencia y auditoría,"cola de contraste; evidencia previa debe reconciliarse, no significa nunca probado"
src/pages/ProjectSetup.tsx,pagina,/project-setup,referenced_in_vault_depth_unverified,True,94fd558e346bc96a04692eafae4a61912df24bf3e2958637f160c34814f49506,persistencia,guardar→leer de vuelta→recargar; cola→servidor→consumidor,"cola de contraste; evidencia previa debe reconciliarse, no significa nunca probado"
src/pages/ProjectSetup.tsx,pagina,/project-setup,referenced_in_vault_depth_unverified,True,94fd558e346bc96a04692eafae4a61912df24bf3e2958637f160c34814f49506,ciclo_vida,background/proceso muerto; actualización PWA; versión antigua,"cola de contraste; evidencia previa debe reconciliarse, no significa nunca probado"
src/pages/ProjectSetup.tsx,pagina,/project-setup,referenced_in_vault_depth_unverified,True,94fd558e346bc96a04692eafae4a61912df24bf3e2958637f160c34814f49506,salida,exportación/PDF/firma/compartir; integridad; revocación,"cola de contraste; evidencia previa debe reconciliarse, no significa nunca probado"
src/pages/ProjectSetup.tsx,pagina,/project-setup,referenced_in_vault_depth_unverified,True,94fd558e346bc96a04692eafae4a61912df24bf3e2958637f160c34814f49506,dispositivo,web/Android; permisos revocados; OEM; sensores no disponibles,"cola de contraste; evidencia previa debe reconciliarse, no significa nunca probado"
src/pages/ProjectSetup.tsx,pagina,/project-setup,referenced_in_vault_depth_unverified,True,94fd558e346bc96a04692eafae4a61912df24bf3e2958637f160c34814f49506,presentacion,idioma/accesibilidad; loading/error; no convertir falta de datos en seguro,"cola de contraste; evidencia previa debe reconciliarse, no significa nunca probado"
src/pages/Projects.tsx,pagina,/projects,referenced_in_vault_depth_unverified,True,1a02a9b95af7dd95d88cfa3c5a9f8c4fa71f553d07bca3973d52d132defaa190,identidad,anónimo/autenticado; rol permitido/denegado; sesión expirada/revocada,"cola de contraste; evidencia previa debe reconciliarse, no significa nunca probado"
src/pages/Projects.tsx,pagina,/projects,referenced_in_vault_depth_unverified,True,1a02a9b95af7dd95d88cfa3c5a9f8c4fa71f553d07bca3973d52d132defaa190,ambito,sin proyecto; A→B→A; cambio de empresa; respuesta tardía,"cola de contraste; evidencia previa debe reconciliarse, no significa nunca probado"
src/pages/Projects.tsx,pagina,/projects,referenced_in_vault_depth_unverified,True,1a02a9b95af7dd95d88cfa3c5a9f8c4fa71f553d07bca3973d52d132defaa190,entrada,menú/URL/QR/push; arranque frío; demo frente a rama normal,"cola de contraste; evidencia previa debe reconciliarse, no significa nunca probado"
src/pages/Projects.tsx,pagina,/projects,referenced_in_vault_depth_unverified,True,1a02a9b95af7dd95d88cfa3c5a9f8c4fa71f553d07bca3973d52d132defaa190,datos,vacío/inválido/antiguo; unidades y fechas; procedencia real,"cola de contraste; evidencia previa debe reconciliarse, no significa nunca probado"
src/pages/Projects.tsx,pagina,/projects,referenced_in_vault_depth_unverified,True,1a02a9b95af7dd95d88cfa3c5a9f8c4fa71f553d07bca3973d52d132defaa190,red,online/offline; timeout/403/500; recuperación sin estado residual,"cola de contraste; evidencia previa debe reconciliarse, no significa nunca probado"
src/pages/Projects.tsx,pagina,/projects,referenced_in_vault_depth_unverified,True,1a02a9b95af7dd95d88cfa3c5a9f8c4fa71f553d07bca3973d52d132defaa190,mutacion,doble clic/reintento/concurrencia; idempotencia y auditoría,"cola de contraste; evidencia previa debe reconciliarse, no significa nunca probado"
src/pages/Projects.tsx,pagina,/projects,referenced_in_vault_depth_unverified,True,1a02a9b95af7dd95d88cfa3c5a9f8c4fa71f553d07bca3973d52d132defaa190,persistencia,guardar→leer de vuelta→recargar; cola→servidor→consumidor,"cola de contraste; evidencia previa debe reconciliarse, no significa nunca probado"
src/pages/Projects.tsx,pagina,/projects,referenced_in_vault_depth_unverified,True,1a02a9b95af7dd95d88cfa3c5a9f8c4fa71f553d07bca3973d52d132defaa190,ciclo_vida,background/proceso muerto; actualización PWA; versión antigua,"cola de contraste; evidencia previa debe reconciliarse, no significa nunca probado"
src/pages/Projects.tsx,pagina,/projects,referenced_in_vault_depth_unverified,True,1a02a9b95af7dd95d88cfa3c5a9f8c4fa71f553d07bca3973d52d132defaa190,salida,exportación/PDF/firma/compartir; integridad; revocación,"cola de contraste; evidencia previa debe reconciliarse, no significa nunca probado"
src/pages/Projects.tsx,pagina,/projects,referenced_in_vault_depth_unverified,True,1a02a9b95af7dd95d88cfa3c5a9f8c4fa71f553d07bca3973d52d132defaa190,dispositivo,web/Android; permisos revocados; OEM; sensores no disponibles,"cola de contraste; evidencia previa debe reconciliarse, no significa nunca probado"
src/pages/Projects.tsx,pagina,/projects,referenced_in_vault_depth_unverified,True,1a02a9b95af7dd95d88cfa3c5a9f8c4fa71f553d07bca3973d52d132defaa190,presentacion,idioma/accesibilidad; loading/error; no convertir falta de datos en seguro,"cola de contraste; evidencia previa debe reconciliarse, no significa nunca probado"
src/pages/ProjectsCompare.tsx,pagina,/projects-compare,inventoried_only,True,20c2b683d95ad9f5bfd896cf5bf16749e8d7bb3cd7b47ee3ed59ce0e8bbcfb35,identidad,anónimo/autenticado; rol permitido/denegado; sesión expirada/revocada,"cola de contraste; evidencia previa debe reconciliarse, no significa nunca probado"
src/pages/ProjectsCompare.tsx,pagina,/projects-compare,inventoried_only,True,20c2b683d95ad9f5bfd896cf5bf16749e8d7bb3cd7b47ee3ed59ce0e8bbcfb35,ambito,sin proyecto; A→B→A; cambio de empresa; respuesta tardía,"cola de contraste; evidencia previa debe reconciliarse, no significa nunca probado"
src/pages/ProjectsCompare.tsx,pagina,/projects-compare,inventoried_only,True,20c2b683d95ad9f5bfd896cf5bf16749e8d7bb3cd7b47ee3ed59ce0e8bbcfb35,entrada,menú/URL/QR/push; arranque frío; demo frente a rama normal,"cola de contraste; evidencia previa debe reconciliarse, no significa nunca probado"
src/pages/ProjectsCompare.tsx,pagina,/projects-compare,inventoried_only,True,20c2b683d95ad9f5bfd896cf5bf16749e8d7bb3cd7b47ee3ed59ce0e8bbcfb35,datos,vacío/inválido/antiguo; unidades y fechas; procedencia real,"cola de contraste; evidencia previa debe reconciliarse, no significa nunca probado"
src/pages/ProjectsCompare.tsx,pagina,/projects-compare,inventoried_only,True,20c2b683d95ad9f5bfd896cf5bf16749e8d7bb3cd7b47ee3ed59ce0e8bbcfb35,red,online/offline; timeout/403/500; recuperación sin estado residual,"cola de contraste; evidencia previa debe reconciliarse, no significa nunca probado"
src/pages/ProjectsCompare.tsx,pagina,/projects-compare,inventoried_only,True,20c2b683d95ad9f5bfd896cf5bf16749e8d7bb3cd7b47ee3ed59ce0e8bbcfb35,mutacion,doble clic/reintento/concurrencia; idempotencia y auditoría,"cola de contraste; evidencia previa debe reconciliarse, no significa nunca probado"
src/pages/ProjectsCompare.tsx,pagina,/projects-compare,inventoried_only,True,20c2b683d95ad9f5bfd896cf5bf16749e8d7bb3cd7b47ee3ed59ce0e8bbcfb35,persistencia,guardar→leer de vuelta→recargar; cola→servidor→consumidor,"cola de contraste; evidencia previa debe reconciliarse, no significa nunca probado"
src/pages/ProjectsCompare.tsx,pagina,/projects-compare,inventoried_only,True,20c2b683d95ad9f5bfd896cf5bf16749e8d7bb3cd7b47ee3ed59ce0e8bbcfb35,ciclo_vida,background/proceso muerto; actualización PWA; versión antigua,"cola de contraste; evidencia previa debe reconciliarse, no significa nunca probado"
src/pages/ProjectsCompare.tsx,pagina,/projects-compare,inventoried_only,True,20c2b683d95ad9f5bfd896cf5bf16749e8d7bb3cd7b47ee3ed59ce0e8bbcfb35,salida,exportación/PDF/firma/compartir; integridad; revocación,"cola de contraste; evidencia previa debe reconciliarse, no significa nunca probado"
src/pages/ProjectsCompare.tsx,pagina,/projects-compare,inventoried_only,True,20c2b683d95ad9f5bfd896cf5bf16749e8d7bb3cd7b47ee3ed59ce0e8bbcfb35,dispositivo,web/Android; permisos revocados; OEM; sensores no disponibles,"cola de contraste; evidencia previa debe reconciliarse, no significa nunca probado"
src/pages/ProjectsCompare.tsx,pagina,/projects-compare,inventoried_only,True,20c2b683d95ad9f5bfd896cf5bf16749e8d7bb3cd7b47ee3ed59ce0e8bbcfb35,presentacion,idioma/accesibilidad; loading/error; no convertir falta de datos en seguro,"cola de contraste; evidencia previa debe reconciliarse, no significa nunca probado"
src/pages/Psychosocial.tsx,pagina,/psychosocial,referenced_in_vault_depth_unverified,True,ff6250d9ab4f9078de01af95bb2985c5a721c21ec87ab18d2e1fb55e52f32f94,identidad,anónimo/autenticado; rol permitido/denegado; sesión expirada/revocada,"cola de contraste; evidencia previa debe reconciliarse, no significa nunca probado"
src/pages/Psychosocial.tsx,pagina,/psychosocial,referenced_in_vault_depth_unverified,True,ff6250d9ab4f9078de01af95bb2985c5a721c21ec87ab18d2e1fb55e52f32f94,ambito,sin proyecto; A→B→A; cambio de empresa; respuesta tardía,"cola de contraste; evidencia previa debe reconciliarse, no significa nunca probado"
src/pages/Psychosocial.tsx,pagina,/psychosocial,referenced_in_vault_depth_unverified,True,ff6250d9ab4f9078de01af95bb2985c5a721c21ec87ab18d2e1fb55e52f32f94,entrada,menú/URL/QR/push; arranque frío; demo frente a rama normal,"cola de contraste; evidencia previa debe reconciliarse, no significa nunca probado"
src/pages/Psychosocial.tsx,pagina,/psychosocial,referenced_in_vault_depth_unverified,True,ff6250d9ab4f9078de01af95bb2985c5a721c21ec87ab18d2e1fb55e52f32f94,datos,vacío/inválido/antiguo; unidades y fechas; procedencia real,"cola de contraste; evidencia previa debe reconciliarse, no significa nunca probado"
src/pages/Psychosocial.tsx,pagina,/psychosocial,referenced_in_vault_depth_unverified,True,ff6250d9ab4f9078de01af95bb2985c5a721c21ec87ab18d2e1fb55e52f32f94,red,online/offline; timeout/403/500; recuperación sin estado residual,"cola de contraste; evidencia previa debe reconciliarse, no significa nunca probado"
src/pages/Psychosocial.tsx,pagina,/psychosocial,referenced_in_vault_depth_unverified,True,ff6250d9ab4f9078de01af95bb2985c5a721c21ec87ab18d2e1fb55e52f32f94,mutacion,doble clic/reintento/concurrencia; idempotencia y auditoría,"cola de contraste; evidencia previa debe reconciliarse, no significa nunca probado"
src/pages/Psychosocial.tsx,pagina,/psychosocial,referenced_in_vault_depth_unverified,True,ff6250d9ab4f9078de01af95bb2985c5a721c21ec87ab18d2e1fb55e52f32f94,persistencia,guardar→leer de vuelta→recargar; cola→servidor→consumidor,"cola de contraste; evidencia previa debe reconciliarse, no significa nunca probado"
src/pages/Psychosocial.tsx,pagina,/psychosocial,referenced_in_vault_depth_unverified,True,ff6250d9ab4f9078de01af95bb2985c5a721c21ec87ab18d2e1fb55e52f32f94,ciclo_vida,background/proceso muerto; actualización PWA; versión antigua,"cola de contraste; evidencia previa debe reconciliarse, no significa nunca probado"
src/pages/Psychosocial.tsx,pagina,/psychosocial,referenced_in_vault_depth_unverified,True,ff6250d9ab4f9078de01af95bb2985c5a721c21ec87ab18d2e1fb55e52f32f94,salida,exportación/PDF/firma/compartir; integridad; revocación,"cola de contraste; evidencia previa debe reconciliarse, no significa nunca probado"
src/pages/Psychosocial.tsx,pagina,/psychosocial,referenced_in_vault_depth_unverified,True,ff6250d9ab4f9078de01af95bb2985c5a721c21ec87ab18d2e1fb55e52f32f94,dispositivo,web/Android; permisos revocados; OEM; sensores no disponibles,"cola de contraste; evidencia previa debe reconciliarse, no significa nunca probado"
src/pages/Psychosocial.tsx,pagina,/psychosocial,referenced_in_vault_depth_unverified,True,ff6250d9ab4f9078de01af95bb2985c5a721c21ec87ab18d2e1fb55e52f32f94,presentacion,idioma/accesibilidad; loading/error; no convertir falta de datos en seguro,"cola de contraste; evidencia previa debe reconciliarse, no significa nunca probado"
src/pages/PublicDemo.tsx,pagina,/demo,referenced_in_vault_depth_unverified,True,0e95e20efc1e8e1ad40f07808ff5e254ffe9057561afc398c6c50a43d6600483,identidad,anónimo/autenticado; rol permitido/denegado; sesión expirada/revocada,"cola de contraste; evidencia previa debe reconciliarse, no significa nunca probado"
src/pages/PublicDemo.tsx,pagina,/demo,referenced_in_vault_depth_unverified,True,0e95e20efc1e8e1ad40f07808ff5e254ffe9057561afc398c6c50a43d6600483,ambito,sin proyecto; A→B→A; cambio de empresa; respuesta tardía,"cola de contraste; evidencia previa debe reconciliarse, no significa nunca probado"
src/pages/PublicDemo.tsx,pagina,/demo,referenced_in_vault_depth_unverified,True,0e95e20efc1e8e1ad40f07808ff5e254ffe9057561afc398c6c50a43d6600483,entrada,menú/URL/QR/push; arranque frío; demo frente a rama normal,"cola de contraste; evidencia previa debe reconciliarse, no significa nunca probado"
src/pages/PublicDemo.tsx,pagina,/demo,referenced_in_vault_depth_unverified,True,0e95e20efc1e8e1ad40f07808ff5e254ffe9057561afc398c6c50a43d6600483,datos,vacío/inválido/antiguo; unidades y fechas; procedencia real,"cola de contraste; evidencia previa debe reconciliarse, no significa nunca probado"
src/pages/PublicDemo.tsx,pagina,/demo,referenced_in_vault_depth_unverified,True,0e95e20efc1e8e1ad40f07808ff5e254ffe9057561afc398c6c50a43d6600483,red,online/offline; timeout/403/500; recuperación sin estado residual,"cola de contraste; evidencia previa debe reconciliarse, no significa nunca probado"
src/pages/PublicDemo.tsx,pagina,/demo,referenced_in_vault_depth_unverified,True,0e95e20efc1e8e1ad40f07808ff5e254ffe9057561afc398c6c50a43d6600483,mutacion,doble clic/reintento/concurrencia; idempotencia y auditoría,"cola de contraste; evidencia previa debe reconciliarse, no significa nunca probado"
src/pages/PublicDemo.tsx,pagina,/demo,referenced_in_vault_depth_unverified,True,0e95e20efc1e8e1ad40f07808ff5e254ffe9057561afc398c6c50a43d6600483,persistencia,guardar→leer de vuelta→recargar; cola→servidor→consumidor,"cola de contraste; evidencia previa debe reconciliarse, no significa nunca probado"
src/pages/PublicDemo.tsx,pagina,/demo,referenced_in_vault_depth_unverified,True,0e95e20efc1e8e1ad40f07808ff5e254ffe9057561afc398c6c50a43d6600483,ciclo_vida,background/proceso muerto; actualización PWA; versión antigua,"cola de contraste; evidencia previa debe reconciliarse, no significa nunca probado"
src/pages/PublicDemo.tsx,pagina,/demo,referenced_in_vault_depth_unverified,True,0e95e20efc1e8e1ad40f07808ff5e254ffe9057561afc398c6c50a43d6600483,salida,exportación/PDF/firma/compartir; integridad; revocación,"cola de contraste; evidencia previa debe reconciliarse, no significa nunca probado"
src/pages/PublicDemo.tsx,pagina,/demo,referenced_in_vault_depth_unverified,True,0e95e20efc1e8e1ad40f07808ff5e254ffe9057561afc398c6c50a43d6600483,dispositivo,web/Android; permisos revocados; OEM; sensores no disponibles,"cola de contraste; evidencia previa debe reconciliarse, no significa nunca probado"
src/pages/PublicDemo.tsx,pagina,/demo,referenced_in_vault_depth_unverified,True,0e95e20efc1e8e1ad40f07808ff5e254ffe9057561afc398c6c50a43d6600483,presentacion,idioma/accesibilidad; loading/error; no convertir falta de datos en seguro,"cola de contraste; evidencia previa debe reconciliarse, no significa nunca probado"
src/pages/PublicNodeView.tsx,pagina,/public/node/:nodeId,referenced_in_vault_depth_unverified,True,8cc7a1f3187f0897394243503742929b0b18520fb66c6a75004f77d7dfc18f18,identidad,anónimo/autenticado; rol permitido/denegado; sesión expirada/revocada,"cola de contraste; evidencia previa debe reconciliarse, no significa nunca probado"
src/pages/PublicNodeView.tsx,pagina,/public/node/:nodeId,referenced_in_vault_depth_unverified,True,8cc7a1f3187f0897394243503742929b0b18520fb66c6a75004f77d7dfc18f18,ambito,sin proyecto; A→B→A; cambio de empresa; respuesta tardía,"cola de contraste; evidencia previa debe reconciliarse, no significa nunca probado"
src/pages/PublicNodeView.tsx,pagina,/public/node/:nodeId,referenced_in_vault_depth_unverified,True,8cc7a1f3187f0897394243503742929b0b18520fb66c6a75004f77d7dfc18f18,entrada,menú/URL/QR/push; arranque frío; demo frente a rama normal,"cola de contraste; evidencia previa debe reconciliarse, no significa nunca probado"
src/pages/PublicNodeView.tsx,pagina,/public/node/:nodeId,referenced_in_vault_depth_unverified,True,8cc7a1f3187f0897394243503742929b0b18520fb66c6a75004f77d7dfc18f18,datos,vacío/inválido/antiguo; unidades y fechas; procedencia real,"cola de contraste; evidencia previa debe reconciliarse, no significa nunca probado"
src/pages/PublicNodeView.tsx,pagina,/public/node/:nodeId,referenced_in_vault_depth_unverified,True,8cc7a1f3187f0897394243503742929b0b18520fb66c6a75004f77d7dfc18f18,red,online/offline; timeout/403/500; recuperación sin estado residual,"cola de contraste; evidencia previa debe reconciliarse, no significa nunca probado"
src/pages/PublicNodeView.tsx,pagina,/public/node/:nodeId,referenced_in_vault_depth_unverified,True,8cc7a1f3187f0897394243503742929b0b18520fb66c6a75004f77d7dfc18f18,mutacion,doble clic/reintento/concurrencia; idempotencia y auditoría,"cola de contraste; evidencia previa debe reconciliarse, no significa nunca probado"
src/pages/PublicNodeView.tsx,pagina,/public/node/:nodeId,referenced_in_vault_depth_unverified,True,8cc7a1f3187f0897394243503742929b0b18520fb66c6a75004f77d7dfc18f18,persistencia,guardar→leer de vuelta→recargar; cola→servidor→consumidor,"cola de contraste; evidencia previa debe reconciliarse, no significa nunca probado"
src/pages/PublicNodeView.tsx,pagina,/public/node/:nodeId,referenced_in_vault_depth_unverified,True,8cc7a1f3187f0897394243503742929b0b18520fb66c6a75004f77d7dfc18f18,ciclo_vida,background/proceso muerto; actualización PWA; versión antigua,"cola de contraste; evidencia previa debe reconciliarse, no significa nunca probado"
src/pages/PublicNodeView.tsx,pagina,/public/node/:nodeId,referenced_in_vault_depth_unverified,True,8cc7a1f3187f0897394243503742929b0b18520fb66c6a75004f77d7dfc18f18,salida,exportación/PDF/firma/compartir; integridad; revocación,"cola de contraste; evidencia previa debe reconciliarse, no significa nunca probado"
src/pages/PublicNodeView.tsx,pagina,/public/node/:nodeId,referenced_in_vault_depth_unverified,True,8cc7a1f3187f0897394243503742929b0b18520fb66c6a75004f77d7dfc18f18,dispositivo,web/Android; permisos revocados; OEM; sensores no disponibles,"cola de contraste; evidencia previa debe reconciliarse, no significa nunca probado"
src/pages/PublicNodeView.tsx,pagina,/public/node/:nodeId,referenced_in_vault_depth_unverified,True,8cc7a1f3187f0897394243503742929b0b18520fb66c6a75004f77d7dfc18f18,presentacion,idioma/accesibilidad; loading/error; no convertir falta de datos en seguro,"cola de contraste; evidencia previa debe reconciliarse, no significa nunca probado"
src/pages/QrSignature.tsx,pagina,/qr-signature,referenced_in_vault_depth_unverified,True,bc150ec7fe38b6e571dca5590fba8a9b6c96f9241e0f837e02946f25ae2fb93c,identidad,anónimo/autenticado; rol permitido/denegado; sesión expirada/revocada,"cola de contraste; evidencia previa debe reconciliarse, no significa nunca probado"
src/pages/QrSignature.tsx,pagina,/qr-signature,referenced_in_vault_depth_unverified,True,bc150ec7fe38b6e571dca5590fba8a9b6c96f9241e0f837e02946f25ae2fb93c,ambito,sin proyecto; A→B→A; cambio de empresa; respuesta tardía,"cola de contraste; evidencia previa debe reconciliarse, no significa nunca probado"
src/pages/QrSignature.tsx,pagina,/qr-signature,referenced_in_vault_depth_unverified,True,bc150ec7fe38b6e571dca5590fba8a9b6c96f9241e0f837e02946f25ae2fb93c,entrada,menú/URL/QR/push; arranque frío; demo frente a rama normal,"cola de contraste; evidencia previa debe reconciliarse, no significa nunca probado"
src/pages/QrSignature.tsx,pagina,/qr-signature,referenced_in_vault_depth_unverified,True,bc150ec7fe38b6e571dca5590fba8a9b6c96f9241e0f837e02946f25ae2fb93c,datos,vacío/inválido/antiguo; unidades y fechas; procedencia real,"cola de contraste; evidencia previa debe reconciliarse, no significa nunca probado"
src/pages/QrSignature.tsx,pagina,/qr-signature,referenced_in_vault_depth_unverified,True,bc150ec7fe38b6e571dca5590fba8a9b6c96f9241e0f837e02946f25ae2fb93c,red,online/offline; timeout/403/500; recuperación sin estado residual,"cola de contraste; evidencia previa debe reconciliarse, no significa nunca probado"
src/pages/QrSignature.tsx,pagina,/qr-signature,referenced_in_vault_depth_unverified,True,bc150ec7fe38b6e571dca5590fba8a9b6c96f9241e0f837e02946f25ae2fb93c,mutacion,doble clic/reintento/concurrencia; idempotencia y auditoría,"cola de contraste; evidencia previa debe reconciliarse, no significa nunca probado"
src/pages/QrSignature.tsx,pagina,/qr-signature,referenced_in_vault_depth_unverified,True,bc150ec7fe38b6e571dca5590fba8a9b6c96f9241e0f837e02946f25ae2fb93c,persistencia,guardar→leer de vuelta→recargar; cola→servidor→consumidor,"cola de contraste; evidencia previa debe reconciliarse, no significa nunca probado"
src/pages/QrSignature.tsx,pagina,/qr-signature,referenced_in_vault_depth_unverified,True,bc150ec7fe38b6e571dca5590fba8a9b6c96f9241e0f837e02946f25ae2fb93c,ciclo_vida,background/proceso muerto; actualización PWA; versión antigua,"cola de contraste; evidencia previa debe reconciliarse, no significa nunca probado"
src/pages/QrSignature.tsx,pagina,/qr-signature,referenced_in_vault_depth_unverified,True,bc150ec7fe38b6e571dca5590fba8a9b6c96f9241e0f837e02946f25ae2fb93c,salida,exportación/PDF/firma/compartir; integridad; revocación,"cola de contraste; evidencia previa debe reconciliarse, no significa nunca probado"
src/pages/QrSignature.tsx,pagina,/qr-signature,referenced_in_vault_depth_unverified,True,bc150ec7fe38b6e571dca5590fba8a9b6c96f9241e0f837e02946f25ae2fb93c,dispositivo,web/Android; permisos revocados; OEM; sensores no disponibles,"cola de contraste; evidencia previa debe reconciliarse, no significa nunca probado"
src/pages/QrSignature.tsx,pagina,/qr-signature,referenced_in_vault_depth_unverified,True,bc150ec7fe38b6e571dca5590fba8a9b6c96f9241e0f837e02946f25ae2fb93c,presentacion,idioma/accesibilidad; loading/error; no convertir falta de datos en seguro,"cola de contraste; evidencia previa debe reconciliarse, no significa nunca probado"
src/pages/RefereeAccept.tsx,pagina,/curriculum/referee/:token,referenced_in_vault_depth_unverified,True,2af99dec2668a3eb2011b007d244b9735442eb50210eff379b3ca4c0c98645a8,identidad,anónimo/autenticado; rol permitido/denegado; sesión expirada/revocada,"cola de contraste; evidencia previa debe reconciliarse, no significa nunca probado"
src/pages/RefereeAccept.tsx,pagina,/curriculum/referee/:token,referenced_in_vault_depth_unverified,True,2af99dec2668a3eb2011b007d244b9735442eb50210eff379b3ca4c0c98645a8,ambito,sin proyecto; A→B→A; cambio de empresa; respuesta tardía,"cola de contraste; evidencia previa debe reconciliarse, no significa nunca probado"
src/pages/RefereeAccept.tsx,pagina,/curriculum/referee/:token,referenced_in_vault_depth_unverified,True,2af99dec2668a3eb2011b007d244b9735442eb50210eff379b3ca4c0c98645a8,entrada,menú/URL/QR/push; arranque frío; demo frente a rama normal,"cola de contraste; evidencia previa debe reconciliarse, no significa nunca probado"
src/pages/RefereeAccept.tsx,pagina,/curriculum/referee/:token,referenced_in_vault_depth_unverified,True,2af99dec2668a3eb2011b007d244b9735442eb50210eff379b3ca4c0c98645a8,datos,vacío/inválido/antiguo; unidades y fechas; procedencia real,"cola de contraste; evidencia previa debe reconciliarse, no significa nunca probado"
src/pages/RefereeAccept.tsx,pagina,/curriculum/referee/:token,referenced_in_vault_depth_unverified,True,2af99dec2668a3eb2011b007d244b9735442eb50210eff379b3ca4c0c98645a8,red,online/offline; timeout/403/500; recuperación sin estado residual,"cola de contraste; evidencia previa debe reconciliarse, no significa nunca probado"
src/pages/RefereeAccept.tsx,pagina,/curriculum/referee/:token,referenced_in_vault_depth_unverified,True,2af99dec2668a3eb2011b007d244b9735442eb50210eff379b3ca4c0c98645a8,mutacion,doble clic/reintento/concurrencia; idempotencia y auditoría,"cola de contraste; evidencia previa debe reconciliarse, no significa nunca probado"
src/pages/RefereeAccept.tsx,pagina,/curriculum/referee/:token,referenced_in_vault_depth_unverified,True,2af99dec2668a3eb2011b007d244b9735442eb50210eff379b3ca4c0c98645a8,persistencia,guardar→leer de vuelta→recargar; cola→servidor→consumidor,"cola de contraste; evidencia previa debe reconciliarse, no significa nunca probado"
src/pages/RefereeAccept.tsx,pagina,/curriculum/referee/:token,referenced_in_vault_depth_unverified,True,2af99dec2668a3eb2011b007d244b9735442eb50210eff379b3ca4c0c98645a8,ciclo_vida,background/proceso muerto; actualización PWA; versión antigua,"cola de contraste; evidencia previa debe reconciliarse, no significa nunca probado"
src/pages/RefereeAccept.tsx,pagina,/curriculum/referee/:token,referenced_in_vault_depth_unverified,True,2af99dec2668a3eb2011b007d244b9735442eb50210eff379b3ca4c0c98645a8,salida,exportación/PDF/firma/compartir; integridad; revocación,"cola de contraste; evidencia previa debe reconciliarse, no significa nunca probado"
src/pages/RefereeAccept.tsx,pagina,/curriculum/referee/:token,referenced_in_vault_depth_unverified,True,2af99dec2668a3eb2011b007d244b9735442eb50210eff379b3ca4c0c98645a8,dispositivo,web/Android; permisos revocados; OEM; sensores no disponibles,"cola de contraste; evidencia previa debe reconciliarse, no significa nunca probado"
src/pages/RefereeAccept.tsx,pagina,/curriculum/referee/:token,referenced_in_vault_depth_unverified,True,2af99dec2668a3eb2011b007d244b9735442eb50210eff379b3ca4c0c98645a8,presentacion,idioma/accesibilidad; loading/error; no convertir falta de datos en seguro,"cola de contraste; evidencia previa debe reconciliarse, no significa nunca probado"
src/pages/Reglamentos.tsx,pagina,/reglamentos,referenced_in_vault_depth_unverified,True,3945054a1ad089f31edbc9d283dcd4d69aeff288a2b4fd29fa489479b7fcb6a7,identidad,anónimo/autenticado; rol permitido/denegado; sesión expirada/revocada,"cola de contraste; evidencia previa debe reconciliarse, no significa nunca probado"
src/pages/Reglamentos.tsx,pagina,/reglamentos,referenced_in_vault_depth_unverified,True,3945054a1ad089f31edbc9d283dcd4d69aeff288a2b4fd29fa489479b7fcb6a7,ambito,sin proyecto; A→B→A; cambio de empresa; respuesta tardía,"cola de contraste; evidencia previa debe reconciliarse, no significa nunca probado"
src/pages/Reglamentos.tsx,pagina,/reglamentos,referenced_in_vault_depth_unverified,True,3945054a1ad089f31edbc9d283dcd4d69aeff288a2b4fd29fa489479b7fcb6a7,entrada,menú/URL/QR/push; arranque frío; demo frente a rama normal,"cola de contraste; evidencia previa debe reconciliarse, no significa nunca probado"
src/pages/Reglamentos.tsx,pagina,/reglamentos,referenced_in_vault_depth_unverified,True,3945054a1ad089f31edbc9d283dcd4d69aeff288a2b4fd29fa489479b7fcb6a7,datos,vacío/inválido/antiguo; unidades y fechas; procedencia real,"cola de contraste; evidencia previa debe reconciliarse, no significa nunca probado"
src/pages/Reglamentos.tsx,pagina,/reglamentos,referenced_in_vault_depth_unverified,True,3945054a1ad089f31edbc9d283dcd4d69aeff288a2b4fd29fa489479b7fcb6a7,red,online/offline; timeout/403/500; recuperación sin estado residual,"cola de contraste; evidencia previa debe reconciliarse, no significa nunca probado"
src/pages/Reglamentos.tsx,pagina,/reglamentos,referenced_in_vault_depth_unverified,True,3945054a1ad089f31edbc9d283dcd4d69aeff288a2b4fd29fa489479b7fcb6a7,mutacion,doble clic/reintento/concurrencia; idempotencia y auditoría,"cola de contraste; evidencia previa debe reconciliarse, no significa nunca probado"
src/pages/Reglamentos.tsx,pagina,/reglamentos,referenced_in_vault_depth_unverified,True,3945054a1ad089f31edbc9d283dcd4d69aeff288a2b4fd29fa489479b7fcb6a7,persistencia,guardar→leer de vuelta→recargar; cola→servidor→consumidor,"cola de contraste; evidencia previa debe reconciliarse, no significa nunca probado"
src/pages/Reglamentos.tsx,pagina,/reglamentos,referenced_in_vault_depth_unverified,True,3945054a1ad089f31edbc9d283dcd4d69aeff288a2b4fd29fa489479b7fcb6a7,ciclo_vida,background/proceso muerto; actualización PWA; versión antigua,"cola de contraste; evidencia previa debe reconciliarse, no significa nunca probado"
src/pages/Reglamentos.tsx,pagina,/reglamentos,referenced_in_vault_depth_unverified,True,3945054a1ad089f31edbc9d283dcd4d69aeff288a2b4fd29fa489479b7fcb6a7,salida,exportación/PDF/firma/compartir; integridad; revocación,"cola de contraste; evidencia previa debe reconciliarse, no significa nunca probado"
src/pages/Reglamentos.tsx,pagina,/reglamentos,referenced_in_vault_depth_unverified,True,3945054a1ad089f31edbc9d283dcd4d69aeff288a2b4fd29fa489479b7fcb6a7,dispositivo,web/Android; permisos revocados; OEM; sensores no disponibles,"cola de contraste; evidencia previa debe reconciliarse, no significa nunca probado"
src/pages/Reglamentos.tsx,pagina,/reglamentos,referenced_in_vault_depth_unverified,True,3945054a1ad089f31edbc9d283dcd4d69aeff288a2b4fd29fa489479b7fcb6a7,presentacion,idioma/accesibilidad; loading/error; no convertir falta de datos en seguro,"cola de contraste; evidencia previa debe reconciliarse, no significa nunca probado"
src/pages/RepeatingRisks.tsx,pagina,/repeating-risks,referenced_in_vault_depth_unverified,True,2671f99a7c0969253851ecabb73f2a458591968359a373ea33e65ec04a75bff6,identidad,anónimo/autenticado; rol permitido/denegado; sesión expirada/revocada,"cola de contraste; evidencia previa debe reconciliarse, no significa nunca probado"
src/pages/RepeatingRisks.tsx,pagina,/repeating-risks,referenced_in_vault_depth_unverified,True,2671f99a7c0969253851ecabb73f2a458591968359a373ea33e65ec04a75bff6,ambito,sin proyecto; A→B→A; cambio de empresa; respuesta tardía,"cola de contraste; evidencia previa debe reconciliarse, no significa nunca probado"
src/pages/RepeatingRisks.tsx,pagina,/repeating-risks,referenced_in_vault_depth_unverified,True,2671f99a7c0969253851ecabb73f2a458591968359a373ea33e65ec04a75bff6,entrada,menú/URL/QR/push; arranque frío; demo frente a rama normal,"cola de contraste; evidencia previa debe reconciliarse, no significa nunca probado"
src/pages/RepeatingRisks.tsx,pagina,/repeating-risks,referenced_in_vault_depth_unverified,True,2671f99a7c0969253851ecabb73f2a458591968359a373ea33e65ec04a75bff6,datos,vacío/inválido/antiguo; unidades y fechas; procedencia real,"cola de contraste; evidencia previa debe reconciliarse, no significa nunca probado"
src/pages/RepeatingRisks.tsx,pagina,/repeating-risks,referenced_in_vault_depth_unverified,True,2671f99a7c0969253851ecabb73f2a458591968359a373ea33e65ec04a75bff6,red,online/offline; timeout/403/500; recuperación sin estado residual,"cola de contraste; evidencia previa debe reconciliarse, no significa nunca probado"
src/pages/RepeatingRisks.tsx,pagina,/repeating-risks,referenced_in_vault_depth_unverified,True,2671f99a7c0969253851ecabb73f2a458591968359a373ea33e65ec04a75bff6,mutacion,doble clic/reintento/concurrencia; idempotencia y auditoría,"cola de contraste; evidencia previa debe reconciliarse, no significa nunca probado"
src/pages/RepeatingRisks.tsx,pagina,/repeating-risks,referenced_in_vault_depth_unverified,True,2671f99a7c0969253851ecabb73f2a458591968359a373ea33e65ec04a75bff6,persistencia,guardar→leer de vuelta→recargar; cola→servidor→consumidor,"cola de contraste; evidencia previa debe reconciliarse, no significa nunca probado"
src/pages/RepeatingRisks.tsx,pagina,/repeating-risks,referenced_in_vault_depth_unverified,True,2671f99a7c0969253851ecabb73f2a458591968359a373ea33e65ec04a75bff6,ciclo_vida,background/proceso muerto; actualización PWA; versión antigua,"cola de contraste; evidencia previa debe reconciliarse, no significa nunca probado"
src/pages/RepeatingRisks.tsx,pagina,/repeating-risks,referenced_in_vault_depth_unverified,True,2671f99a7c0969253851ecabb73f2a458591968359a373ea33e65ec04a75bff6,salida,exportación/PDF/firma/compartir; integridad; revocación,"cola de contraste; evidencia previa debe reconciliarse, no significa nunca probado"
src/pages/RepeatingRisks.tsx,pagina,/repeating-risks,referenced_in_vault_depth_unverified,True,2671f99a7c0969253851ecabb73f2a458591968359a373ea33e65ec04a75bff6,dispositivo,web/Android; permisos revocados; OEM; sensores no disponibles,"cola de contraste; evidencia previa debe reconciliarse, no significa nunca probado"
src/pages/RepeatingRisks.tsx,pagina,/repeating-risks,referenced_in_vault_depth_unverified,True,2671f99a7c0969253851ecabb73f2a458591968359a373ea33e65ec04a75bff6,presentacion,idioma/accesibilidad; loading/error; no convertir falta de datos en seguro,"cola de contraste; evidencia previa debe reconciliarse, no significa nunca probado"
src/pages/ResidualRisk.tsx,pagina,/residual-risk,referenced_in_vault_depth_unverified,True,590e874c74de219a77cdfaf27f60b01d969d5795366090d2e9148cbba28f18e7,identidad,anónimo/autenticado; rol permitido/denegado; sesión expirada/revocada,"cola de contraste; evidencia previa debe reconciliarse, no significa nunca probado"
src/pages/ResidualRisk.tsx,pagina,/residual-risk,referenced_in_vault_depth_unverified,True,590e874c74de219a77cdfaf27f60b01d969d5795366090d2e9148cbba28f18e7,ambito,sin proyecto; A→B→A; cambio de empresa; respuesta tardía,"cola de contraste; evidencia previa debe reconciliarse, no significa nunca probado"
src/pages/ResidualRisk.tsx,pagina,/residual-risk,referenced_in_vault_depth_unverified,True,590e874c74de219a77cdfaf27f60b01d969d5795366090d2e9148cbba28f18e7,entrada,menú/URL/QR/push; arranque frío; demo frente a rama normal,"cola de contraste; evidencia previa debe reconciliarse, no significa nunca probado"
src/pages/ResidualRisk.tsx,pagina,/residual-risk,referenced_in_vault_depth_unverified,True,590e874c74de219a77cdfaf27f60b01d969d5795366090d2e9148cbba28f18e7,datos,vacío/inválido/antiguo; unidades y fechas; procedencia real,"cola de contraste; evidencia previa debe reconciliarse, no significa nunca probado"
src/pages/ResidualRisk.tsx,pagina,/residual-risk,referenced_in_vault_depth_unverified,True,590e874c74de219a77cdfaf27f60b01d969d5795366090d2e9148cbba28f18e7,red,online/offline; timeout/403/500; recuperación sin estado residual,"cola de contraste; evidencia previa debe reconciliarse, no significa nunca probado"
src/pages/ResidualRisk.tsx,pagina,/residual-risk,referenced_in_vault_depth_unverified,True,590e874c74de219a77cdfaf27f60b01d969d5795366090d2e9148cbba28f18e7,mutacion,doble clic/reintento/concurrencia; idempotencia y auditoría,"cola de contraste; evidencia previa debe reconciliarse, no significa nunca probado"
src/pages/ResidualRisk.tsx,pagina,/residual-risk,referenced_in_vault_depth_unverified,True,590e874c74de219a77cdfaf27f60b01d969d5795366090d2e9148cbba28f18e7,persistencia,guardar→leer de vuelta→recargar; cola→servidor→consumidor,"cola de contraste; evidencia previa debe reconciliarse, no significa nunca probado"
src/pages/ResidualRisk.tsx,pagina,/residual-risk,referenced_in_vault_depth_unverified,True,590e874c74de219a77cdfaf27f60b01d969d5795366090d2e9148cbba28f18e7,ciclo_vida,background/proceso muerto; actualización PWA; versión antigua,"cola de contraste; evidencia previa debe reconciliarse, no significa nunca probado"
src/pages/ResidualRisk.tsx,pagina,/residual-risk,referenced_in_vault_depth_unverified,True,590e874c74de219a77cdfaf27f60b01d969d5795366090d2e9148cbba28f18e7,salida,exportación/PDF/firma/compartir; integridad; revocación,"cola de contraste; evidencia previa debe reconciliarse, no significa nunca probado"
src/pages/ResidualRisk.tsx,pagina,/residual-risk,referenced_in_vault_depth_unverified,True,590e874c74de219a77cdfaf27f60b01d969d5795366090d2e9148cbba28f18e7,dispositivo,web/Android; permisos revocados; OEM; sensores no disponibles,"cola de contraste; evidencia previa debe reconciliarse, no significa nunca probado"
src/pages/ResidualRisk.tsx,pagina,/residual-risk,referenced_in_vault_depth_unverified,True,590e874c74de219a77cdfaf27f60b01d969d5795366090d2e9148cbba28f18e7,presentacion,idioma/accesibilidad; loading/error; no convertir falta de datos en seguro,"cola de contraste; evidencia previa debe reconciliarse, no significa nunca probado"
src/pages/RestrictedZonesEditor.tsx,pagina,/restricted-zones,referenced_in_vault_depth_unverified,True,24fa84269fc815c6d3d5d2b327931f22836db670f86e64905a50aeddf98e2db6,identidad,anónimo/autenticado; rol permitido/denegado; sesión expirada/revocada,"cola de contraste; evidencia previa debe reconciliarse, no significa nunca probado"
src/pages/RestrictedZonesEditor.tsx,pagina,/restricted-zones,referenced_in_vault_depth_unverified,True,24fa84269fc815c6d3d5d2b327931f22836db670f86e64905a50aeddf98e2db6,ambito,sin proyecto; A→B→A; cambio de empresa; respuesta tardía,"cola de contraste; evidencia previa debe reconciliarse, no significa nunca probado"
src/pages/RestrictedZonesEditor.tsx,pagina,/restricted-zones,referenced_in_vault_depth_unverified,True,24fa84269fc815c6d3d5d2b327931f22836db670f86e64905a50aeddf98e2db6,entrada,menú/URL/QR/push; arranque frío; demo frente a rama normal,"cola de contraste; evidencia previa debe reconciliarse, no significa nunca probado"
src/pages/RestrictedZonesEditor.tsx,pagina,/restricted-zones,referenced_in_vault_depth_unverified,True,24fa84269fc815c6d3d5d2b327931f22836db670f86e64905a50aeddf98e2db6,datos,vacío/inválido/antiguo; unidades y fechas; procedencia real,"cola de contraste; evidencia previa debe reconciliarse, no significa nunca probado"
src/pages/RestrictedZonesEditor.tsx,pagina,/restricted-zones,referenced_in_vault_depth_unverified,True,24fa84269fc815c6d3d5d2b327931f22836db670f86e64905a50aeddf98e2db6,red,online/offline; timeout/403/500; recuperación sin estado residual,"cola de contraste; evidencia previa debe reconciliarse, no significa nunca probado"
src/pages/RestrictedZonesEditor.tsx,pagina,/restricted-zones,referenced_in_vault_depth_unverified,True,24fa84269fc815c6d3d5d2b327931f22836db670f86e64905a50aeddf98e2db6,mutacion,doble clic/reintento/concurrencia; idempotencia y auditoría,"cola de contraste; evidencia previa debe reconciliarse, no significa nunca probado"
src/pages/RestrictedZonesEditor.tsx,pagina,/restricted-zones,referenced_in_vault_depth_unverified,True,24fa84269fc815c6d3d5d2b327931f22836db670f86e64905a50aeddf98e2db6,persistencia,guardar→leer de vuelta→recargar; cola→servidor→consumidor,"cola de contraste; evidencia previa debe reconciliarse, no significa nunca probado"
src/pages/RestrictedZonesEditor.tsx,pagina,/restricted-zones,referenced_in_vault_depth_unverified,True,24fa84269fc815c6d3d5d2b327931f22836db670f86e64905a50aeddf98e2db6,ciclo_vida,background/proceso muerto; actualización PWA; versión antigua,"cola de contraste; evidencia previa debe reconciliarse, no significa nunca probado"
src/pages/RestrictedZonesEditor.tsx,pagina,/restricted-zones,referenced_in_vault_depth_unverified,True,24fa84269fc815c6d3d5d2b327931f22836db670f86e64905a50aeddf98e2db6,salida,exportación/PDF/firma/compartir; integridad; revocación,"cola de contraste; evidencia previa debe reconciliarse, no significa nunca probado"
src/pages/RestrictedZonesEditor.tsx,pagina,/restricted-zones,referenced_in_vault_depth_unverified,True,24fa84269fc815c6d3d5d2b327931f22836db670f86e64905a50aeddf98e2db6,dispositivo,web/Android; permisos revocados; OEM; sensores no disponibles,"cola de contraste; evidencia previa debe reconciliarse, no significa nunca probado"
src/pages/RestrictedZonesEditor.tsx,pagina,/restricted-zones,referenced_in_vault_depth_unverified,True,24fa84269fc815c6d3d5d2b327931f22836db670f86e64905a50aeddf98e2db6,presentacion,idioma/accesibilidad; loading/error; no convertir falta de datos en seguro,"cola de contraste; evidencia previa debe reconciliarse, no significa nunca probado"
src/pages/RetaliationProtectionPage.tsx,pagina,/retaliation-protection,referenced_in_vault_depth_unverified,True,5ccf81a2c24edc0374338c861f65c5b228e8638571d2d229cae422c6ff679206,identidad,anónimo/autenticado; rol permitido/denegado; sesión expirada/revocada,"cola de contraste; evidencia previa debe reconciliarse, no significa nunca probado"
src/pages/RetaliationProtectionPage.tsx,pagina,/retaliation-protection,referenced_in_vault_depth_unverified,True,5ccf81a2c24edc0374338c861f65c5b228e8638571d2d229cae422c6ff679206,ambito,sin proyecto; A→B→A; cambio de empresa; respuesta tardía,"cola de contraste; evidencia previa debe reconciliarse, no significa nunca probado"
src/pages/RetaliationProtectionPage.tsx,pagina,/retaliation-protection,referenced_in_vault_depth_unverified,True,5ccf81a2c24edc0374338c861f65c5b228e8638571d2d229cae422c6ff679206,entrada,menú/URL/QR/push; arranque frío; demo frente a rama normal,"cola de contraste; evidencia previa debe reconciliarse, no significa nunca probado"
src/pages/RetaliationProtectionPage.tsx,pagina,/retaliation-protection,referenced_in_vault_depth_unverified,True,5ccf81a2c24edc0374338c861f65c5b228e8638571d2d229cae422c6ff679206,datos,vacío/inválido/antiguo; unidades y fechas; procedencia real,"cola de contraste; evidencia previa debe reconciliarse, no significa nunca probado"
src/pages/RetaliationProtectionPage.tsx,pagina,/retaliation-protection,referenced_in_vault_depth_unverified,True,5ccf81a2c24edc0374338c861f65c5b228e8638571d2d229cae422c6ff679206,red,online/offline; timeout/403/500; recuperación sin estado residual,"cola de contraste; evidencia previa debe reconciliarse, no significa nunca probado"
src/pages/RetaliationProtectionPage.tsx,pagina,/retaliation-protection,referenced_in_vault_depth_unverified,True,5ccf81a2c24edc0374338c861f65c5b228e8638571d2d229cae422c6ff679206,mutacion,doble clic/reintento/concurrencia; idempotencia y auditoría,"cola de contraste; evidencia previa debe reconciliarse, no significa nunca probado"
src/pages/RetaliationProtectionPage.tsx,pagina,/retaliation-protection,referenced_in_vault_depth_unverified,True,5ccf81a2c24edc0374338c861f65c5b228e8638571d2d229cae422c6ff679206,persistencia,guardar→leer de vuelta→recargar; cola→servidor→consumidor,"cola de contraste; evidencia previa debe reconciliarse, no significa nunca probado"
src/pages/RetaliationProtectionPage.tsx,pagina,/retaliation-protection,referenced_in_vault_depth_unverified,True,5ccf81a2c24edc0374338c861f65c5b228e8638571d2d229cae422c6ff679206,ciclo_vida,background/proceso muerto; actualización PWA; versión antigua,"cola de contraste; evidencia previa debe reconciliarse, no significa nunca probado"
src/pages/RetaliationProtectionPage.tsx,pagina,/retaliation-protection,referenced_in_vault_depth_unverified,True,5ccf81a2c24edc0374338c861f65c5b228e8638571d2d229cae422c6ff679206,salida,exportación/PDF/firma/compartir; integridad; revocación,"cola de contraste; evidencia previa debe reconciliarse, no significa nunca probado"
src/pages/RetaliationProtectionPage.tsx,pagina,/retaliation-protection,referenced_in_vault_depth_unverified,True,5ccf81a2c24edc0374338c861f65c5b228e8638571d2d229cae422c6ff679206,dispositivo,web/Android; permisos revocados; OEM; sensores no disponibles,"cola de contraste; evidencia previa debe reconciliarse, no significa nunca probado"
src/pages/RetaliationProtectionPage.tsx,pagina,/retaliation-protection,referenced_in_vault_depth_unverified,True,5ccf81a2c24edc0374338c861f65c5b228e8638571d2d229cae422c6ff679206,presentacion,idioma/accesibilidad; loading/error; no convertir falta de datos en seguro,"cola de contraste; evidencia previa debe reconciliarse, no significa nunca probado"
src/pages/ReturnToWorkPage.tsx,pagina,/return-to-work,referenced_in_vault_depth_unverified,True,1a0feac9ad7e0ee00f53bbce50088fbd5ec59852ea7357e685870ab6200bad5c,identidad,anónimo/autenticado; rol permitido/denegado; sesión expirada/revocada,"cola de contraste; evidencia previa debe reconciliarse, no significa nunca probado"
src/pages/ReturnToWorkPage.tsx,pagina,/return-to-work,referenced_in_vault_depth_unverified,True,1a0feac9ad7e0ee00f53bbce50088fbd5ec59852ea7357e685870ab6200bad5c,ambito,sin proyecto; A→B→A; cambio de empresa; respuesta tardía,"cola de contraste; evidencia previa debe reconciliarse, no significa nunca probado"
src/pages/ReturnToWorkPage.tsx,pagina,/return-to-work,referenced_in_vault_depth_unverified,True,1a0feac9ad7e0ee00f53bbce50088fbd5ec59852ea7357e685870ab6200bad5c,entrada,menú/URL/QR/push; arranque frío; demo frente a rama normal,"cola de contraste; evidencia previa debe reconciliarse, no significa nunca probado"
src/pages/ReturnToWorkPage.tsx,pagina,/return-to-work,referenced_in_vault_depth_unverified,True,1a0feac9ad7e0ee00f53bbce50088fbd5ec59852ea7357e685870ab6200bad5c,datos,vacío/inválido/antiguo; unidades y fechas; procedencia real,"cola de contraste; evidencia previa debe reconciliarse, no significa nunca probado"
src/pages/ReturnToWorkPage.tsx,pagina,/return-to-work,referenced_in_vault_depth_unverified,True,1a0feac9ad7e0ee00f53bbce50088fbd5ec59852ea7357e685870ab6200bad5c,red,online/offline; timeout/403/500; recuperación sin estado residual,"cola de contraste; evidencia previa debe reconciliarse, no significa nunca probado"
src/pages/ReturnToWorkPage.tsx,pagina,/return-to-work,referenced_in_vault_depth_unverified,True,1a0feac9ad7e0ee00f53bbce50088fbd5ec59852ea7357e685870ab6200bad5c,mutacion,doble clic/reintento/concurrencia; idempotencia y auditoría,"cola de contraste; evidencia previa debe reconciliarse, no significa nunca probado"
src/pages/ReturnToWorkPage.tsx,pagina,/return-to-work,referenced_in_vault_depth_unverified,True,1a0feac9ad7e0ee00f53bbce50088fbd5ec59852ea7357e685870ab6200bad5c,persistencia,guardar→leer de vuelta→recargar; cola→servidor→consumidor,"cola de contraste; evidencia previa debe reconciliarse, no significa nunca probado"
src/pages/ReturnToWorkPage.tsx,pagina,/return-to-work,referenced_in_vault_depth_unverified,True,1a0feac9ad7e0ee00f53bbce50088fbd5ec59852ea7357e685870ab6200bad5c,ciclo_vida,background/proceso muerto; actualización PWA; versión antigua,"cola de contraste; evidencia previa debe reconciliarse, no significa nunca probado"
src/pages/ReturnToWorkPage.tsx,pagina,/return-to-work,referenced_in_vault_depth_unverified,True,1a0feac9ad7e0ee00f53bbce50088fbd5ec59852ea7357e685870ab6200bad5c,salida,exportación/PDF/firma/compartir; integridad; revocación,"cola de contraste; evidencia previa debe reconciliarse, no significa nunca probado"
src/pages/ReturnToWorkPage.tsx,pagina,/return-to-work,referenced_in_vault_depth_unverified,True,1a0feac9ad7e0ee00f53bbce50088fbd5ec59852ea7357e685870ab6200bad5c,dispositivo,web/Android; permisos revocados; OEM; sensores no disponibles,"cola de contraste; evidencia previa debe reconciliarse, no significa nunca probado"
src/pages/ReturnToWorkPage.tsx,pagina,/return-to-work,referenced_in_vault_depth_unverified,True,1a0feac9ad7e0ee00f53bbce50088fbd5ec59852ea7357e685870ab6200bad5c,presentacion,idioma/accesibilidad; loading/error; no convertir falta de datos en seguro,"cola de contraste; evidencia previa debe reconciliarse, no significa nunca probado"
src/pages/RiskNetwork.tsx,pagina,/risk-network,referenced_in_vault_depth_unverified,True,93ead17c4e3ac2084c454dc09c05fe6473afba0ef96e3f47a47093d033593011,identidad,anónimo/autenticado; rol permitido/denegado; sesión expirada/revocada,"cola de contraste; evidencia previa debe reconciliarse, no significa nunca probado"
src/pages/RiskNetwork.tsx,pagina,/risk-network,referenced_in_vault_depth_unverified,True,93ead17c4e3ac2084c454dc09c05fe6473afba0ef96e3f47a47093d033593011,ambito,sin proyecto; A→B→A; cambio de empresa; respuesta tardía,"cola de contraste; evidencia previa debe reconciliarse, no significa nunca probado"
src/pages/RiskNetwork.tsx,pagina,/risk-network,referenced_in_vault_depth_unverified,True,93ead17c4e3ac2084c454dc09c05fe6473afba0ef96e3f47a47093d033593011,entrada,menú/URL/QR/push; arranque frío; demo frente a rama normal,"cola de contraste; evidencia previa debe reconciliarse, no significa nunca probado"
src/pages/RiskNetwork.tsx,pagina,/risk-network,referenced_in_vault_depth_unverified,True,93ead17c4e3ac2084c454dc09c05fe6473afba0ef96e3f47a47093d033593011,datos,vacío/inválido/antiguo; unidades y fechas; procedencia real,"cola de contraste; evidencia previa debe reconciliarse, no significa nunca probado"
src/pages/RiskNetwork.tsx,pagina,/risk-network,referenced_in_vault_depth_unverified,True,93ead17c4e3ac2084c454dc09c05fe6473afba0ef96e3f47a47093d033593011,red,online/offline; timeout/403/500; recuperación sin estado residual,"cola de contraste; evidencia previa debe reconciliarse, no significa nunca probado"
src/pages/RiskNetwork.tsx,pagina,/risk-network,referenced_in_vault_depth_unverified,True,93ead17c4e3ac2084c454dc09c05fe6473afba0ef96e3f47a47093d033593011,mutacion,doble clic/reintento/concurrencia; idempotencia y auditoría,"cola de contraste; evidencia previa debe reconciliarse, no significa nunca probado"
src/pages/RiskNetwork.tsx,pagina,/risk-network,referenced_in_vault_depth_unverified,True,93ead17c4e3ac2084c454dc09c05fe6473afba0ef96e3f47a47093d033593011,persistencia,guardar→leer de vuelta→recargar; cola→servidor→consumidor,"cola de contraste; evidencia previa debe reconciliarse, no significa nunca probado"
src/pages/RiskNetwork.tsx,pagina,/risk-network,referenced_in_vault_depth_unverified,True,93ead17c4e3ac2084c454dc09c05fe6473afba0ef96e3f47a47093d033593011,ciclo_vida,background/proceso muerto; actualización PWA; versión antigua,"cola de contraste; evidencia previa debe reconciliarse, no significa nunca probado"
src/pages/RiskNetwork.tsx,pagina,/risk-network,referenced_in_vault_depth_unverified,True,93ead17c4e3ac2084c454dc09c05fe6473afba0ef96e3f47a47093d033593011,salida,exportación/PDF/firma/compartir; integridad; revocación,"cola de contraste; evidencia previa debe reconciliarse, no significa nunca probado"
src/pages/RiskNetwork.tsx,pagina,/risk-network,referenced_in_vault_depth_unverified,True,93ead17c4e3ac2084c454dc09c05fe6473afba0ef96e3f47a47093d033593011,dispositivo,web/Android; permisos revocados; OEM; sensores no disponibles,"cola de contraste; evidencia previa debe reconciliarse, no significa nunca probado"
src/pages/RiskNetwork.tsx,pagina,/risk-network,referenced_in_vault_depth_unverified,True,93ead17c4e3ac2084c454dc09c05fe6473afba0ef96e3f47a47093d033593011,presentacion,idioma/accesibilidad; loading/error; no convertir falta de datos en seguro,"cola de contraste; evidencia previa debe reconciliarse, no significa nunca probado"
src/pages/Risks.tsx,pagina,/risks,referenced_in_vault_depth_unverified,True,13bb25fe8ef549c533e56578ff747cac5cc4a3eded390c0d102a6a5bbec17520,identidad,anónimo/autenticado; rol permitido/denegado; sesión expirada/revocada,"cola de contraste; evidencia previa debe reconciliarse, no significa nunca probado"
src/pages/Risks.tsx,pagina,/risks,referenced_in_vault_depth_unverified,True,13bb25fe8ef549c533e56578ff747cac5cc4a3eded390c0d102a6a5bbec17520,ambito,sin proyecto; A→B→A; cambio de empresa; respuesta tardía,"cola de contraste; evidencia previa debe reconciliarse, no significa nunca probado"
src/pages/Risks.tsx,pagina,/risks,referenced_in_vault_depth_unverified,True,13bb25fe8ef549c533e56578ff747cac5cc4a3eded390c0d102a6a5bbec17520,entrada,menú/URL/QR/push; arranque frío; demo frente a rama normal,"cola de contraste; evidencia previa debe reconciliarse, no significa nunca probado"
src/pages/Risks.tsx,pagina,/risks,referenced_in_vault_depth_unverified,True,13bb25fe8ef549c533e56578ff747cac5cc4a3eded390c0d102a6a5bbec17520,datos,vacío/inválido/antiguo; unidades y fechas; procedencia real,"cola de contraste; evidencia previa debe reconciliarse, no significa nunca probado"
src/pages/Risks.tsx,pagina,/risks,referenced_in_vault_depth_unverified,True,13bb25fe8ef549c533e56578ff747cac5cc4a3eded390c0d102a6a5bbec17520,red,online/offline; timeout/403/500; recuperación sin estado residual,"cola de contraste; evidencia previa debe reconciliarse, no significa nunca probado"
src/pages/Risks.tsx,pagina,/risks,referenced_in_vault_depth_unverified,True,13bb25fe8ef549c533e56578ff747cac5cc4a3eded390c0d102a6a5bbec17520,mutacion,doble clic/reintento/concurrencia; idempotencia y auditoría,"cola de contraste; evidencia previa debe reconciliarse, no significa nunca probado"
src/pages/Risks.tsx,pagina,/risks,referenced_in_vault_depth_unverified,True,13bb25fe8ef549c533e56578ff747cac5cc4a3eded390c0d102a6a5bbec17520,persistencia,guardar→leer de vuelta→recargar; cola→servidor→consumidor,"cola de contraste; evidencia previa debe reconciliarse, no significa nunca probado"
src/pages/Risks.tsx,pagina,/risks,referenced_in_vault_depth_unverified,True,13bb25fe8ef549c533e56578ff747cac5cc4a3eded390c0d102a6a5bbec17520,ciclo_vida,background/proceso muerto; actualización PWA; versión antigua,"cola de contraste; evidencia previa debe reconciliarse, no significa nunca probado"
src/pages/Risks.tsx,pagina,/risks,referenced_in_vault_depth_unverified,True,13bb25fe8ef549c533e56578ff747cac5cc4a3eded390c0d102a6a5bbec17520,salida,exportación/PDF/firma/compartir; integridad; revocación,"cola de contraste; evidencia previa debe reconciliarse, no significa nunca probado"
src/pages/Risks.tsx,pagina,/risks,referenced_in_vault_depth_unverified,True,13bb25fe8ef549c533e56578ff747cac5cc4a3eded390c0d102a6a5bbec17520,dispositivo,web/Android; permisos revocados; OEM; sensores no disponibles,"cola de contraste; evidencia previa debe reconciliarse, no significa nunca probado"
src/pages/Risks.tsx,pagina,/risks,referenced_in_vault_depth_unverified,True,13bb25fe8ef549c533e56578ff747cac5cc4a3eded390c0d102a6a5bbec17520,presentacion,idioma/accesibilidad; loading/error; no convertir falta de datos en seguro,"cola de contraste; evidencia previa debe reconciliarse, no significa nunca probado"
src/pages/RootCauseInvestigation.tsx,pagina,/root-cause,referenced_in_vault_depth_unverified,True,d7d34bef5b6de18923461388795f4edcf40d5a63ee5f646ec20ebe45bef86a1d,identidad,anónimo/autenticado; rol permitido/denegado; sesión expirada/revocada,"cola de contraste; evidencia previa debe reconciliarse, no significa nunca probado"
src/pages/RootCauseInvestigation.tsx,pagina,/root-cause,referenced_in_vault_depth_unverified,True,d7d34bef5b6de18923461388795f4edcf40d5a63ee5f646ec20ebe45bef86a1d,ambito,sin proyecto; A→B→A; cambio de empresa; respuesta tardía,"cola de contraste; evidencia previa debe reconciliarse, no significa nunca probado"
src/pages/RootCauseInvestigation.tsx,pagina,/root-cause,referenced_in_vault_depth_unverified,True,d7d34bef5b6de18923461388795f4edcf40d5a63ee5f646ec20ebe45bef86a1d,entrada,menú/URL/QR/push; arranque frío; demo frente a rama normal,"cola de contraste; evidencia previa debe reconciliarse, no significa nunca probado"
src/pages/RootCauseInvestigation.tsx,pagina,/root-cause,referenced_in_vault_depth_unverified,True,d7d34bef5b6de18923461388795f4edcf40d5a63ee5f646ec20ebe45bef86a1d,datos,vacío/inválido/antiguo; unidades y fechas; procedencia real,"cola de contraste; evidencia previa debe reconciliarse, no significa nunca probado"
src/pages/RootCauseInvestigation.tsx,pagina,/root-cause,referenced_in_vault_depth_unverified,True,d7d34bef5b6de18923461388795f4edcf40d5a63ee5f646ec20ebe45bef86a1d,red,online/offline; timeout/403/500; recuperación sin estado residual,"cola de contraste; evidencia previa debe reconciliarse, no significa nunca probado"
src/pages/RootCauseInvestigation.tsx,pagina,/root-cause,referenced_in_vault_depth_unverified,True,d7d34bef5b6de18923461388795f4edcf40d5a63ee5f646ec20ebe45bef86a1d,mutacion,doble clic/reintento/concurrencia; idempotencia y auditoría,"cola de contraste; evidencia previa debe reconciliarse, no significa nunca probado"
src/pages/RootCauseInvestigation.tsx,pagina,/root-cause,referenced_in_vault_depth_unverified,True,d7d34bef5b6de18923461388795f4edcf40d5a63ee5f646ec20ebe45bef86a1d,persistencia,guardar→leer de vuelta→recargar; cola→servidor→consumidor,"cola de contraste; evidencia previa debe reconciliarse, no significa nunca probado"
src/pages/RootCauseInvestigation.tsx,pagina,/root-cause,referenced_in_vault_depth_unverified,True,d7d34bef5b6de18923461388795f4edcf40d5a63ee5f646ec20ebe45bef86a1d,ciclo_vida,background/proceso muerto; actualización PWA; versión antigua,"cola de contraste; evidencia previa debe reconciliarse, no significa nunca probado"
src/pages/RootCauseInvestigation.tsx,pagina,/root-cause,referenced_in_vault_depth_unverified,True,d7d34bef5b6de18923461388795f4edcf40d5a63ee5f646ec20ebe45bef86a1d,salida,exportación/PDF/firma/compartir; integridad; revocación,"cola de contraste; evidencia previa debe reconciliarse, no significa nunca probado"
src/pages/RootCauseInvestigation.tsx,pagina,/root-cause,referenced_in_vault_depth_unverified,True,d7d34bef5b6de18923461388795f4edcf40d5a63ee5f646ec20ebe45bef86a1d,dispositivo,web/Android; permisos revocados; OEM; sensores no disponibles,"cola de contraste; evidencia previa debe reconciliarse, no significa nunca probado"
src/pages/RootCauseInvestigation.tsx,pagina,/root-cause,referenced_in_vault_depth_unverified,True,d7d34bef5b6de18923461388795f4edcf40d5a63ee5f646ec20ebe45bef86a1d,presentacion,idioma/accesibilidad; loading/error; no convertir falta de datos en seguro,"cola de contraste; evidencia previa debe reconciliarse, no significa nunca probado"
src/pages/SSOConfig.tsx,pagina,/sso-config,inventoried_only,True,f53c1fc47a225eae2911cca9a477350675bee62da8d49deee1fb35929eccc4ef,identidad,anónimo/autenticado; rol permitido/denegado; sesión expirada/revocada,"cola de contraste; evidencia previa debe reconciliarse, no significa nunca probado"
src/pages/SSOConfig.tsx,pagina,/sso-config,inventoried_only,True,f53c1fc47a225eae2911cca9a477350675bee62da8d49deee1fb35929eccc4ef,ambito,sin proyecto; A→B→A; cambio de empresa; respuesta tardía,"cola de contraste; evidencia previa debe reconciliarse, no significa nunca probado"
src/pages/SSOConfig.tsx,pagina,/sso-config,inventoried_only,True,f53c1fc47a225eae2911cca9a477350675bee62da8d49deee1fb35929eccc4ef,entrada,menú/URL/QR/push; arranque frío; demo frente a rama normal,"cola de contraste; evidencia previa debe reconciliarse, no significa nunca probado"
src/pages/SSOConfig.tsx,pagina,/sso-config,inventoried_only,True,f53c1fc47a225eae2911cca9a477350675bee62da8d49deee1fb35929eccc4ef,datos,vacío/inválido/antiguo; unidades y fechas; procedencia real,"cola de contraste; evidencia previa debe reconciliarse, no significa nunca probado"
src/pages/SSOConfig.tsx,pagina,/sso-config,inventoried_only,True,f53c1fc47a225eae2911cca9a477350675bee62da8d49deee1fb35929eccc4ef,red,online/offline; timeout/403/500; recuperación sin estado residual,"cola de contraste; evidencia previa debe reconciliarse, no significa nunca probado"
src/pages/SSOConfig.tsx,pagina,/sso-config,inventoried_only,True,f53c1fc47a225eae2911cca9a477350675bee62da8d49deee1fb35929eccc4ef,mutacion,doble clic/reintento/concurrencia; idempotencia y auditoría,"cola de contraste; evidencia previa debe reconciliarse, no significa nunca probado"
src/pages/SSOConfig.tsx,pagina,/sso-config,inventoried_only,True,f53c1fc47a225eae2911cca9a477350675bee62da8d49deee1fb35929eccc4ef,persistencia,guardar→leer de vuelta→recargar; cola→servidor→consumidor,"cola de contraste; evidencia previa debe reconciliarse, no significa nunca probado"
src/pages/SSOConfig.tsx,pagina,/sso-config,inventoried_only,True,f53c1fc47a225eae2911cca9a477350675bee62da8d49deee1fb35929eccc4ef,ciclo_vida,background/proceso muerto; actualización PWA; versión antigua,"cola de contraste; evidencia previa debe reconciliarse, no significa nunca probado"
src/pages/SSOConfig.tsx,pagina,/sso-config,inventoried_only,True,f53c1fc47a225eae2911cca9a477350675bee62da8d49deee1fb35929eccc4ef,salida,exportación/PDF/firma/compartir; integridad; revocación,"cola de contraste; evidencia previa debe reconciliarse, no significa nunca probado"
src/pages/SSOConfig.tsx,pagina,/sso-config,inventoried_only,True,f53c1fc47a225eae2911cca9a477350675bee62da8d49deee1fb35929eccc4ef,dispositivo,web/Android; permisos revocados; OEM; sensores no disponibles,"cola de contraste; evidencia previa debe reconciliarse, no significa nunca probado"
src/pages/SSOConfig.tsx,pagina,/sso-config,inventoried_only,True,f53c1fc47a225eae2911cca9a477350675bee62da8d49deee1fb35929eccc4ef,presentacion,idioma/accesibilidad; loading/error; no convertir falta de datos en seguro,"cola de contraste; evidencia previa debe reconciliarse, no significa nunca probado"
src/pages/SafeDriving.tsx,pagina,/driving-incidents | /driving-safety,inventoried_only,True,982393cc05a7b1e54dccc712afb459606616538d843db4a2d86a3a84bce90c2a,identidad,anónimo/autenticado; rol permitido/denegado; sesión expirada/revocada,"cola de contraste; evidencia previa debe reconciliarse, no significa nunca probado"
src/pages/SafeDriving.tsx,pagina,/driving-incidents | /driving-safety,inventoried_only,True,982393cc05a7b1e54dccc712afb459606616538d843db4a2d86a3a84bce90c2a,ambito,sin proyecto; A→B→A; cambio de empresa; respuesta tardía,"cola de contraste; evidencia previa debe reconciliarse, no significa nunca probado"
src/pages/SafeDriving.tsx,pagina,/driving-incidents | /driving-safety,inventoried_only,True,982393cc05a7b1e54dccc712afb459606616538d843db4a2d86a3a84bce90c2a,entrada,menú/URL/QR/push; arranque frío; demo frente a rama normal,"cola de contraste; evidencia previa debe reconciliarse, no significa nunca probado"
src/pages/SafeDriving.tsx,pagina,/driving-incidents | /driving-safety,inventoried_only,True,982393cc05a7b1e54dccc712afb459606616538d843db4a2d86a3a84bce90c2a,datos,vacío/inválido/antiguo; unidades y fechas; procedencia real,"cola de contraste; evidencia previa debe reconciliarse, no significa nunca probado"
src/pages/SafeDriving.tsx,pagina,/driving-incidents | /driving-safety,inventoried_only,True,982393cc05a7b1e54dccc712afb459606616538d843db4a2d86a3a84bce90c2a,red,online/offline; timeout/403/500; recuperación sin estado residual,"cola de contraste; evidencia previa debe reconciliarse, no significa nunca probado"
src/pages/SafeDriving.tsx,pagina,/driving-incidents | /driving-safety,inventoried_only,True,982393cc05a7b1e54dccc712afb459606616538d843db4a2d86a3a84bce90c2a,mutacion,doble clic/reintento/concurrencia; idempotencia y auditoría,"cola de contraste; evidencia previa debe reconciliarse, no significa nunca probado"
src/pages/SafeDriving.tsx,pagina,/driving-incidents | /driving-safety,inventoried_only,True,982393cc05a7b1e54dccc712afb459606616538d843db4a2d86a3a84bce90c2a,persistencia,guardar→leer de vuelta→recargar; cola→servidor→consumidor,"cola de contraste; evidencia previa debe reconciliarse, no significa nunca probado"
src/pages/SafeDriving.tsx,pagina,/driving-incidents | /driving-safety,inventoried_only,True,982393cc05a7b1e54dccc712afb459606616538d843db4a2d86a3a84bce90c2a,ciclo_vida,background/proceso muerto; actualización PWA; versión antigua,"cola de contraste; evidencia previa debe reconciliarse, no significa nunca probado"
src/pages/SafeDriving.tsx,pagina,/driving-incidents | /driving-safety,inventoried_only,True,982393cc05a7b1e54dccc712afb459606616538d843db4a2d86a3a84bce90c2a,salida,exportación/PDF/firma/compartir; integridad; revocación,"cola de contraste; evidencia previa debe reconciliarse, no significa nunca probado"
src/pages/SafeDriving.tsx,pagina,/driving-incidents | /driving-safety,inventoried_only,True,982393cc05a7b1e54dccc712afb459606616538d843db4a2d86a3a84bce90c2a,dispositivo,web/Android; permisos revocados; OEM; sensores no disponibles,"cola de contraste; evidencia previa debe reconciliarse, no significa nunca probado"
src/pages/SafeDriving.tsx,pagina,/driving-incidents | /driving-safety,inventoried_only,True,982393cc05a7b1e54dccc712afb459606616538d843db4a2d86a3a84bce90c2a,presentacion,idioma/accesibilidad; loading/error; no convertir falta de datos en seguro,"cola de contraste; evidencia previa debe reconciliarse, no significa nunca probado"
src/pages/SafeDrivingMode.tsx,pagina,/safe-driving,inventoried_only,True,d6d2519fcf0b48d0ee980c1b38a5c2f88003d061f4a6ba1db2fb64ccb33a2b60,identidad,anónimo/autenticado; rol permitido/denegado; sesión expirada/revocada,"cola de contraste; evidencia previa debe reconciliarse, no significa nunca probado"
src/pages/SafeDrivingMode.tsx,pagina,/safe-driving,inventoried_only,True,d6d2519fcf0b48d0ee980c1b38a5c2f88003d061f4a6ba1db2fb64ccb33a2b60,ambito,sin proyecto; A→B→A; cambio de empresa; respuesta tardía,"cola de contraste; evidencia previa debe reconciliarse, no significa nunca probado"
src/pages/SafeDrivingMode.tsx,pagina,/safe-driving,inventoried_only,True,d6d2519fcf0b48d0ee980c1b38a5c2f88003d061f4a6ba1db2fb64ccb33a2b60,entrada,menú/URL/QR/push; arranque frío; demo frente a rama normal,"cola de contraste; evidencia previa debe reconciliarse, no significa nunca probado"
src/pages/SafeDrivingMode.tsx,pagina,/safe-driving,inventoried_only,True,d6d2519fcf0b48d0ee980c1b38a5c2f88003d061f4a6ba1db2fb64ccb33a2b60,datos,vacío/inválido/antiguo; unidades y fechas; procedencia real,"cola de contraste; evidencia previa debe reconciliarse, no significa nunca probado"
src/pages/SafeDrivingMode.tsx,pagina,/safe-driving,inventoried_only,True,d6d2519fcf0b48d0ee980c1b38a5c2f88003d061f4a6ba1db2fb64ccb33a2b60,red,online/offline; timeout/403/500; recuperación sin estado residual,"cola de contraste; evidencia previa debe reconciliarse, no significa nunca probado"
src/pages/SafeDrivingMode.tsx,pagina,/safe-driving,inventoried_only,True,d6d2519fcf0b48d0ee980c1b38a5c2f88003d061f4a6ba1db2fb64ccb33a2b60,mutacion,doble clic/reintento/concurrencia; idempotencia y auditoría,"cola de contraste; evidencia previa debe reconciliarse, no significa nunca probado"
src/pages/SafeDrivingMode.tsx,pagina,/safe-driving,inventoried_only,True,d6d2519fcf0b48d0ee980c1b38a5c2f88003d061f4a6ba1db2fb64ccb33a2b60,persistencia,guardar→leer de vuelta→recargar; cola→servidor→consumidor,"cola de contraste; evidencia previa debe reconciliarse, no significa nunca probado"
src/pages/SafeDrivingMode.tsx,pagina,/safe-driving,inventoried_only,True,d6d2519fcf0b48d0ee980c1b38a5c2f88003d061f4a6ba1db2fb64ccb33a2b60,ciclo_vida,background/proceso muerto; actualización PWA; versión antigua,"cola de contraste; evidencia previa debe reconciliarse, no significa nunca probado"
src/pages/SafeDrivingMode.tsx,pagina,/safe-driving,inventoried_only,True,d6d2519fcf0b48d0ee980c1b38a5c2f88003d061f4a6ba1db2fb64ccb33a2b60,salida,exportación/PDF/firma/compartir; integridad; revocación,"cola de contraste; evidencia previa debe reconciliarse, no significa nunca probado"
src/pages/SafeDrivingMode.tsx,pagina,/safe-driving,inventoried_only,True,d6d2519fcf0b48d0ee980c1b38a5c2f88003d061f4a6ba1db2fb64ccb33a2b60,dispositivo,web/Android; permisos revocados; OEM; sensores no disponibles,"cola de contraste; evidencia previa debe reconciliarse, no significa nunca probado"
src/pages/SafeDrivingMode.tsx,pagina,/safe-driving,inventoried_only,True,d6d2519fcf0b48d0ee980c1b38a5c2f88003d061f4a6ba1db2fb64ccb33a2b60,presentacion,idioma/accesibilidad; loading/error; no convertir falta de datos en seguro,"cola de contraste; evidencia previa debe reconciliarse, no significa nunca probado"
src/pages/SafetyCoach.tsx,pagina,/safety-coach,inventoried_only,True,982b208a4266bb2c0222bae775c1e1f6a44a0e638f06b7c70ba9dff84fec9458,identidad,anónimo/autenticado; rol permitido/denegado; sesión expirada/revocada,"cola de contraste; evidencia previa debe reconciliarse, no significa nunca probado"
src/pages/SafetyCoach.tsx,pagina,/safety-coach,inventoried_only,True,982b208a4266bb2c0222bae775c1e1f6a44a0e638f06b7c70ba9dff84fec9458,ambito,sin proyecto; A→B→A; cambio de empresa; respuesta tardía,"cola de contraste; evidencia previa debe reconciliarse, no significa nunca probado"
src/pages/SafetyCoach.tsx,pagina,/safety-coach,inventoried_only,True,982b208a4266bb2c0222bae775c1e1f6a44a0e638f06b7c70ba9dff84fec9458,entrada,menú/URL/QR/push; arranque frío; demo frente a rama normal,"cola de contraste; evidencia previa debe reconciliarse, no significa nunca probado"
src/pages/SafetyCoach.tsx,pagina,/safety-coach,inventoried_only,True,982b208a4266bb2c0222bae775c1e1f6a44a0e638f06b7c70ba9dff84fec9458,datos,vacío/inválido/antiguo; unidades y fechas; procedencia real,"cola de contraste; evidencia previa debe reconciliarse, no significa nunca probado"
src/pages/SafetyCoach.tsx,pagina,/safety-coach,inventoried_only,True,982b208a4266bb2c0222bae775c1e1f6a44a0e638f06b7c70ba9dff84fec9458,red,online/offline; timeout/403/500; recuperación sin estado residual,"cola de contraste; evidencia previa debe reconciliarse, no significa nunca probado"
src/pages/SafetyCoach.tsx,pagina,/safety-coach,inventoried_only,True,982b208a4266bb2c0222bae775c1e1f6a44a0e638f06b7c70ba9dff84fec9458,mutacion,doble clic/reintento/concurrencia; idempotencia y auditoría,"cola de contraste; evidencia previa debe reconciliarse, no significa nunca probado"
src/pages/SafetyCoach.tsx,pagina,/safety-coach,inventoried_only,True,982b208a4266bb2c0222bae775c1e1f6a44a0e638f06b7c70ba9dff84fec9458,persistencia,guardar→leer de vuelta→recargar; cola→servidor→consumidor,"cola de contraste; evidencia previa debe reconciliarse, no significa nunca probado"
src/pages/SafetyCoach.tsx,pagina,/safety-coach,inventoried_only,True,982b208a4266bb2c0222bae775c1e1f6a44a0e638f06b7c70ba9dff84fec9458,ciclo_vida,background/proceso muerto; actualización PWA; versión antigua,"cola de contraste; evidencia previa debe reconciliarse, no significa nunca probado"
src/pages/SafetyCoach.tsx,pagina,/safety-coach,inventoried_only,True,982b208a4266bb2c0222bae775c1e1f6a44a0e638f06b7c70ba9dff84fec9458,salida,exportación/PDF/firma/compartir; integridad; revocación,"cola de contraste; evidencia previa debe reconciliarse, no significa nunca probado"
src/pages/SafetyCoach.tsx,pagina,/safety-coach,inventoried_only,True,982b208a4266bb2c0222bae775c1e1f6a44a0e638f06b7c70ba9dff84fec9458,dispositivo,web/Android; permisos revocados; OEM; sensores no disponibles,"cola de contraste; evidencia previa debe reconciliarse, no significa nunca probado"
src/pages/SafetyCoach.tsx,pagina,/safety-coach,inventoried_only,True,982b208a4266bb2c0222bae775c1e1f6a44a0e638f06b7c70ba9dff84fec9458,presentacion,idioma/accesibilidad; loading/error; no convertir falta de datos en seguro,"cola de contraste; evidencia previa debe reconciliarse, no significa nunca probado"
src/pages/SafetyFeed.tsx,pagina,/safety-feed,referenced_in_vault_depth_unverified,True,4c2ad79dbffacba2fc6257d23871a5b16668b74d59130757b811f8fd8fb5fed6,identidad,anónimo/autenticado; rol permitido/denegado; sesión expirada/revocada,"cola de contraste; evidencia previa debe reconciliarse, no significa nunca probado"
src/pages/SafetyFeed.tsx,pagina,/safety-feed,referenced_in_vault_depth_unverified,True,4c2ad79dbffacba2fc6257d23871a5b16668b74d59130757b811f8fd8fb5fed6,ambito,sin proyecto; A→B→A; cambio de empresa; respuesta tardía,"cola de contraste; evidencia previa debe reconciliarse, no significa nunca probado"
src/pages/SafetyFeed.tsx,pagina,/safety-feed,referenced_in_vault_depth_unverified,True,4c2ad79dbffacba2fc6257d23871a5b16668b74d59130757b811f8fd8fb5fed6,entrada,menú/URL/QR/push; arranque frío; demo frente a rama normal,"cola de contraste; evidencia previa debe reconciliarse, no significa nunca probado"
src/pages/SafetyFeed.tsx,pagina,/safety-feed,referenced_in_vault_depth_unverified,True,4c2ad79dbffacba2fc6257d23871a5b16668b74d59130757b811f8fd8fb5fed6,datos,vacío/inválido/antiguo; unidades y fechas; procedencia real,"cola de contraste; evidencia previa debe reconciliarse, no significa nunca probado"
src/pages/SafetyFeed.tsx,pagina,/safety-feed,referenced_in_vault_depth_unverified,True,4c2ad79dbffacba2fc6257d23871a5b16668b74d59130757b811f8fd8fb5fed6,red,online/offline; timeout/403/500; recuperación sin estado residual,"cola de contraste; evidencia previa debe reconciliarse, no significa nunca probado"
src/pages/SafetyFeed.tsx,pagina,/safety-feed,referenced_in_vault_depth_unverified,True,4c2ad79dbffacba2fc6257d23871a5b16668b74d59130757b811f8fd8fb5fed6,mutacion,doble clic/reintento/concurrencia; idempotencia y auditoría,"cola de contraste; evidencia previa debe reconciliarse, no significa nunca probado"
src/pages/SafetyFeed.tsx,pagina,/safety-feed,referenced_in_vault_depth_unverified,True,4c2ad79dbffacba2fc6257d23871a5b16668b74d59130757b811f8fd8fb5fed6,persistencia,guardar→leer de vuelta→recargar; cola→servidor→consumidor,"cola de contraste; evidencia previa debe reconciliarse, no significa nunca probado"
src/pages/SafetyFeed.tsx,pagina,/safety-feed,referenced_in_vault_depth_unverified,True,4c2ad79dbffacba2fc6257d23871a5b16668b74d59130757b811f8fd8fb5fed6,ciclo_vida,background/proceso muerto; actualización PWA; versión antigua,"cola de contraste; evidencia previa debe reconciliarse, no significa nunca probado"
src/pages/SafetyFeed.tsx,pagina,/safety-feed,referenced_in_vault_depth_unverified,True,4c2ad79dbffacba2fc6257d23871a5b16668b74d59130757b811f8fd8fb5fed6,salida,exportación/PDF/firma/compartir; integridad; revocación,"cola de contraste; evidencia previa debe reconciliarse, no significa nunca probado"
src/pages/SafetyFeed.tsx,pagina,/safety-feed,referenced_in_vault_depth_unverified,True,4c2ad79dbffacba2fc6257d23871a5b16668b74d59130757b811f8fd8fb5fed6,dispositivo,web/Android; permisos revocados; OEM; sensores no disponibles,"cola de contraste; evidencia previa debe reconciliarse, no significa nunca probado"
src/pages/SafetyFeed.tsx,pagina,/safety-feed,referenced_in_vault_depth_unverified,True,4c2ad79dbffacba2fc6257d23871a5b16668b74d59130757b811f8fd8fb5fed6,presentacion,idioma/accesibilidad; loading/error; no convertir falta de datos en seguro,"cola de contraste; evidencia previa debe reconciliarse, no significa nunca probado"
src/pages/SafetyMetrics.tsx,pagina,/safety-metrics,inventoried_only,True,63627f789ced0b8b6f2a19893bc4351dd8c79457e2e412b7d668ef8e48de8b60,identidad,anónimo/autenticado; rol permitido/denegado; sesión expirada/revocada,"cola de contraste; evidencia previa debe reconciliarse, no significa nunca probado"
src/pages/SafetyMetrics.tsx,pagina,/safety-metrics,inventoried_only,True,63627f789ced0b8b6f2a19893bc4351dd8c79457e2e412b7d668ef8e48de8b60,ambito,sin proyecto; A→B→A; cambio de empresa; respuesta tardía,"cola de contraste; evidencia previa debe reconciliarse, no significa nunca probado"
src/pages/SafetyMetrics.tsx,pagina,/safety-metrics,inventoried_only,True,63627f789ced0b8b6f2a19893bc4351dd8c79457e2e412b7d668ef8e48de8b60,entrada,menú/URL/QR/push; arranque frío; demo frente a rama normal,"cola de contraste; evidencia previa debe reconciliarse, no significa nunca probado"
src/pages/SafetyMetrics.tsx,pagina,/safety-metrics,inventoried_only,True,63627f789ced0b8b6f2a19893bc4351dd8c79457e2e412b7d668ef8e48de8b60,datos,vacío/inválido/antiguo; unidades y fechas; procedencia real,"cola de contraste; evidencia previa debe reconciliarse, no significa nunca probado"
src/pages/SafetyMetrics.tsx,pagina,/safety-metrics,inventoried_only,True,63627f789ced0b8b6f2a19893bc4351dd8c79457e2e412b7d668ef8e48de8b60,red,online/offline; timeout/403/500; recuperación sin estado residual,"cola de contraste; evidencia previa debe reconciliarse, no significa nunca probado"
src/pages/SafetyMetrics.tsx,pagina,/safety-metrics,inventoried_only,True,63627f789ced0b8b6f2a19893bc4351dd8c79457e2e412b7d668ef8e48de8b60,mutacion,doble clic/reintento/concurrencia; idempotencia y auditoría,"cola de contraste; evidencia previa debe reconciliarse, no significa nunca probado"
src/pages/SafetyMetrics.tsx,pagina,/safety-metrics,inventoried_only,True,63627f789ced0b8b6f2a19893bc4351dd8c79457e2e412b7d668ef8e48de8b60,persistencia,guardar→leer de vuelta→recargar; cola→servidor→consumidor,"cola de contraste; evidencia previa debe reconciliarse, no significa nunca probado"
src/pages/SafetyMetrics.tsx,pagina,/safety-metrics,inventoried_only,True,63627f789ced0b8b6f2a19893bc4351dd8c79457e2e412b7d668ef8e48de8b60,ciclo_vida,background/proceso muerto; actualización PWA; versión antigua,"cola de contraste; evidencia previa debe reconciliarse, no significa nunca probado"
src/pages/SafetyMetrics.tsx,pagina,/safety-metrics,inventoried_only,True,63627f789ced0b8b6f2a19893bc4351dd8c79457e2e412b7d668ef8e48de8b60,salida,exportación/PDF/firma/compartir; integridad; revocación,"cola de contraste; evidencia previa debe reconciliarse, no significa nunca probado"
src/pages/SafetyMetrics.tsx,pagina,/safety-metrics,inventoried_only,True,63627f789ced0b8b6f2a19893bc4351dd8c79457e2e412b7d668ef8e48de8b60,dispositivo,web/Android; permisos revocados; OEM; sensores no disponibles,"cola de contraste; evidencia previa debe reconciliarse, no significa nunca probado"
src/pages/SafetyMetrics.tsx,pagina,/safety-metrics,inventoried_only,True,63627f789ced0b8b6f2a19893bc4351dd8c79457e2e412b7d668ef8e48de8b60,presentacion,idioma/accesibilidad; loading/error; no convertir falta de datos en seguro,"cola de contraste; evidencia previa debe reconciliarse, no significa nunca probado"
src/pages/SafetyTalks.tsx,pagina,/safety-talks,referenced_in_vault_depth_unverified,True,a211b385091ff5bfccbbadd686f5e0bf89457688afe47f9c32ab4becb0cba2ca,identidad,anónimo/autenticado; rol permitido/denegado; sesión expirada/revocada,"cola de contraste; evidencia previa debe reconciliarse, no significa nunca probado"
src/pages/SafetyTalks.tsx,pagina,/safety-talks,referenced_in_vault_depth_unverified,True,a211b385091ff5bfccbbadd686f5e0bf89457688afe47f9c32ab4becb0cba2ca,ambito,sin proyecto; A→B→A; cambio de empresa; respuesta tardía,"cola de contraste; evidencia previa debe reconciliarse, no significa nunca probado"
src/pages/SafetyTalks.tsx,pagina,/safety-talks,referenced_in_vault_depth_unverified,True,a211b385091ff5bfccbbadd686f5e0bf89457688afe47f9c32ab4becb0cba2ca,entrada,menú/URL/QR/push; arranque frío; demo frente a rama normal,"cola de contraste; evidencia previa debe reconciliarse, no significa nunca probado"
src/pages/SafetyTalks.tsx,pagina,/safety-talks,referenced_in_vault_depth_unverified,True,a211b385091ff5bfccbbadd686f5e0bf89457688afe47f9c32ab4becb0cba2ca,datos,vacío/inválido/antiguo; unidades y fechas; procedencia real,"cola de contraste; evidencia previa debe reconciliarse, no significa nunca probado"
src/pages/SafetyTalks.tsx,pagina,/safety-talks,referenced_in_vault_depth_unverified,True,a211b385091ff5bfccbbadd686f5e0bf89457688afe47f9c32ab4becb0cba2ca,red,online/offline; timeout/403/500; recuperación sin estado residual,"cola de contraste; evidencia previa debe reconciliarse, no significa nunca probado"
src/pages/SafetyTalks.tsx,pagina,/safety-talks,referenced_in_vault_depth_unverified,True,a211b385091ff5bfccbbadd686f5e0bf89457688afe47f9c32ab4becb0cba2ca,mutacion,doble clic/reintento/concurrencia; idempotencia y auditoría,"cola de contraste; evidencia previa debe reconciliarse, no significa nunca probado"
src/pages/SafetyTalks.tsx,pagina,/safety-talks,referenced_in_vault_depth_unverified,True,a211b385091ff5bfccbbadd686f5e0bf89457688afe47f9c32ab4becb0cba2ca,persistencia,guardar→leer de vuelta→recargar; cola→servidor→consumidor,"cola de contraste; evidencia previa debe reconciliarse, no significa nunca probado"
src/pages/SafetyTalks.tsx,pagina,/safety-talks,referenced_in_vault_depth_unverified,True,a211b385091ff5bfccbbadd686f5e0bf89457688afe47f9c32ab4becb0cba2ca,ciclo_vida,background/proceso muerto; actualización PWA; versión antigua,"cola de contraste; evidencia previa debe reconciliarse, no significa nunca probado"
src/pages/SafetyTalks.tsx,pagina,/safety-talks,referenced_in_vault_depth_unverified,True,a211b385091ff5bfccbbadd686f5e0bf89457688afe47f9c32ab4becb0cba2ca,salida,exportación/PDF/firma/compartir; integridad; revocación,"cola de contraste; evidencia previa debe reconciliarse, no significa nunca probado"
src/pages/SafetyTalks.tsx,pagina,/safety-talks,referenced_in_vault_depth_unverified,True,a211b385091ff5bfccbbadd686f5e0bf89457688afe47f9c32ab4becb0cba2ca,dispositivo,web/Android; permisos revocados; OEM; sensores no disponibles,"cola de contraste; evidencia previa debe reconciliarse, no significa nunca probado"
src/pages/SafetyTalks.tsx,pagina,/safety-talks,referenced_in_vault_depth_unverified,True,a211b385091ff5bfccbbadd686f5e0bf89457688afe47f9c32ab4becb0cba2ca,presentacion,idioma/accesibilidad; loading/error; no convertir falta de datos en seguro,"cola de contraste; evidencia previa debe reconciliarse, no significa nunca probado"
src/pages/SecurityShield.tsx,pagina,/security-shield,inventoried_only,True,a40314d6c8ae4f3adcad5f8e1b08494353353b6ee7a619a316a7bf1df49b51b5,identidad,anónimo/autenticado; rol permitido/denegado; sesión expirada/revocada,"cola de contraste; evidencia previa debe reconciliarse, no significa nunca probado"
src/pages/SecurityShield.tsx,pagina,/security-shield,inventoried_only,True,a40314d6c8ae4f3adcad5f8e1b08494353353b6ee7a619a316a7bf1df49b51b5,ambito,sin proyecto; A→B→A; cambio de empresa; respuesta tardía,"cola de contraste; evidencia previa debe reconciliarse, no significa nunca probado"
src/pages/SecurityShield.tsx,pagina,/security-shield,inventoried_only,True,a40314d6c8ae4f3adcad5f8e1b08494353353b6ee7a619a316a7bf1df49b51b5,entrada,menú/URL/QR/push; arranque frío; demo frente a rama normal,"cola de contraste; evidencia previa debe reconciliarse, no significa nunca probado"
src/pages/SecurityShield.tsx,pagina,/security-shield,inventoried_only,True,a40314d6c8ae4f3adcad5f8e1b08494353353b6ee7a619a316a7bf1df49b51b5,datos,vacío/inválido/antiguo; unidades y fechas; procedencia real,"cola de contraste; evidencia previa debe reconciliarse, no significa nunca probado"
src/pages/SecurityShield.tsx,pagina,/security-shield,inventoried_only,True,a40314d6c8ae4f3adcad5f8e1b08494353353b6ee7a619a316a7bf1df49b51b5,red,online/offline; timeout/403/500; recuperación sin estado residual,"cola de contraste; evidencia previa debe reconciliarse, no significa nunca probado"
src/pages/SecurityShield.tsx,pagina,/security-shield,inventoried_only,True,a40314d6c8ae4f3adcad5f8e1b08494353353b6ee7a619a316a7bf1df49b51b5,mutacion,doble clic/reintento/concurrencia; idempotencia y auditoría,"cola de contraste; evidencia previa debe reconciliarse, no significa nunca probado"
src/pages/SecurityShield.tsx,pagina,/security-shield,inventoried_only,True,a40314d6c8ae4f3adcad5f8e1b08494353353b6ee7a619a316a7bf1df49b51b5,persistencia,guardar→leer de vuelta→recargar; cola→servidor→consumidor,"cola de contraste; evidencia previa debe reconciliarse, no significa nunca probado"
src/pages/SecurityShield.tsx,pagina,/security-shield,inventoried_only,True,a40314d6c8ae4f3adcad5f8e1b08494353353b6ee7a619a316a7bf1df49b51b5,ciclo_vida,background/proceso muerto; actualización PWA; versión antigua,"cola de contraste; evidencia previa debe reconciliarse, no significa nunca probado"
src/pages/SecurityShield.tsx,pagina,/security-shield,inventoried_only,True,a40314d6c8ae4f3adcad5f8e1b08494353353b6ee7a619a316a7bf1df49b51b5,salida,exportación/PDF/firma/compartir; integridad; revocación,"cola de contraste; evidencia previa debe reconciliarse, no significa nunca probado"
src/pages/SecurityShield.tsx,pagina,/security-shield,inventoried_only,True,a40314d6c8ae4f3adcad5f8e1b08494353353b6ee7a619a316a7bf1df49b51b5,dispositivo,web/Android; permisos revocados; OEM; sensores no disponibles,"cola de contraste; evidencia previa debe reconciliarse, no significa nunca probado"
src/pages/SecurityShield.tsx,pagina,/security-shield,inventoried_only,True,a40314d6c8ae4f3adcad5f8e1b08494353353b6ee7a619a316a7bf1df49b51b5,presentacion,idioma/accesibilidad; loading/error; no convertir falta de datos en seguro,"cola de contraste; evidencia previa debe reconciliarse, no significa nunca probado"
src/pages/Settings.tsx,pagina,/settings,deep_read_current_snapshot_validated,True,de1238cdc56580c5d8a5a919186d99e8bbbab4cb1bfb9d28e3bb9c3b1f7c59db,identidad,anónimo/autenticado; rol permitido/denegado; sesión expirada/revocada,"cola de contraste; evidencia previa debe reconciliarse, no significa nunca probado"
src/pages/Settings.tsx,pagina,/settings,deep_read_current_snapshot_validated,True,de1238cdc56580c5d8a5a919186d99e8bbbab4cb1bfb9d28e3bb9c3b1f7c59db,ambito,sin proyecto; A→B→A; cambio de empresa; respuesta tardía,"cola de contraste; evidencia previa debe reconciliarse, no significa nunca probado"
src/pages/Settings.tsx,pagina,/settings,deep_read_current_snapshot_validated,True,de1238cdc56580c5d8a5a919186d99e8bbbab4cb1bfb9d28e3bb9c3b1f7c59db,entrada,menú/URL/QR/push; arranque frío; demo frente a rama normal,"cola de contraste; evidencia previa debe reconciliarse, no significa nunca probado"
src/pages/Settings.tsx,pagina,/settings,deep_read_current_snapshot_validated,True,de1238cdc56580c5d8a5a919186d99e8bbbab4cb1bfb9d28e3bb9c3b1f7c59db,datos,vacío/inválido/antiguo; unidades y fechas; procedencia real,"cola de contraste; evidencia previa debe reconciliarse, no significa nunca probado"
src/pages/Settings.tsx,pagina,/settings,deep_read_current_snapshot_validated,True,de1238cdc56580c5d8a5a919186d99e8bbbab4cb1bfb9d28e3bb9c3b1f7c59db,red,online/offline; timeout/403/500; recuperación sin estado residual,"cola de contraste; evidencia previa debe reconciliarse, no significa nunca probado"
src/pages/Settings.tsx,pagina,/settings,deep_read_current_snapshot_validated,True,de1238cdc56580c5d8a5a919186d99e8bbbab4cb1bfb9d28e3bb9c3b1f7c59db,mutacion,doble clic/reintento/concurrencia; idempotencia y auditoría,"cola de contraste; evidencia previa debe reconciliarse, no significa nunca probado"
src/pages/Settings.tsx,pagina,/settings,deep_read_current_snapshot_validated,True,de1238cdc56580c5d8a5a919186d99e8bbbab4cb1bfb9d28e3bb9c3b1f7c59db,persistencia,guardar→leer de vuelta→recargar; cola→servidor→consumidor,"cola de contraste; evidencia previa debe reconciliarse, no significa nunca probado"
src/pages/Settings.tsx,pagina,/settings,deep_read_current_snapshot_validated,True,de1238cdc56580c5d8a5a919186d99e8bbbab4cb1bfb9d28e3bb9c3b1f7c59db,ciclo_vida,background/proceso muerto; actualización PWA; versión antigua,"cola de contraste; evidencia previa debe reconciliarse, no significa nunca probado"
src/pages/Settings.tsx,pagina,/settings,deep_read_current_snapshot_validated,True,de1238cdc56580c5d8a5a919186d99e8bbbab4cb1bfb9d28e3bb9c3b1f7c59db,salida,exportación/PDF/firma/compartir; integridad; revocación,"cola de contraste; evidencia previa debe reconciliarse, no significa nunca probado"
src/pages/Settings.tsx,pagina,/settings,deep_read_current_snapshot_validated,True,de1238cdc56580c5d8a5a919186d99e8bbbab4cb1bfb9d28e3bb9c3b1f7c59db,dispositivo,web/Android; permisos revocados; OEM; sensores no disponibles,"cola de contraste; evidencia previa debe reconciliarse, no significa nunca probado"
src/pages/Settings.tsx,pagina,/settings,deep_read_current_snapshot_validated,True,de1238cdc56580c5d8a5a919186d99e8bbbab4cb1bfb9d28e3bb9c3b1f7c59db,presentacion,idioma/accesibilidad; loading/error; no convertir falta de datos en seguro,"cola de contraste; evidencia previa debe reconciliarse, no significa nunca probado"
src/pages/ShiftHandover.tsx,pagina,/shift-handover,referenced_in_vault_depth_unverified,True,a9d351e210a593d4dd54f665c8495b9d45fec14d42d39417dc7c7a8bf944a606,identidad,anónimo/autenticado; rol permitido/denegado; sesión expirada/revocada,"cola de contraste; evidencia previa debe reconciliarse, no significa nunca probado"
src/pages/ShiftHandover.tsx,pagina,/shift-handover,referenced_in_vault_depth_unverified,True,a9d351e210a593d4dd54f665c8495b9d45fec14d42d39417dc7c7a8bf944a606,ambito,sin proyecto; A→B→A; cambio de empresa; respuesta tardía,"cola de contraste; evidencia previa debe reconciliarse, no significa nunca probado"
src/pages/ShiftHandover.tsx,pagina,/shift-handover,referenced_in_vault_depth_unverified,True,a9d351e210a593d4dd54f665c8495b9d45fec14d42d39417dc7c7a8bf944a606,entrada,menú/URL/QR/push; arranque frío; demo frente a rama normal,"cola de contraste; evidencia previa debe reconciliarse, no significa nunca probado"
src/pages/ShiftHandover.tsx,pagina,/shift-handover,referenced_in_vault_depth_unverified,True,a9d351e210a593d4dd54f665c8495b9d45fec14d42d39417dc7c7a8bf944a606,datos,vacío/inválido/antiguo; unidades y fechas; procedencia real,"cola de contraste; evidencia previa debe reconciliarse, no significa nunca probado"
src/pages/ShiftHandover.tsx,pagina,/shift-handover,referenced_in_vault_depth_unverified,True,a9d351e210a593d4dd54f665c8495b9d45fec14d42d39417dc7c7a8bf944a606,red,online/offline; timeout/403/500; recuperación sin estado residual,"cola de contraste; evidencia previa debe reconciliarse, no significa nunca probado"
src/pages/ShiftHandover.tsx,pagina,/shift-handover,referenced_in_vault_depth_unverified,True,a9d351e210a593d4dd54f665c8495b9d45fec14d42d39417dc7c7a8bf944a606,mutacion,doble clic/reintento/concurrencia; idempotencia y auditoría,"cola de contraste; evidencia previa debe reconciliarse, no significa nunca probado"
src/pages/ShiftHandover.tsx,pagina,/shift-handover,referenced_in_vault_depth_unverified,True,a9d351e210a593d4dd54f665c8495b9d45fec14d42d39417dc7c7a8bf944a606,persistencia,guardar→leer de vuelta→recargar; cola→servidor→consumidor,"cola de contraste; evidencia previa debe reconciliarse, no significa nunca probado"
src/pages/ShiftHandover.tsx,pagina,/shift-handover,referenced_in_vault_depth_unverified,True,a9d351e210a593d4dd54f665c8495b9d45fec14d42d39417dc7c7a8bf944a606,ciclo_vida,background/proceso muerto; actualización PWA; versión antigua,"cola de contraste; evidencia previa debe reconciliarse, no significa nunca probado"
src/pages/ShiftHandover.tsx,pagina,/shift-handover,referenced_in_vault_depth_unverified,True,a9d351e210a593d4dd54f665c8495b9d45fec14d42d39417dc7c7a8bf944a606,salida,exportación/PDF/firma/compartir; integridad; revocación,"cola de contraste; evidencia previa debe reconciliarse, no significa nunca probado"
src/pages/ShiftHandover.tsx,pagina,/shift-handover,referenced_in_vault_depth_unverified,True,a9d351e210a593d4dd54f665c8495b9d45fec14d42d39417dc7c7a8bf944a606,dispositivo,web/Android; permisos revocados; OEM; sensores no disponibles,"cola de contraste; evidencia previa debe reconciliarse, no significa nunca probado"
src/pages/ShiftHandover.tsx,pagina,/shift-handover,referenced_in_vault_depth_unverified,True,a9d351e210a593d4dd54f665c8495b9d45fec14d42d39417dc7c7a8bf944a606,presentacion,idioma/accesibilidad; loading/error; no convertir falta de datos en seguro,"cola de contraste; evidencia previa debe reconciliarse, no significa nunca probado"
src/pages/SifPrecursors.tsx,pagina,/sif,referenced_in_vault_depth_unverified,True,5a80c10ec8b198032babac23ba5b38569d7ca4f457bfb14edd7cb8bf2290d1ae,identidad,anónimo/autenticado; rol permitido/denegado; sesión expirada/revocada,"cola de contraste; evidencia previa debe reconciliarse, no significa nunca probado"
src/pages/SifPrecursors.tsx,pagina,/sif,referenced_in_vault_depth_unverified,True,5a80c10ec8b198032babac23ba5b38569d7ca4f457bfb14edd7cb8bf2290d1ae,ambito,sin proyecto; A→B→A; cambio de empresa; respuesta tardía,"cola de contraste; evidencia previa debe reconciliarse, no significa nunca probado"
src/pages/SifPrecursors.tsx,pagina,/sif,referenced_in_vault_depth_unverified,True,5a80c10ec8b198032babac23ba5b38569d7ca4f457bfb14edd7cb8bf2290d1ae,entrada,menú/URL/QR/push; arranque frío; demo frente a rama normal,"cola de contraste; evidencia previa debe reconciliarse, no significa nunca probado"
src/pages/SifPrecursors.tsx,pagina,/sif,referenced_in_vault_depth_unverified,True,5a80c10ec8b198032babac23ba5b38569d7ca4f457bfb14edd7cb8bf2290d1ae,datos,vacío/inválido/antiguo; unidades y fechas; procedencia real,"cola de contraste; evidencia previa debe reconciliarse, no significa nunca probado"
src/pages/SifPrecursors.tsx,pagina,/sif,referenced_in_vault_depth_unverified,True,5a80c10ec8b198032babac23ba5b38569d7ca4f457bfb14edd7cb8bf2290d1ae,red,online/offline; timeout/403/500; recuperación sin estado residual,"cola de contraste; evidencia previa debe reconciliarse, no significa nunca probado"
src/pages/SifPrecursors.tsx,pagina,/sif,referenced_in_vault_depth_unverified,True,5a80c10ec8b198032babac23ba5b38569d7ca4f457bfb14edd7cb8bf2290d1ae,mutacion,doble clic/reintento/concurrencia; idempotencia y auditoría,"cola de contraste; evidencia previa debe reconciliarse, no significa nunca probado"
src/pages/SifPrecursors.tsx,pagina,/sif,referenced_in_vault_depth_unverified,True,5a80c10ec8b198032babac23ba5b38569d7ca4f457bfb14edd7cb8bf2290d1ae,persistencia,guardar→leer de vuelta→recargar; cola→servidor→consumidor,"cola de contraste; evidencia previa debe reconciliarse, no significa nunca probado"
src/pages/SifPrecursors.tsx,pagina,/sif,referenced_in_vault_depth_unverified,True,5a80c10ec8b198032babac23ba5b38569d7ca4f457bfb14edd7cb8bf2290d1ae,ciclo_vida,background/proceso muerto; actualización PWA; versión antigua,"cola de contraste; evidencia previa debe reconciliarse, no significa nunca probado"
src/pages/SifPrecursors.tsx,pagina,/sif,referenced_in_vault_depth_unverified,True,5a80c10ec8b198032babac23ba5b38569d7ca4f457bfb14edd7cb8bf2290d1ae,salida,exportación/PDF/firma/compartir; integridad; revocación,"cola de contraste; evidencia previa debe reconciliarse, no significa nunca probado"
src/pages/SifPrecursors.tsx,pagina,/sif,referenced_in_vault_depth_unverified,True,5a80c10ec8b198032babac23ba5b38569d7ca4f457bfb14edd7cb8bf2290d1ae,dispositivo,web/Android; permisos revocados; OEM; sensores no disponibles,"cola de contraste; evidencia previa debe reconciliarse, no significa nunca probado"
src/pages/SifPrecursors.tsx,pagina,/sif,referenced_in_vault_depth_unverified,True,5a80c10ec8b198032babac23ba5b38569d7ca4f457bfb14edd7cb8bf2290d1ae,presentacion,idioma/accesibilidad; loading/error; no convertir falta de datos en seguro,"cola de contraste; evidencia previa debe reconciliarse, no significa nunca probado"
src/pages/SiteBook.tsx,pagina,/site-book,referenced_in_vault_depth_unverified,True,342648dc60b688bc1f731e7c8064f343ee4cba3c72e338ca41ccceb558c81439,identidad,anónimo/autenticado; rol permitido/denegado; sesión expirada/revocada,"cola de contraste; evidencia previa debe reconciliarse, no significa nunca probado"
src/pages/SiteBook.tsx,pagina,/site-book,referenced_in_vault_depth_unverified,True,342648dc60b688bc1f731e7c8064f343ee4cba3c72e338ca41ccceb558c81439,ambito,sin proyecto; A→B→A; cambio de empresa; respuesta tardía,"cola de contraste; evidencia previa debe reconciliarse, no significa nunca probado"
src/pages/SiteBook.tsx,pagina,/site-book,referenced_in_vault_depth_unverified,True,342648dc60b688bc1f731e7c8064f343ee4cba3c72e338ca41ccceb558c81439,entrada,menú/URL/QR/push; arranque frío; demo frente a rama normal,"cola de contraste; evidencia previa debe reconciliarse, no significa nunca probado"
src/pages/SiteBook.tsx,pagina,/site-book,referenced_in_vault_depth_unverified,True,342648dc60b688bc1f731e7c8064f343ee4cba3c72e338ca41ccceb558c81439,datos,vacío/inválido/antiguo; unidades y fechas; procedencia real,"cola de contraste; evidencia previa debe reconciliarse, no significa nunca probado"
src/pages/SiteBook.tsx,pagina,/site-book,referenced_in_vault_depth_unverified,True,342648dc60b688bc1f731e7c8064f343ee4cba3c72e338ca41ccceb558c81439,red,online/offline; timeout/403/500; recuperación sin estado residual,"cola de contraste; evidencia previa debe reconciliarse, no significa nunca probado"
src/pages/SiteBook.tsx,pagina,/site-book,referenced_in_vault_depth_unverified,True,342648dc60b688bc1f731e7c8064f343ee4cba3c72e338ca41ccceb558c81439,mutacion,doble clic/reintento/concurrencia; idempotencia y auditoría,"cola de contraste; evidencia previa debe reconciliarse, no significa nunca probado"
src/pages/SiteBook.tsx,pagina,/site-book,referenced_in_vault_depth_unverified,True,342648dc60b688bc1f731e7c8064f343ee4cba3c72e338ca41ccceb558c81439,persistencia,guardar→leer de vuelta→recargar; cola→servidor→consumidor,"cola de contraste; evidencia previa debe reconciliarse, no significa nunca probado"
src/pages/SiteBook.tsx,pagina,/site-book,referenced_in_vault_depth_unverified,True,342648dc60b688bc1f731e7c8064f343ee4cba3c72e338ca41ccceb558c81439,ciclo_vida,background/proceso muerto; actualización PWA; versión antigua,"cola de contraste; evidencia previa debe reconciliarse, no significa nunca probado"
src/pages/SiteBook.tsx,pagina,/site-book,referenced_in_vault_depth_unverified,True,342648dc60b688bc1f731e7c8064f343ee4cba3c72e338ca41ccceb558c81439,salida,exportación/PDF/firma/compartir; integridad; revocación,"cola de contraste; evidencia previa debe reconciliarse, no significa nunca probado"
src/pages/SiteBook.tsx,pagina,/site-book,referenced_in_vault_depth_unverified,True,342648dc60b688bc1f731e7c8064f343ee4cba3c72e338ca41ccceb558c81439,dispositivo,web/Android; permisos revocados; OEM; sensores no disponibles,"cola de contraste; evidencia previa debe reconciliarse, no significa nunca probado"
src/pages/SiteBook.tsx,pagina,/site-book,referenced_in_vault_depth_unverified,True,342648dc60b688bc1f731e7c8064f343ee4cba3c72e338ca41ccceb558c81439,presentacion,idioma/accesibilidad; loading/error; no convertir falta de datos en seguro,"cola de contraste; evidencia previa debe reconciliarse, no significa nunca probado"
src/pages/SiteMap.tsx,pagina,/site-map,referenced_in_vault_depth_unverified,True,f0637c5a0a2064f37ba39cff352178cdd0b8df845b31b06f69583faf1639e159,identidad,anónimo/autenticado; rol permitido/denegado; sesión expirada/revocada,"cola de contraste; evidencia previa debe reconciliarse, no significa nunca probado"
src/pages/SiteMap.tsx,pagina,/site-map,referenced_in_vault_depth_unverified,True,f0637c5a0a2064f37ba39cff352178cdd0b8df845b31b06f69583faf1639e159,ambito,sin proyecto; A→B→A; cambio de empresa; respuesta tardía,"cola de contraste; evidencia previa debe reconciliarse, no significa nunca probado"
src/pages/SiteMap.tsx,pagina,/site-map,referenced_in_vault_depth_unverified,True,f0637c5a0a2064f37ba39cff352178cdd0b8df845b31b06f69583faf1639e159,entrada,menú/URL/QR/push; arranque frío; demo frente a rama normal,"cola de contraste; evidencia previa debe reconciliarse, no significa nunca probado"
src/pages/SiteMap.tsx,pagina,/site-map,referenced_in_vault_depth_unverified,True,f0637c5a0a2064f37ba39cff352178cdd0b8df845b31b06f69583faf1639e159,datos,vacío/inválido/antiguo; unidades y fechas; procedencia real,"cola de contraste; evidencia previa debe reconciliarse, no significa nunca probado"
src/pages/SiteMap.tsx,pagina,/site-map,referenced_in_vault_depth_unverified,True,f0637c5a0a2064f37ba39cff352178cdd0b8df845b31b06f69583faf1639e159,red,online/offline; timeout/403/500; recuperación sin estado residual,"cola de contraste; evidencia previa debe reconciliarse, no significa nunca probado"
src/pages/SiteMap.tsx,pagina,/site-map,referenced_in_vault_depth_unverified,True,f0637c5a0a2064f37ba39cff352178cdd0b8df845b31b06f69583faf1639e159,mutacion,doble clic/reintento/concurrencia; idempotencia y auditoría,"cola de contraste; evidencia previa debe reconciliarse, no significa nunca probado"
src/pages/SiteMap.tsx,pagina,/site-map,referenced_in_vault_depth_unverified,True,f0637c5a0a2064f37ba39cff352178cdd0b8df845b31b06f69583faf1639e159,persistencia,guardar→leer de vuelta→recargar; cola→servidor→consumidor,"cola de contraste; evidencia previa debe reconciliarse, no significa nunca probado"
src/pages/SiteMap.tsx,pagina,/site-map,referenced_in_vault_depth_unverified,True,f0637c5a0a2064f37ba39cff352178cdd0b8df845b31b06f69583faf1639e159,ciclo_vida,background/proceso muerto; actualización PWA; versión antigua,"cola de contraste; evidencia previa debe reconciliarse, no significa nunca probado"
src/pages/SiteMap.tsx,pagina,/site-map,referenced_in_vault_depth_unverified,True,f0637c5a0a2064f37ba39cff352178cdd0b8df845b31b06f69583faf1639e159,salida,exportación/PDF/firma/compartir; integridad; revocación,"cola de contraste; evidencia previa debe reconciliarse, no significa nunca probado"
src/pages/SiteMap.tsx,pagina,/site-map,referenced_in_vault_depth_unverified,True,f0637c5a0a2064f37ba39cff352178cdd0b8df845b31b06f69583faf1639e159,dispositivo,web/Android; permisos revocados; OEM; sensores no disponibles,"cola de contraste; evidencia previa debe reconciliarse, no significa nunca probado"
src/pages/SiteMap.tsx,pagina,/site-map,referenced_in_vault_depth_unverified,True,f0637c5a0a2064f37ba39cff352178cdd0b8df845b31b06f69583faf1639e159,presentacion,idioma/accesibilidad; loading/error; no convertir falta de datos en seguro,"cola de contraste; evidencia previa debe reconciliarse, no significa nunca probado"
src/pages/SkillGapPage.tsx,pagina,/skill-gap,referenced_in_vault_depth_unverified,True,3c5e1a34710fb5e05980005804a12eb5e1c89ddf57e42a6773cba73b95b02eee,identidad,anónimo/autenticado; rol permitido/denegado; sesión expirada/revocada,"cola de contraste; evidencia previa debe reconciliarse, no significa nunca probado"
src/pages/SkillGapPage.tsx,pagina,/skill-gap,referenced_in_vault_depth_unverified,True,3c5e1a34710fb5e05980005804a12eb5e1c89ddf57e42a6773cba73b95b02eee,ambito,sin proyecto; A→B→A; cambio de empresa; respuesta tardía,"cola de contraste; evidencia previa debe reconciliarse, no significa nunca probado"
src/pages/SkillGapPage.tsx,pagina,/skill-gap,referenced_in_vault_depth_unverified,True,3c5e1a34710fb5e05980005804a12eb5e1c89ddf57e42a6773cba73b95b02eee,entrada,menú/URL/QR/push; arranque frío; demo frente a rama normal,"cola de contraste; evidencia previa debe reconciliarse, no significa nunca probado"
src/pages/SkillGapPage.tsx,pagina,/skill-gap,referenced_in_vault_depth_unverified,True,3c5e1a34710fb5e05980005804a12eb5e1c89ddf57e42a6773cba73b95b02eee,datos,vacío/inválido/antiguo; unidades y fechas; procedencia real,"cola de contraste; evidencia previa debe reconciliarse, no significa nunca probado"
src/pages/SkillGapPage.tsx,pagina,/skill-gap,referenced_in_vault_depth_unverified,True,3c5e1a34710fb5e05980005804a12eb5e1c89ddf57e42a6773cba73b95b02eee,red,online/offline; timeout/403/500; recuperación sin estado residual,"cola de contraste; evidencia previa debe reconciliarse, no significa nunca probado"
src/pages/SkillGapPage.tsx,pagina,/skill-gap,referenced_in_vault_depth_unverified,True,3c5e1a34710fb5e05980005804a12eb5e1c89ddf57e42a6773cba73b95b02eee,mutacion,doble clic/reintento/concurrencia; idempotencia y auditoría,"cola de contraste; evidencia previa debe reconciliarse, no significa nunca probado"
src/pages/SkillGapPage.tsx,pagina,/skill-gap,referenced_in_vault_depth_unverified,True,3c5e1a34710fb5e05980005804a12eb5e1c89ddf57e42a6773cba73b95b02eee,persistencia,guardar→leer de vuelta→recargar; cola→servidor→consumidor,"cola de contraste; evidencia previa debe reconciliarse, no significa nunca probado"
src/pages/SkillGapPage.tsx,pagina,/skill-gap,referenced_in_vault_depth_unverified,True,3c5e1a34710fb5e05980005804a12eb5e1c89ddf57e42a6773cba73b95b02eee,ciclo_vida,background/proceso muerto; actualización PWA; versión antigua,"cola de contraste; evidencia previa debe reconciliarse, no significa nunca probado"
src/pages/SkillGapPage.tsx,pagina,/skill-gap,referenced_in_vault_depth_unverified,True,3c5e1a34710fb5e05980005804a12eb5e1c89ddf57e42a6773cba73b95b02eee,salida,exportación/PDF/firma/compartir; integridad; revocación,"cola de contraste; evidencia previa debe reconciliarse, no significa nunca probado"
src/pages/SkillGapPage.tsx,pagina,/skill-gap,referenced_in_vault_depth_unverified,True,3c5e1a34710fb5e05980005804a12eb5e1c89ddf57e42a6773cba73b95b02eee,dispositivo,web/Android; permisos revocados; OEM; sensores no disponibles,"cola de contraste; evidencia previa debe reconciliarse, no significa nunca probado"
src/pages/SkillGapPage.tsx,pagina,/skill-gap,referenced_in_vault_depth_unverified,True,3c5e1a34710fb5e05980005804a12eb5e1c89ddf57e42a6773cba73b95b02eee,presentacion,idioma/accesibilidad; loading/error; no convertir falta de datos en seguro,"cola de contraste; evidencia previa debe reconciliarse, no significa nunca probado"
src/pages/SloErrorBudget.tsx,pagina,/admin/slo,inventoried_only,True,c62f038c52632057ce5de1e8646c9ad4b36327391b0947a3f43ef55576f9720b,identidad,anónimo/autenticado; rol permitido/denegado; sesión expirada/revocada,"cola de contraste; evidencia previa debe reconciliarse, no significa nunca probado"
src/pages/SloErrorBudget.tsx,pagina,/admin/slo,inventoried_only,True,c62f038c52632057ce5de1e8646c9ad4b36327391b0947a3f43ef55576f9720b,ambito,sin proyecto; A→B→A; cambio de empresa; respuesta tardía,"cola de contraste; evidencia previa debe reconciliarse, no significa nunca probado"
src/pages/SloErrorBudget.tsx,pagina,/admin/slo,inventoried_only,True,c62f038c52632057ce5de1e8646c9ad4b36327391b0947a3f43ef55576f9720b,entrada,menú/URL/QR/push; arranque frío; demo frente a rama normal,"cola de contraste; evidencia previa debe reconciliarse, no significa nunca probado"
src/pages/SloErrorBudget.tsx,pagina,/admin/slo,inventoried_only,True,c62f038c52632057ce5de1e8646c9ad4b36327391b0947a3f43ef55576f9720b,datos,vacío/inválido/antiguo; unidades y fechas; procedencia real,"cola de contraste; evidencia previa debe reconciliarse, no significa nunca probado"
src/pages/SloErrorBudget.tsx,pagina,/admin/slo,inventoried_only,True,c62f038c52632057ce5de1e8646c9ad4b36327391b0947a3f43ef55576f9720b,red,online/offline; timeout/403/500; recuperación sin estado residual,"cola de contraste; evidencia previa debe reconciliarse, no significa nunca probado"
src/pages/SloErrorBudget.tsx,pagina,/admin/slo,inventoried_only,True,c62f038c52632057ce5de1e8646c9ad4b36327391b0947a3f43ef55576f9720b,mutacion,doble clic/reintento/concurrencia; idempotencia y auditoría,"cola de contraste; evidencia previa debe reconciliarse, no significa nunca probado"
src/pages/SloErrorBudget.tsx,pagina,/admin/slo,inventoried_only,True,c62f038c52632057ce5de1e8646c9ad4b36327391b0947a3f43ef55576f9720b,persistencia,guardar→leer de vuelta→recargar; cola→servidor→consumidor,"cola de contraste; evidencia previa debe reconciliarse, no significa nunca probado"
src/pages/SloErrorBudget.tsx,pagina,/admin/slo,inventoried_only,True,c62f038c52632057ce5de1e8646c9ad4b36327391b0947a3f43ef55576f9720b,ciclo_vida,background/proceso muerto; actualización PWA; versión antigua,"cola de contraste; evidencia previa debe reconciliarse, no significa nunca probado"
src/pages/SloErrorBudget.tsx,pagina,/admin/slo,inventoried_only,True,c62f038c52632057ce5de1e8646c9ad4b36327391b0947a3f43ef55576f9720b,salida,exportación/PDF/firma/compartir; integridad; revocación,"cola de contraste; evidencia previa debe reconciliarse, no significa nunca probado"
src/pages/SloErrorBudget.tsx,pagina,/admin/slo,inventoried_only,True,c62f038c52632057ce5de1e8646c9ad4b36327391b0947a3f43ef55576f9720b,dispositivo,web/Android; permisos revocados; OEM; sensores no disponibles,"cola de contraste; evidencia previa debe reconciliarse, no significa nunca probado"
src/pages/SloErrorBudget.tsx,pagina,/admin/slo,inventoried_only,True,c62f038c52632057ce5de1e8646c9ad4b36327391b0947a3f43ef55576f9720b,presentacion,idioma/accesibilidad; loading/error; no convertir falta de datos en seguro,"cola de contraste; evidencia previa debe reconciliarse, no significa nunca probado"
src/pages/SoftBlocks.tsx,pagina,/soft-blocks,inventoried_only,True,96293c36aab4a96ce01e06ed29b910afe9c4da9f653389f7d4304b8d70174acd,identidad,anónimo/autenticado; rol permitido/denegado; sesión expirada/revocada,"cola de contraste; evidencia previa debe reconciliarse, no significa nunca probado"
src/pages/SoftBlocks.tsx,pagina,/soft-blocks,inventoried_only,True,96293c36aab4a96ce01e06ed29b910afe9c4da9f653389f7d4304b8d70174acd,ambito,sin proyecto; A→B→A; cambio de empresa; respuesta tardía,"cola de contraste; evidencia previa debe reconciliarse, no significa nunca probado"
src/pages/SoftBlocks.tsx,pagina,/soft-blocks,inventoried_only,True,96293c36aab4a96ce01e06ed29b910afe9c4da9f653389f7d4304b8d70174acd,entrada,menú/URL/QR/push; arranque frío; demo frente a rama normal,"cola de contraste; evidencia previa debe reconciliarse, no significa nunca probado"
src/pages/SoftBlocks.tsx,pagina,/soft-blocks,inventoried_only,True,96293c36aab4a96ce01e06ed29b910afe9c4da9f653389f7d4304b8d70174acd,datos,vacío/inválido/antiguo; unidades y fechas; procedencia real,"cola de contraste; evidencia previa debe reconciliarse, no significa nunca probado"
src/pages/SoftBlocks.tsx,pagina,/soft-blocks,inventoried_only,True,96293c36aab4a96ce01e06ed29b910afe9c4da9f653389f7d4304b8d70174acd,red,online/offline; timeout/403/500; recuperación sin estado residual,"cola de contraste; evidencia previa debe reconciliarse, no significa nunca probado"
src/pages/SoftBlocks.tsx,pagina,/soft-blocks,inventoried_only,True,96293c36aab4a96ce01e06ed29b910afe9c4da9f653389f7d4304b8d70174acd,mutacion,doble clic/reintento/concurrencia; idempotencia y auditoría,"cola de contraste; evidencia previa debe reconciliarse, no significa nunca probado"
src/pages/SoftBlocks.tsx,pagina,/soft-blocks,inventoried_only,True,96293c36aab4a96ce01e06ed29b910afe9c4da9f653389f7d4304b8d70174acd,persistencia,guardar→leer de vuelta→recargar; cola→servidor→consumidor,"cola de contraste; evidencia previa debe reconciliarse, no significa nunca probado"
src/pages/SoftBlocks.tsx,pagina,/soft-blocks,inventoried_only,True,96293c36aab4a96ce01e06ed29b910afe9c4da9f653389f7d4304b8d70174acd,ciclo_vida,background/proceso muerto; actualización PWA; versión antigua,"cola de contraste; evidencia previa debe reconciliarse, no significa nunca probado"
src/pages/SoftBlocks.tsx,pagina,/soft-blocks,inventoried_only,True,96293c36aab4a96ce01e06ed29b910afe9c4da9f653389f7d4304b8d70174acd,salida,exportación/PDF/firma/compartir; integridad; revocación,"cola de contraste; evidencia previa debe reconciliarse, no significa nunca probado"
src/pages/SoftBlocks.tsx,pagina,/soft-blocks,inventoried_only,True,96293c36aab4a96ce01e06ed29b910afe9c4da9f653389f7d4304b8d70174acd,dispositivo,web/Android; permisos revocados; OEM; sensores no disponibles,"cola de contraste; evidencia previa debe reconciliarse, no significa nunca probado"
src/pages/SoftBlocks.tsx,pagina,/soft-blocks,inventoried_only,True,96293c36aab4a96ce01e06ed29b910afe9c4da9f653389f7d4304b8d70174acd,presentacion,idioma/accesibilidad; loading/error; no convertir falta de datos en seguro,"cola de contraste; evidencia previa debe reconciliarse, no significa nunca probado"
src/pages/Splash.tsx,pagina,,inventoried_only,False,36680855518748995804d2958185a55c97a96bc19ced6a9d2295ca25491c727e,identidad,anónimo/autenticado; rol permitido/denegado; sesión expirada/revocada,"cola de contraste; evidencia previa debe reconciliarse, no significa nunca probado"
src/pages/Splash.tsx,pagina,,inventoried_only,False,36680855518748995804d2958185a55c97a96bc19ced6a9d2295ca25491c727e,ambito,sin proyecto; A→B→A; cambio de empresa; respuesta tardía,"cola de contraste; evidencia previa debe reconciliarse, no significa nunca probado"
src/pages/Splash.tsx,pagina,,inventoried_only,False,36680855518748995804d2958185a55c97a96bc19ced6a9d2295ca25491c727e,entrada,menú/URL/QR/push; arranque frío; demo frente a rama normal,"cola de contraste; evidencia previa debe reconciliarse, no significa nunca probado"
src/pages/Splash.tsx,pagina,,inventoried_only,False,36680855518748995804d2958185a55c97a96bc19ced6a9d2295ca25491c727e,datos,vacío/inválido/antiguo; unidades y fechas; procedencia real,"cola de contraste; evidencia previa debe reconciliarse, no significa nunca probado"
src/pages/Splash.tsx,pagina,,inventoried_only,False,36680855518748995804d2958185a55c97a96bc19ced6a9d2295ca25491c727e,red,online/offline; timeout/403/500; recuperación sin estado residual,"cola de contraste; evidencia previa debe reconciliarse, no significa nunca probado"
src/pages/Splash.tsx,pagina,,inventoried_only,False,36680855518748995804d2958185a55c97a96bc19ced6a9d2295ca25491c727e,mutacion,doble clic/reintento/concurrencia; idempotencia y auditoría,"cola de contraste; evidencia previa debe reconciliarse, no significa nunca probado"
src/pages/Splash.tsx,pagina,,inventoried_only,False,36680855518748995804d2958185a55c97a96bc19ced6a9d2295ca25491c727e,persistencia,guardar→leer de vuelta→recargar; cola→servidor→consumidor,"cola de contraste; evidencia previa debe reconciliarse, no significa nunca probado"
src/pages/Splash.tsx,pagina,,inventoried_only,False,36680855518748995804d2958185a55c97a96bc19ced6a9d2295ca25491c727e,ciclo_vida,background/proceso muerto; actualización PWA; versión antigua,"cola de contraste; evidencia previa debe reconciliarse, no significa nunca probado"
src/pages/Splash.tsx,pagina,,inventoried_only,False,36680855518748995804d2958185a55c97a96bc19ced6a9d2295ca25491c727e,salida,exportación/PDF/firma/compartir; integridad; revocación,"cola de contraste; evidencia previa debe reconciliarse, no significa nunca probado"
src/pages/Splash.tsx,pagina,,inventoried_only,False,36680855518748995804d2958185a55c97a96bc19ced6a9d2295ca25491c727e,dispositivo,web/Android; permisos revocados; OEM; sensores no disponibles,"cola de contraste; evidencia previa debe reconciliarse, no significa nunca probado"
src/pages/Splash.tsx,pagina,,inventoried_only,False,36680855518748995804d2958185a55c97a96bc19ced6a9d2295ca25491c727e,presentacion,idioma/accesibilidad; loading/error; no convertir falta de datos en seguro,"cola de contraste; evidencia previa debe reconciliarse, no significa nunca probado"
src/pages/StoppageMonitor.tsx,pagina,/stoppages,referenced_in_vault_depth_unverified,True,f76e3dc97f92d4986b70cf5c5a55c811b466b28e8e1a25b11f439263c6a10d08,identidad,anónimo/autenticado; rol permitido/denegado; sesión expirada/revocada,"cola de contraste; evidencia previa debe reconciliarse, no significa nunca probado"
src/pages/StoppageMonitor.tsx,pagina,/stoppages,referenced_in_vault_depth_unverified,True,f76e3dc97f92d4986b70cf5c5a55c811b466b28e8e1a25b11f439263c6a10d08,ambito,sin proyecto; A→B→A; cambio de empresa; respuesta tardía,"cola de contraste; evidencia previa debe reconciliarse, no significa nunca probado"
src/pages/StoppageMonitor.tsx,pagina,/stoppages,referenced_in_vault_depth_unverified,True,f76e3dc97f92d4986b70cf5c5a55c811b466b28e8e1a25b11f439263c6a10d08,entrada,menú/URL/QR/push; arranque frío; demo frente a rama normal,"cola de contraste; evidencia previa debe reconciliarse, no significa nunca probado"
src/pages/StoppageMonitor.tsx,pagina,/stoppages,referenced_in_vault_depth_unverified,True,f76e3dc97f92d4986b70cf5c5a55c811b466b28e8e1a25b11f439263c6a10d08,datos,vacío/inválido/antiguo; unidades y fechas; procedencia real,"cola de contraste; evidencia previa debe reconciliarse, no significa nunca probado"
src/pages/StoppageMonitor.tsx,pagina,/stoppages,referenced_in_vault_depth_unverified,True,f76e3dc97f92d4986b70cf5c5a55c811b466b28e8e1a25b11f439263c6a10d08,red,online/offline; timeout/403/500; recuperación sin estado residual,"cola de contraste; evidencia previa debe reconciliarse, no significa nunca probado"
src/pages/StoppageMonitor.tsx,pagina,/stoppages,referenced_in_vault_depth_unverified,True,f76e3dc97f92d4986b70cf5c5a55c811b466b28e8e1a25b11f439263c6a10d08,mutacion,doble clic/reintento/concurrencia; idempotencia y auditoría,"cola de contraste; evidencia previa debe reconciliarse, no significa nunca probado"
src/pages/StoppageMonitor.tsx,pagina,/stoppages,referenced_in_vault_depth_unverified,True,f76e3dc97f92d4986b70cf5c5a55c811b466b28e8e1a25b11f439263c6a10d08,persistencia,guardar→leer de vuelta→recargar; cola→servidor→consumidor,"cola de contraste; evidencia previa debe reconciliarse, no significa nunca probado"
src/pages/StoppageMonitor.tsx,pagina,/stoppages,referenced_in_vault_depth_unverified,True,f76e3dc97f92d4986b70cf5c5a55c811b466b28e8e1a25b11f439263c6a10d08,ciclo_vida,background/proceso muerto; actualización PWA; versión antigua,"cola de contraste; evidencia previa debe reconciliarse, no significa nunca probado"
src/pages/StoppageMonitor.tsx,pagina,/stoppages,referenced_in_vault_depth_unverified,True,f76e3dc97f92d4986b70cf5c5a55c811b466b28e8e1a25b11f439263c6a10d08,salida,exportación/PDF/firma/compartir; integridad; revocación,"cola de contraste; evidencia previa debe reconciliarse, no significa nunca probado"
src/pages/StoppageMonitor.tsx,pagina,/stoppages,referenced_in_vault_depth_unverified,True,f76e3dc97f92d4986b70cf5c5a55c811b466b28e8e1a25b11f439263c6a10d08,dispositivo,web/Android; permisos revocados; OEM; sensores no disponibles,"cola de contraste; evidencia previa debe reconciliarse, no significa nunca probado"
src/pages/StoppageMonitor.tsx,pagina,/stoppages,referenced_in_vault_depth_unverified,True,f76e3dc97f92d4986b70cf5c5a55c811b466b28e8e1a25b11f439263c6a10d08,presentacion,idioma/accesibilidad; loading/error; no convertir falta de datos en seguro,"cola de contraste; evidencia previa debe reconciliarse, no significa nunca probado"
src/pages/SunTracker.tsx,pagina,/sun-tracker,inventoried_only,True,eb9c46cb1f36ad6ff21821087376b26369effe5f81c2881a4fcbcc0c0d1f047c,identidad,anónimo/autenticado; rol permitido/denegado; sesión expirada/revocada,"cola de contraste; evidencia previa debe reconciliarse, no significa nunca probado"
src/pages/SunTracker.tsx,pagina,/sun-tracker,inventoried_only,True,eb9c46cb1f36ad6ff21821087376b26369effe5f81c2881a4fcbcc0c0d1f047c,ambito,sin proyecto; A→B→A; cambio de empresa; respuesta tardía,"cola de contraste; evidencia previa debe reconciliarse, no significa nunca probado"
src/pages/SunTracker.tsx,pagina,/sun-tracker,inventoried_only,True,eb9c46cb1f36ad6ff21821087376b26369effe5f81c2881a4fcbcc0c0d1f047c,entrada,menú/URL/QR/push; arranque frío; demo frente a rama normal,"cola de contraste; evidencia previa debe reconciliarse, no significa nunca probado"
src/pages/SunTracker.tsx,pagina,/sun-tracker,inventoried_only,True,eb9c46cb1f36ad6ff21821087376b26369effe5f81c2881a4fcbcc0c0d1f047c,datos,vacío/inválido/antiguo; unidades y fechas; procedencia real,"cola de contraste; evidencia previa debe reconciliarse, no significa nunca probado"
src/pages/SunTracker.tsx,pagina,/sun-tracker,inventoried_only,True,eb9c46cb1f36ad6ff21821087376b26369effe5f81c2881a4fcbcc0c0d1f047c,red,online/offline; timeout/403/500; recuperación sin estado residual,"cola de contraste; evidencia previa debe reconciliarse, no significa nunca probado"
src/pages/SunTracker.tsx,pagina,/sun-tracker,inventoried_only,True,eb9c46cb1f36ad6ff21821087376b26369effe5f81c2881a4fcbcc0c0d1f047c,mutacion,doble clic/reintento/concurrencia; idempotencia y auditoría,"cola de contraste; evidencia previa debe reconciliarse, no significa nunca probado"
src/pages/SunTracker.tsx,pagina,/sun-tracker,inventoried_only,True,eb9c46cb1f36ad6ff21821087376b26369effe5f81c2881a4fcbcc0c0d1f047c,persistencia,guardar→leer de vuelta→recargar; cola→servidor→consumidor,"cola de contraste; evidencia previa debe reconciliarse, no significa nunca probado"
src/pages/SunTracker.tsx,pagina,/sun-tracker,inventoried_only,True,eb9c46cb1f36ad6ff21821087376b26369effe5f81c2881a4fcbcc0c0d1f047c,ciclo_vida,background/proceso muerto; actualización PWA; versión antigua,"cola de contraste; evidencia previa debe reconciliarse, no significa nunca probado"
src/pages/SunTracker.tsx,pagina,/sun-tracker,inventoried_only,True,eb9c46cb1f36ad6ff21821087376b26369effe5f81c2881a4fcbcc0c0d1f047c,salida,exportación/PDF/firma/compartir; integridad; revocación,"cola de contraste; evidencia previa debe reconciliarse, no significa nunca probado"
src/pages/SunTracker.tsx,pagina,/sun-tracker,inventoried_only,True,eb9c46cb1f36ad6ff21821087376b26369effe5f81c2881a4fcbcc0c0d1f047c,dispositivo,web/Android; permisos revocados; OEM; sensores no disponibles,"cola de contraste; evidencia previa debe reconciliarse, no significa nunca probado"
src/pages/SunTracker.tsx,pagina,/sun-tracker,inventoried_only,True,eb9c46cb1f36ad6ff21821087376b26369effe5f81c2881a4fcbcc0c0d1f047c,presentacion,idioma/accesibilidad; loading/error; no convertir falta de datos en seguro,"cola de contraste; evidencia previa debe reconciliarse, no significa nunca probado"
src/pages/SupplierQuality.tsx,pagina,/suppliers,referenced_in_vault_depth_unverified,True,f2131edb3b17adac745ed917ad24057764bc7eca600f0424b6fd2d7075e62d2d,identidad,anónimo/autenticado; rol permitido/denegado; sesión expirada/revocada,"cola de contraste; evidencia previa debe reconciliarse, no significa nunca probado"
src/pages/SupplierQuality.tsx,pagina,/suppliers,referenced_in_vault_depth_unverified,True,f2131edb3b17adac745ed917ad24057764bc7eca600f0424b6fd2d7075e62d2d,ambito,sin proyecto; A→B→A; cambio de empresa; respuesta tardía,"cola de contraste; evidencia previa debe reconciliarse, no significa nunca probado"
src/pages/SupplierQuality.tsx,pagina,/suppliers,referenced_in_vault_depth_unverified,True,f2131edb3b17adac745ed917ad24057764bc7eca600f0424b6fd2d7075e62d2d,entrada,menú/URL/QR/push; arranque frío; demo frente a rama normal,"cola de contraste; evidencia previa debe reconciliarse, no significa nunca probado"
src/pages/SupplierQuality.tsx,pagina,/suppliers,referenced_in_vault_depth_unverified,True,f2131edb3b17adac745ed917ad24057764bc7eca600f0424b6fd2d7075e62d2d,datos,vacío/inválido/antiguo; unidades y fechas; procedencia real,"cola de contraste; evidencia previa debe reconciliarse, no significa nunca probado"
src/pages/SupplierQuality.tsx,pagina,/suppliers,referenced_in_vault_depth_unverified,True,f2131edb3b17adac745ed917ad24057764bc7eca600f0424b6fd2d7075e62d2d,red,online/offline; timeout/403/500; recuperación sin estado residual,"cola de contraste; evidencia previa debe reconciliarse, no significa nunca probado"
src/pages/SupplierQuality.tsx,pagina,/suppliers,referenced_in_vault_depth_unverified,True,f2131edb3b17adac745ed917ad24057764bc7eca600f0424b6fd2d7075e62d2d,mutacion,doble clic/reintento/concurrencia; idempotencia y auditoría,"cola de contraste; evidencia previa debe reconciliarse, no significa nunca probado"
src/pages/SupplierQuality.tsx,pagina,/suppliers,referenced_in_vault_depth_unverified,True,f2131edb3b17adac745ed917ad24057764bc7eca600f0424b6fd2d7075e62d2d,persistencia,guardar→leer de vuelta→recargar; cola→servidor→consumidor,"cola de contraste; evidencia previa debe reconciliarse, no significa nunca probado"
src/pages/SupplierQuality.tsx,pagina,/suppliers,referenced_in_vault_depth_unverified,True,f2131edb3b17adac745ed917ad24057764bc7eca600f0424b6fd2d7075e62d2d,ciclo_vida,background/proceso muerto; actualización PWA; versión antigua,"cola de contraste; evidencia previa debe reconciliarse, no significa nunca probado"
src/pages/SupplierQuality.tsx,pagina,/suppliers,referenced_in_vault_depth_unverified,True,f2131edb3b17adac745ed917ad24057764bc7eca600f0424b6fd2d7075e62d2d,salida,exportación/PDF/firma/compartir; integridad; revocación,"cola de contraste; evidencia previa debe reconciliarse, no significa nunca probado"
src/pages/SupplierQuality.tsx,pagina,/suppliers,referenced_in_vault_depth_unverified,True,f2131edb3b17adac745ed917ad24057764bc7eca600f0424b6fd2d7075e62d2d,dispositivo,web/Android; permisos revocados; OEM; sensores no disponibles,"cola de contraste; evidencia previa debe reconciliarse, no significa nunca probado"
src/pages/SupplierQuality.tsx,pagina,/suppliers,referenced_in_vault_depth_unverified,True,f2131edb3b17adac745ed917ad24057764bc7eca600f0424b6fd2d7075e62d2d,presentacion,idioma/accesibilidad; loading/error; no convertir falta de datos en seguro,"cola de contraste; evidencia previa debe reconciliarse, no significa nunca probado"
src/pages/SusesoReports.tsx,pagina,/suseso,referenced_in_vault_depth_unverified,True,ef88799dd4cd3f31b70cc8bbadfb104008893a10ee9e18bb76e782777f2aed1e,identidad,anónimo/autenticado; rol permitido/denegado; sesión expirada/revocada,"cola de contraste; evidencia previa debe reconciliarse, no significa nunca probado"
src/pages/SusesoReports.tsx,pagina,/suseso,referenced_in_vault_depth_unverified,True,ef88799dd4cd3f31b70cc8bbadfb104008893a10ee9e18bb76e782777f2aed1e,ambito,sin proyecto; A→B→A; cambio de empresa; respuesta tardía,"cola de contraste; evidencia previa debe reconciliarse, no significa nunca probado"
src/pages/SusesoReports.tsx,pagina,/suseso,referenced_in_vault_depth_unverified,True,ef88799dd4cd3f31b70cc8bbadfb104008893a10ee9e18bb76e782777f2aed1e,entrada,menú/URL/QR/push; arranque frío; demo frente a rama normal,"cola de contraste; evidencia previa debe reconciliarse, no significa nunca probado"
src/pages/SusesoReports.tsx,pagina,/suseso,referenced_in_vault_depth_unverified,True,ef88799dd4cd3f31b70cc8bbadfb104008893a10ee9e18bb76e782777f2aed1e,datos,vacío/inválido/antiguo; unidades y fechas; procedencia real,"cola de contraste; evidencia previa debe reconciliarse, no significa nunca probado"
src/pages/SusesoReports.tsx,pagina,/suseso,referenced_in_vault_depth_unverified,True,ef88799dd4cd3f31b70cc8bbadfb104008893a10ee9e18bb76e782777f2aed1e,red,online/offline; timeout/403/500; recuperación sin estado residual,"cola de contraste; evidencia previa debe reconciliarse, no significa nunca probado"
src/pages/SusesoReports.tsx,pagina,/suseso,referenced_in_vault_depth_unverified,True,ef88799dd4cd3f31b70cc8bbadfb104008893a10ee9e18bb76e782777f2aed1e,mutacion,doble clic/reintento/concurrencia; idempotencia y auditoría,"cola de contraste; evidencia previa debe reconciliarse, no significa nunca probado"
src/pages/SusesoReports.tsx,pagina,/suseso,referenced_in_vault_depth_unverified,True,ef88799dd4cd3f31b70cc8bbadfb104008893a10ee9e18bb76e782777f2aed1e,persistencia,guardar→leer de vuelta→recargar; cola→servidor→consumidor,"cola de contraste; evidencia previa debe reconciliarse, no significa nunca probado"
src/pages/SusesoReports.tsx,pagina,/suseso,referenced_in_vault_depth_unverified,True,ef88799dd4cd3f31b70cc8bbadfb104008893a10ee9e18bb76e782777f2aed1e,ciclo_vida,background/proceso muerto; actualización PWA; versión antigua,"cola de contraste; evidencia previa debe reconciliarse, no significa nunca probado"
src/pages/SusesoReports.tsx,pagina,/suseso,referenced_in_vault_depth_unverified,True,ef88799dd4cd3f31b70cc8bbadfb104008893a10ee9e18bb76e782777f2aed1e,salida,exportación/PDF/firma/compartir; integridad; revocación,"cola de contraste; evidencia previa debe reconciliarse, no significa nunca probado"
src/pages/SusesoReports.tsx,pagina,/suseso,referenced_in_vault_depth_unverified,True,ef88799dd4cd3f31b70cc8bbadfb104008893a10ee9e18bb76e782777f2aed1e,dispositivo,web/Android; permisos revocados; OEM; sensores no disponibles,"cola de contraste; evidencia previa debe reconciliarse, no significa nunca probado"
src/pages/SusesoReports.tsx,pagina,/suseso,referenced_in_vault_depth_unverified,True,ef88799dd4cd3f31b70cc8bbadfb104008893a10ee9e18bb76e782777f2aed1e,presentacion,idioma/accesibilidad; loading/error; no convertir falta de datos en seguro,"cola de contraste; evidencia previa debe reconciliarse, no significa nunca probado"
src/pages/SystemHealth.tsx,pagina,/settings/system-health,inventoried_only,True,6ccfe38f5ed9f42e01c08f77ed7e77f7caff72bb09bd1e80c21cd3ec105c635e,identidad,anónimo/autenticado; rol permitido/denegado; sesión expirada/revocada,"cola de contraste; evidencia previa debe reconciliarse, no significa nunca probado"
src/pages/SystemHealth.tsx,pagina,/settings/system-health,inventoried_only,True,6ccfe38f5ed9f42e01c08f77ed7e77f7caff72bb09bd1e80c21cd3ec105c635e,ambito,sin proyecto; A→B→A; cambio de empresa; respuesta tardía,"cola de contraste; evidencia previa debe reconciliarse, no significa nunca probado"
src/pages/SystemHealth.tsx,pagina,/settings/system-health,inventoried_only,True,6ccfe38f5ed9f42e01c08f77ed7e77f7caff72bb09bd1e80c21cd3ec105c635e,entrada,menú/URL/QR/push; arranque frío; demo frente a rama normal,"cola de contraste; evidencia previa debe reconciliarse, no significa nunca probado"
src/pages/SystemHealth.tsx,pagina,/settings/system-health,inventoried_only,True,6ccfe38f5ed9f42e01c08f77ed7e77f7caff72bb09bd1e80c21cd3ec105c635e,datos,vacío/inválido/antiguo; unidades y fechas; procedencia real,"cola de contraste; evidencia previa debe reconciliarse, no significa nunca probado"
src/pages/SystemHealth.tsx,pagina,/settings/system-health,inventoried_only,True,6ccfe38f5ed9f42e01c08f77ed7e77f7caff72bb09bd1e80c21cd3ec105c635e,red,online/offline; timeout/403/500; recuperación sin estado residual,"cola de contraste; evidencia previa debe reconciliarse, no significa nunca probado"
src/pages/SystemHealth.tsx,pagina,/settings/system-health,inventoried_only,True,6ccfe38f5ed9f42e01c08f77ed7e77f7caff72bb09bd1e80c21cd3ec105c635e,mutacion,doble clic/reintento/concurrencia; idempotencia y auditoría,"cola de contraste; evidencia previa debe reconciliarse, no significa nunca probado"
src/pages/SystemHealth.tsx,pagina,/settings/system-health,inventoried_only,True,6ccfe38f5ed9f42e01c08f77ed7e77f7caff72bb09bd1e80c21cd3ec105c635e,persistencia,guardar→leer de vuelta→recargar; cola→servidor→consumidor,"cola de contraste; evidencia previa debe reconciliarse, no significa nunca probado"
src/pages/SystemHealth.tsx,pagina,/settings/system-health,inventoried_only,True,6ccfe38f5ed9f42e01c08f77ed7e77f7caff72bb09bd1e80c21cd3ec105c635e,ciclo_vida,background/proceso muerto; actualización PWA; versión antigua,"cola de contraste; evidencia previa debe reconciliarse, no significa nunca probado"
src/pages/SystemHealth.tsx,pagina,/settings/system-health,inventoried_only,True,6ccfe38f5ed9f42e01c08f77ed7e77f7caff72bb09bd1e80c21cd3ec105c635e,salida,exportación/PDF/firma/compartir; integridad; revocación,"cola de contraste; evidencia previa debe reconciliarse, no significa nunca probado"
src/pages/SystemHealth.tsx,pagina,/settings/system-health,inventoried_only,True,6ccfe38f5ed9f42e01c08f77ed7e77f7caff72bb09bd1e80c21cd3ec105c635e,dispositivo,web/Android; permisos revocados; OEM; sensores no disponibles,"cola de contraste; evidencia previa debe reconciliarse, no significa nunca probado"
src/pages/SystemHealth.tsx,pagina,/settings/system-health,inventoried_only,True,6ccfe38f5ed9f42e01c08f77ed7e77f7caff72bb09bd1e80c21cd3ec105c635e,presentacion,idioma/accesibilidad; loading/error; no convertir falta de datos en seguro,"cola de contraste; evidencia previa debe reconciliarse, no significa nunca probado"
src/pages/Telemetry.tsx,pagina,/telemetry,referenced_in_vault_depth_unverified,True,63169bfaba3e5540336c4adde4dc2055bb32739896a688e0097ee10a321a837d,identidad,anónimo/autenticado; rol permitido/denegado; sesión expirada/revocada,"cola de contraste; evidencia previa debe reconciliarse, no significa nunca probado"
src/pages/Telemetry.tsx,pagina,/telemetry,referenced_in_vault_depth_unverified,True,63169bfaba3e5540336c4adde4dc2055bb32739896a688e0097ee10a321a837d,ambito,sin proyecto; A→B→A; cambio de empresa; respuesta tardía,"cola de contraste; evidencia previa debe reconciliarse, no significa nunca probado"
src/pages/Telemetry.tsx,pagina,/telemetry,referenced_in_vault_depth_unverified,True,63169bfaba3e5540336c4adde4dc2055bb32739896a688e0097ee10a321a837d,entrada,menú/URL/QR/push; arranque frío; demo frente a rama normal,"cola de contraste; evidencia previa debe reconciliarse, no significa nunca probado"
src/pages/Telemetry.tsx,pagina,/telemetry,referenced_in_vault_depth_unverified,True,63169bfaba3e5540336c4adde4dc2055bb32739896a688e0097ee10a321a837d,datos,vacío/inválido/antiguo; unidades y fechas; procedencia real,"cola de contraste; evidencia previa debe reconciliarse, no significa nunca probado"
src/pages/Telemetry.tsx,pagina,/telemetry,referenced_in_vault_depth_unverified,True,63169bfaba3e5540336c4adde4dc2055bb32739896a688e0097ee10a321a837d,red,online/offline; timeout/403/500; recuperación sin estado residual,"cola de contraste; evidencia previa debe reconciliarse, no significa nunca probado"
src/pages/Telemetry.tsx,pagina,/telemetry,referenced_in_vault_depth_unverified,True,63169bfaba3e5540336c4adde4dc2055bb32739896a688e0097ee10a321a837d,mutacion,doble clic/reintento/concurrencia; idempotencia y auditoría,"cola de contraste; evidencia previa debe reconciliarse, no significa nunca probado"
src/pages/Telemetry.tsx,pagina,/telemetry,referenced_in_vault_depth_unverified,True,63169bfaba3e5540336c4adde4dc2055bb32739896a688e0097ee10a321a837d,persistencia,guardar→leer de vuelta→recargar; cola→servidor→consumidor,"cola de contraste; evidencia previa debe reconciliarse, no significa nunca probado"
src/pages/Telemetry.tsx,pagina,/telemetry,referenced_in_vault_depth_unverified,True,63169bfaba3e5540336c4adde4dc2055bb32739896a688e0097ee10a321a837d,ciclo_vida,background/proceso muerto; actualización PWA; versión antigua,"cola de contraste; evidencia previa debe reconciliarse, no significa nunca probado"
src/pages/Telemetry.tsx,pagina,/telemetry,referenced_in_vault_depth_unverified,True,63169bfaba3e5540336c4adde4dc2055bb32739896a688e0097ee10a321a837d,salida,exportación/PDF/firma/compartir; integridad; revocación,"cola de contraste; evidencia previa debe reconciliarse, no significa nunca probado"
src/pages/Telemetry.tsx,pagina,/telemetry,referenced_in_vault_depth_unverified,True,63169bfaba3e5540336c4adde4dc2055bb32739896a688e0097ee10a321a837d,dispositivo,web/Android; permisos revocados; OEM; sensores no disponibles,"cola de contraste; evidencia previa debe reconciliarse, no significa nunca probado"
src/pages/Telemetry.tsx,pagina,/telemetry,referenced_in_vault_depth_unverified,True,63169bfaba3e5540336c4adde4dc2055bb32739896a688e0097ee10a321a837d,presentacion,idioma/accesibilidad; loading/error; no convertir falta de datos en seguro,"cola de contraste; evidencia previa debe reconciliarse, no significa nunca probado"
src/pages/Terms.tsx,pagina,/terms,referenced_in_vault_depth_unverified,True,8433fc5a742f50c821aa02de5346e234065f8bfff60116c5627e066c0f5fe28e,identidad,anónimo/autenticado; rol permitido/denegado; sesión expirada/revocada,"cola de contraste; evidencia previa debe reconciliarse, no significa nunca probado"
src/pages/Terms.tsx,pagina,/terms,referenced_in_vault_depth_unverified,True,8433fc5a742f50c821aa02de5346e234065f8bfff60116c5627e066c0f5fe28e,ambito,sin proyecto; A→B→A; cambio de empresa; respuesta tardía,"cola de contraste; evidencia previa debe reconciliarse, no significa nunca probado"
src/pages/Terms.tsx,pagina,/terms,referenced_in_vault_depth_unverified,True,8433fc5a742f50c821aa02de5346e234065f8bfff60116c5627e066c0f5fe28e,entrada,menú/URL/QR/push; arranque frío; demo frente a rama normal,"cola de contraste; evidencia previa debe reconciliarse, no significa nunca probado"
src/pages/Terms.tsx,pagina,/terms,referenced_in_vault_depth_unverified,True,8433fc5a742f50c821aa02de5346e234065f8bfff60116c5627e066c0f5fe28e,datos,vacío/inválido/antiguo; unidades y fechas; procedencia real,"cola de contraste; evidencia previa debe reconciliarse, no significa nunca probado"
src/pages/Terms.tsx,pagina,/terms,referenced_in_vault_depth_unverified,True,8433fc5a742f50c821aa02de5346e234065f8bfff60116c5627e066c0f5fe28e,red,online/offline; timeout/403/500; recuperación sin estado residual,"cola de contraste; evidencia previa debe reconciliarse, no significa nunca probado"
src/pages/Terms.tsx,pagina,/terms,referenced_in_vault_depth_unverified,True,8433fc5a742f50c821aa02de5346e234065f8bfff60116c5627e066c0f5fe28e,mutacion,doble clic/reintento/concurrencia; idempotencia y auditoría,"cola de contraste; evidencia previa debe reconciliarse, no significa nunca probado"
src/pages/Terms.tsx,pagina,/terms,referenced_in_vault_depth_unverified,True,8433fc5a742f50c821aa02de5346e234065f8bfff60116c5627e066c0f5fe28e,persistencia,guardar→leer de vuelta→recargar; cola→servidor→consumidor,"cola de contraste; evidencia previa debe reconciliarse, no significa nunca probado"
src/pages/Terms.tsx,pagina,/terms,referenced_in_vault_depth_unverified,True,8433fc5a742f50c821aa02de5346e234065f8bfff60116c5627e066c0f5fe28e,ciclo_vida,background/proceso muerto; actualización PWA; versión antigua,"cola de contraste; evidencia previa debe reconciliarse, no significa nunca probado"
src/pages/Terms.tsx,pagina,/terms,referenced_in_vault_depth_unverified,True,8433fc5a742f50c821aa02de5346e234065f8bfff60116c5627e066c0f5fe28e,salida,exportación/PDF/firma/compartir; integridad; revocación,"cola de contraste; evidencia previa debe reconciliarse, no significa nunca probado"
src/pages/Terms.tsx,pagina,/terms,referenced_in_vault_depth_unverified,True,8433fc5a742f50c821aa02de5346e234065f8bfff60116c5627e066c0f5fe28e,dispositivo,web/Android; permisos revocados; OEM; sensores no disponibles,"cola de contraste; evidencia previa debe reconciliarse, no significa nunca probado"
src/pages/Terms.tsx,pagina,/terms,referenced_in_vault_depth_unverified,True,8433fc5a742f50c821aa02de5346e234065f8bfff60116c5627e066c0f5fe28e,presentacion,idioma/accesibilidad; loading/error; no convertir falta de datos en seguro,"cola de contraste; evidencia previa debe reconciliarse, no significa nunca probado"
src/pages/TmertEvaluation.tsx,pagina,/tmert,referenced_in_vault_depth_unverified,True,8a999e75ca8e4e20486b7e37438c24194ea90c98d52ce63504f1308659416bcc,identidad,anónimo/autenticado; rol permitido/denegado; sesión expirada/revocada,"cola de contraste; evidencia previa debe reconciliarse, no significa nunca probado"
src/pages/TmertEvaluation.tsx,pagina,/tmert,referenced_in_vault_depth_unverified,True,8a999e75ca8e4e20486b7e37438c24194ea90c98d52ce63504f1308659416bcc,ambito,sin proyecto; A→B→A; cambio de empresa; respuesta tardía,"cola de contraste; evidencia previa debe reconciliarse, no significa nunca probado"
src/pages/TmertEvaluation.tsx,pagina,/tmert,referenced_in_vault_depth_unverified,True,8a999e75ca8e4e20486b7e37438c24194ea90c98d52ce63504f1308659416bcc,entrada,menú/URL/QR/push; arranque frío; demo frente a rama normal,"cola de contraste; evidencia previa debe reconciliarse, no significa nunca probado"
src/pages/TmertEvaluation.tsx,pagina,/tmert,referenced_in_vault_depth_unverified,True,8a999e75ca8e4e20486b7e37438c24194ea90c98d52ce63504f1308659416bcc,datos,vacío/inválido/antiguo; unidades y fechas; procedencia real,"cola de contraste; evidencia previa debe reconciliarse, no significa nunca probado"
src/pages/TmertEvaluation.tsx,pagina,/tmert,referenced_in_vault_depth_unverified,True,8a999e75ca8e4e20486b7e37438c24194ea90c98d52ce63504f1308659416bcc,red,online/offline; timeout/403/500; recuperación sin estado residual,"cola de contraste; evidencia previa debe reconciliarse, no significa nunca probado"
src/pages/TmertEvaluation.tsx,pagina,/tmert,referenced_in_vault_depth_unverified,True,8a999e75ca8e4e20486b7e37438c24194ea90c98d52ce63504f1308659416bcc,mutacion,doble clic/reintento/concurrencia; idempotencia y auditoría,"cola de contraste; evidencia previa debe reconciliarse, no significa nunca probado"
src/pages/TmertEvaluation.tsx,pagina,/tmert,referenced_in_vault_depth_unverified,True,8a999e75ca8e4e20486b7e37438c24194ea90c98d52ce63504f1308659416bcc,persistencia,guardar→leer de vuelta→recargar; cola→servidor→consumidor,"cola de contraste; evidencia previa debe reconciliarse, no significa nunca probado"
src/pages/TmertEvaluation.tsx,pagina,/tmert,referenced_in_vault_depth_unverified,True,8a999e75ca8e4e20486b7e37438c24194ea90c98d52ce63504f1308659416bcc,ciclo_vida,background/proceso muerto; actualización PWA; versión antigua,"cola de contraste; evidencia previa debe reconciliarse, no significa nunca probado"
src/pages/TmertEvaluation.tsx,pagina,/tmert,referenced_in_vault_depth_unverified,True,8a999e75ca8e4e20486b7e37438c24194ea90c98d52ce63504f1308659416bcc,salida,exportación/PDF/firma/compartir; integridad; revocación,"cola de contraste; evidencia previa debe reconciliarse, no significa nunca probado"
src/pages/TmertEvaluation.tsx,pagina,/tmert,referenced_in_vault_depth_unverified,True,8a999e75ca8e4e20486b7e37438c24194ea90c98d52ce63504f1308659416bcc,dispositivo,web/Android; permisos revocados; OEM; sensores no disponibles,"cola de contraste; evidencia previa debe reconciliarse, no significa nunca probado"
src/pages/TmertEvaluation.tsx,pagina,/tmert,referenced_in_vault_depth_unverified,True,8a999e75ca8e4e20486b7e37438c24194ea90c98d52ce63504f1308659416bcc,presentacion,idioma/accesibilidad; loading/error; no convertir falta de datos en seguro,"cola de contraste; evidencia previa debe reconciliarse, no significa nunca probado"
src/pages/Training.tsx,pagina,/training,referenced_in_vault_depth_unverified,True,beb9a13fab2f5e0ed6c14ad552fd9700ff4d950c88480884b24d1e17363c39e2,identidad,anónimo/autenticado; rol permitido/denegado; sesión expirada/revocada,"cola de contraste; evidencia previa debe reconciliarse, no significa nunca probado"
src/pages/Training.tsx,pagina,/training,referenced_in_vault_depth_unverified,True,beb9a13fab2f5e0ed6c14ad552fd9700ff4d950c88480884b24d1e17363c39e2,ambito,sin proyecto; A→B→A; cambio de empresa; respuesta tardía,"cola de contraste; evidencia previa debe reconciliarse, no significa nunca probado"
src/pages/Training.tsx,pagina,/training,referenced_in_vault_depth_unverified,True,beb9a13fab2f5e0ed6c14ad552fd9700ff4d950c88480884b24d1e17363c39e2,entrada,menú/URL/QR/push; arranque frío; demo frente a rama normal,"cola de contraste; evidencia previa debe reconciliarse, no significa nunca probado"
src/pages/Training.tsx,pagina,/training,referenced_in_vault_depth_unverified,True,beb9a13fab2f5e0ed6c14ad552fd9700ff4d950c88480884b24d1e17363c39e2,datos,vacío/inválido/antiguo; unidades y fechas; procedencia real,"cola de contraste; evidencia previa debe reconciliarse, no significa nunca probado"
src/pages/Training.tsx,pagina,/training,referenced_in_vault_depth_unverified,True,beb9a13fab2f5e0ed6c14ad552fd9700ff4d950c88480884b24d1e17363c39e2,red,online/offline; timeout/403/500; recuperación sin estado residual,"cola de contraste; evidencia previa debe reconciliarse, no significa nunca probado"
src/pages/Training.tsx,pagina,/training,referenced_in_vault_depth_unverified,True,beb9a13fab2f5e0ed6c14ad552fd9700ff4d950c88480884b24d1e17363c39e2,mutacion,doble clic/reintento/concurrencia; idempotencia y auditoría,"cola de contraste; evidencia previa debe reconciliarse, no significa nunca probado"
src/pages/Training.tsx,pagina,/training,referenced_in_vault_depth_unverified,True,beb9a13fab2f5e0ed6c14ad552fd9700ff4d950c88480884b24d1e17363c39e2,persistencia,guardar→leer de vuelta→recargar; cola→servidor→consumidor,"cola de contraste; evidencia previa debe reconciliarse, no significa nunca probado"
src/pages/Training.tsx,pagina,/training,referenced_in_vault_depth_unverified,True,beb9a13fab2f5e0ed6c14ad552fd9700ff4d950c88480884b24d1e17363c39e2,ciclo_vida,background/proceso muerto; actualización PWA; versión antigua,"cola de contraste; evidencia previa debe reconciliarse, no significa nunca probado"
src/pages/Training.tsx,pagina,/training,referenced_in_vault_depth_unverified,True,beb9a13fab2f5e0ed6c14ad552fd9700ff4d950c88480884b24d1e17363c39e2,salida,exportación/PDF/firma/compartir; integridad; revocación,"cola de contraste; evidencia previa debe reconciliarse, no significa nunca probado"
src/pages/Training.tsx,pagina,/training,referenced_in_vault_depth_unverified,True,beb9a13fab2f5e0ed6c14ad552fd9700ff4d950c88480884b24d1e17363c39e2,dispositivo,web/Android; permisos revocados; OEM; sensores no disponibles,"cola de contraste; evidencia previa debe reconciliarse, no significa nunca probado"
src/pages/Training.tsx,pagina,/training,referenced_in_vault_depth_unverified,True,beb9a13fab2f5e0ed6c14ad552fd9700ff4d950c88480884b24d1e17363c39e2,presentacion,idioma/accesibilidad; loading/error; no convertir falta de datos en seguro,"cola de contraste; evidencia previa debe reconciliarse, no significa nunca probado"
src/pages/Transparencia.tsx,pagina,/transparencia,referenced_in_vault_depth_unverified,True,010ee3696f8de553dc6474f6a56fc6c6ebbf5f3fb841d1d3da50caab78718b88,identidad,anónimo/autenticado; rol permitido/denegado; sesión expirada/revocada,"cola de contraste; evidencia previa debe reconciliarse, no significa nunca probado"
src/pages/Transparencia.tsx,pagina,/transparencia,referenced_in_vault_depth_unverified,True,010ee3696f8de553dc6474f6a56fc6c6ebbf5f3fb841d1d3da50caab78718b88,ambito,sin proyecto; A→B→A; cambio de empresa; respuesta tardía,"cola de contraste; evidencia previa debe reconciliarse, no significa nunca probado"
src/pages/Transparencia.tsx,pagina,/transparencia,referenced_in_vault_depth_unverified,True,010ee3696f8de553dc6474f6a56fc6c6ebbf5f3fb841d1d3da50caab78718b88,entrada,menú/URL/QR/push; arranque frío; demo frente a rama normal,"cola de contraste; evidencia previa debe reconciliarse, no significa nunca probado"
src/pages/Transparencia.tsx,pagina,/transparencia,referenced_in_vault_depth_unverified,True,010ee3696f8de553dc6474f6a56fc6c6ebbf5f3fb841d1d3da50caab78718b88,datos,vacío/inválido/antiguo; unidades y fechas; procedencia real,"cola de contraste; evidencia previa debe reconciliarse, no significa nunca probado"
src/pages/Transparencia.tsx,pagina,/transparencia,referenced_in_vault_depth_unverified,True,010ee3696f8de553dc6474f6a56fc6c6ebbf5f3fb841d1d3da50caab78718b88,red,online/offline; timeout/403/500; recuperación sin estado residual,"cola de contraste; evidencia previa debe reconciliarse, no significa nunca probado"
src/pages/Transparencia.tsx,pagina,/transparencia,referenced_in_vault_depth_unverified,True,010ee3696f8de553dc6474f6a56fc6c6ebbf5f3fb841d1d3da50caab78718b88,mutacion,doble clic/reintento/concurrencia; idempotencia y auditoría,"cola de contraste; evidencia previa debe reconciliarse, no significa nunca probado"
src/pages/Transparencia.tsx,pagina,/transparencia,referenced_in_vault_depth_unverified,True,010ee3696f8de553dc6474f6a56fc6c6ebbf5f3fb841d1d3da50caab78718b88,persistencia,guardar→leer de vuelta→recargar; cola→servidor→consumidor,"cola de contraste; evidencia previa debe reconciliarse, no significa nunca probado"
src/pages/Transparencia.tsx,pagina,/transparencia,referenced_in_vault_depth_unverified,True,010ee3696f8de553dc6474f6a56fc6c6ebbf5f3fb841d1d3da50caab78718b88,ciclo_vida,background/proceso muerto; actualización PWA; versión antigua,"cola de contraste; evidencia previa debe reconciliarse, no significa nunca probado"
src/pages/Transparencia.tsx,pagina,/transparencia,referenced_in_vault_depth_unverified,True,010ee3696f8de553dc6474f6a56fc6c6ebbf5f3fb841d1d3da50caab78718b88,salida,exportación/PDF/firma/compartir; integridad; revocación,"cola de contraste; evidencia previa debe reconciliarse, no significa nunca probado"
src/pages/Transparencia.tsx,pagina,/transparencia,referenced_in_vault_depth_unverified,True,010ee3696f8de553dc6474f6a56fc6c6ebbf5f3fb841d1d3da50caab78718b88,dispositivo,web/Android; permisos revocados; OEM; sensores no disponibles,"cola de contraste; evidencia previa debe reconciliarse, no significa nunca probado"
src/pages/Transparencia.tsx,pagina,/transparencia,referenced_in_vault_depth_unverified,True,010ee3696f8de553dc6474f6a56fc6c6ebbf5f3fb841d1d3da50caab78718b88,presentacion,idioma/accesibilidad; loading/error; no convertir falta de datos en seguro,"cola de contraste; evidencia previa debe reconciliarse, no significa nunca probado"
src/pages/VerificarFolio.tsx,pagina,/verificar/:folio,referenced_in_vault_depth_unverified,True,fd8545e324c51d53595bc4e97db8ce9d70090024bd566aa1a5331c9670c5ee5c,identidad,anónimo/autenticado; rol permitido/denegado; sesión expirada/revocada,"cola de contraste; evidencia previa debe reconciliarse, no significa nunca probado"
src/pages/VerificarFolio.tsx,pagina,/verificar/:folio,referenced_in_vault_depth_unverified,True,fd8545e324c51d53595bc4e97db8ce9d70090024bd566aa1a5331c9670c5ee5c,ambito,sin proyecto; A→B→A; cambio de empresa; respuesta tardía,"cola de contraste; evidencia previa debe reconciliarse, no significa nunca probado"
src/pages/VerificarFolio.tsx,pagina,/verificar/:folio,referenced_in_vault_depth_unverified,True,fd8545e324c51d53595bc4e97db8ce9d70090024bd566aa1a5331c9670c5ee5c,entrada,menú/URL/QR/push; arranque frío; demo frente a rama normal,"cola de contraste; evidencia previa debe reconciliarse, no significa nunca probado"
src/pages/VerificarFolio.tsx,pagina,/verificar/:folio,referenced_in_vault_depth_unverified,True,fd8545e324c51d53595bc4e97db8ce9d70090024bd566aa1a5331c9670c5ee5c,datos,vacío/inválido/antiguo; unidades y fechas; procedencia real,"cola de contraste; evidencia previa debe reconciliarse, no significa nunca probado"
src/pages/VerificarFolio.tsx,pagina,/verificar/:folio,referenced_in_vault_depth_unverified,True,fd8545e324c51d53595bc4e97db8ce9d70090024bd566aa1a5331c9670c5ee5c,red,online/offline; timeout/403/500; recuperación sin estado residual,"cola de contraste; evidencia previa debe reconciliarse, no significa nunca probado"
src/pages/VerificarFolio.tsx,pagina,/verificar/:folio,referenced_in_vault_depth_unverified,True,fd8545e324c51d53595bc4e97db8ce9d70090024bd566aa1a5331c9670c5ee5c,mutacion,doble clic/reintento/concurrencia; idempotencia y auditoría,"cola de contraste; evidencia previa debe reconciliarse, no significa nunca probado"
src/pages/VerificarFolio.tsx,pagina,/verificar/:folio,referenced_in_vault_depth_unverified,True,fd8545e324c51d53595bc4e97db8ce9d70090024bd566aa1a5331c9670c5ee5c,persistencia,guardar→leer de vuelta→recargar; cola→servidor→consumidor,"cola de contraste; evidencia previa debe reconciliarse, no significa nunca probado"
src/pages/VerificarFolio.tsx,pagina,/verificar/:folio,referenced_in_vault_depth_unverified,True,fd8545e324c51d53595bc4e97db8ce9d70090024bd566aa1a5331c9670c5ee5c,ciclo_vida,background/proceso muerto; actualización PWA; versión antigua,"cola de contraste; evidencia previa debe reconciliarse, no significa nunca probado"
src/pages/VerificarFolio.tsx,pagina,/verificar/:folio,referenced_in_vault_depth_unverified,True,fd8545e324c51d53595bc4e97db8ce9d70090024bd566aa1a5331c9670c5ee5c,salida,exportación/PDF/firma/compartir; integridad; revocación,"cola de contraste; evidencia previa debe reconciliarse, no significa nunca probado"
src/pages/VerificarFolio.tsx,pagina,/verificar/:folio,referenced_in_vault_depth_unverified,True,fd8545e324c51d53595bc4e97db8ce9d70090024bd566aa1a5331c9670c5ee5c,dispositivo,web/Android; permisos revocados; OEM; sensores no disponibles,"cola de contraste; evidencia previa debe reconciliarse, no significa nunca probado"
src/pages/VerificarFolio.tsx,pagina,/verificar/:folio,referenced_in_vault_depth_unverified,True,fd8545e324c51d53595bc4e97db8ce9d70090024bd566aa1a5331c9670c5ee5c,presentacion,idioma/accesibilidad; loading/error; no convertir falta de datos en seguro,"cola de contraste; evidencia previa debe reconciliarse, no significa nunca probado"
src/pages/Visitors.tsx,pagina,/visitors,referenced_in_vault_depth_unverified,True,ca83d8130703b570f78476bdce5c37790f14bc43a331366769dbf3081bd49996,identidad,anónimo/autenticado; rol permitido/denegado; sesión expirada/revocada,"cola de contraste; evidencia previa debe reconciliarse, no significa nunca probado"
src/pages/Visitors.tsx,pagina,/visitors,referenced_in_vault_depth_unverified,True,ca83d8130703b570f78476bdce5c37790f14bc43a331366769dbf3081bd49996,ambito,sin proyecto; A→B→A; cambio de empresa; respuesta tardía,"cola de contraste; evidencia previa debe reconciliarse, no significa nunca probado"
src/pages/Visitors.tsx,pagina,/visitors,referenced_in_vault_depth_unverified,True,ca83d8130703b570f78476bdce5c37790f14bc43a331366769dbf3081bd49996,entrada,menú/URL/QR/push; arranque frío; demo frente a rama normal,"cola de contraste; evidencia previa debe reconciliarse, no significa nunca probado"
src/pages/Visitors.tsx,pagina,/visitors,referenced_in_vault_depth_unverified,True,ca83d8130703b570f78476bdce5c37790f14bc43a331366769dbf3081bd49996,datos,vacío/inválido/antiguo; unidades y fechas; procedencia real,"cola de contraste; evidencia previa debe reconciliarse, no significa nunca probado"
src/pages/Visitors.tsx,pagina,/visitors,referenced_in_vault_depth_unverified,True,ca83d8130703b570f78476bdce5c37790f14bc43a331366769dbf3081bd49996,red,online/offline; timeout/403/500; recuperación sin estado residual,"cola de contraste; evidencia previa debe reconciliarse, no significa nunca probado"
src/pages/Visitors.tsx,pagina,/visitors,referenced_in_vault_depth_unverified,True,ca83d8130703b570f78476bdce5c37790f14bc43a331366769dbf3081bd49996,mutacion,doble clic/reintento/concurrencia; idempotencia y auditoría,"cola de contraste; evidencia previa debe reconciliarse, no significa nunca probado"
src/pages/Visitors.tsx,pagina,/visitors,referenced_in_vault_depth_unverified,True,ca83d8130703b570f78476bdce5c37790f14bc43a331366769dbf3081bd49996,persistencia,guardar→leer de vuelta→recargar; cola→servidor→consumidor,"cola de contraste; evidencia previa debe reconciliarse, no significa nunca probado"
src/pages/Visitors.tsx,pagina,/visitors,referenced_in_vault_depth_unverified,True,ca83d8130703b570f78476bdce5c37790f14bc43a331366769dbf3081bd49996,ciclo_vida,background/proceso muerto; actualización PWA; versión antigua,"cola de contraste; evidencia previa debe reconciliarse, no significa nunca probado"
src/pages/Visitors.tsx,pagina,/visitors,referenced_in_vault_depth_unverified,True,ca83d8130703b570f78476bdce5c37790f14bc43a331366769dbf3081bd49996,salida,exportación/PDF/firma/compartir; integridad; revocación,"cola de contraste; evidencia previa debe reconciliarse, no significa nunca probado"
src/pages/Visitors.tsx,pagina,/visitors,referenced_in_vault_depth_unverified,True,ca83d8130703b570f78476bdce5c37790f14bc43a331366769dbf3081bd49996,dispositivo,web/Android; permisos revocados; OEM; sensores no disponibles,"cola de contraste; evidencia previa debe reconciliarse, no significa nunca probado"
src/pages/Visitors.tsx,pagina,/visitors,referenced_in_vault_depth_unverified,True,ca83d8130703b570f78476bdce5c37790f14bc43a331366769dbf3081bd49996,presentacion,idioma/accesibilidad; loading/error; no convertir falta de datos en seguro,"cola de contraste; evidencia previa debe reconciliarse, no significa nunca probado"
src/pages/VolcanicEruptionMap.tsx,pagina,/volcanic-eruption,inventoried_only,True,fb93772f0958f3eb5633072db66546a68907deef4a32f67af44f23401312584b,identidad,anónimo/autenticado; rol permitido/denegado; sesión expirada/revocada,"cola de contraste; evidencia previa debe reconciliarse, no significa nunca probado"
src/pages/VolcanicEruptionMap.tsx,pagina,/volcanic-eruption,inventoried_only,True,fb93772f0958f3eb5633072db66546a68907deef4a32f67af44f23401312584b,ambito,sin proyecto; A→B→A; cambio de empresa; respuesta tardía,"cola de contraste; evidencia previa debe reconciliarse, no significa nunca probado"
src/pages/VolcanicEruptionMap.tsx,pagina,/volcanic-eruption,inventoried_only,True,fb93772f0958f3eb5633072db66546a68907deef4a32f67af44f23401312584b,entrada,menú/URL/QR/push; arranque frío; demo frente a rama normal,"cola de contraste; evidencia previa debe reconciliarse, no significa nunca probado"
src/pages/VolcanicEruptionMap.tsx,pagina,/volcanic-eruption,inventoried_only,True,fb93772f0958f3eb5633072db66546a68907deef4a32f67af44f23401312584b,datos,vacío/inválido/antiguo; unidades y fechas; procedencia real,"cola de contraste; evidencia previa debe reconciliarse, no significa nunca probado"
src/pages/VolcanicEruptionMap.tsx,pagina,/volcanic-eruption,inventoried_only,True,fb93772f0958f3eb5633072db66546a68907deef4a32f67af44f23401312584b,red,online/offline; timeout/403/500; recuperación sin estado residual,"cola de contraste; evidencia previa debe reconciliarse, no significa nunca probado"
src/pages/VolcanicEruptionMap.tsx,pagina,/volcanic-eruption,inventoried_only,True,fb93772f0958f3eb5633072db66546a68907deef4a32f67af44f23401312584b,mutacion,doble clic/reintento/concurrencia; idempotencia y auditoría,"cola de contraste; evidencia previa debe reconciliarse, no significa nunca probado"
src/pages/VolcanicEruptionMap.tsx,pagina,/volcanic-eruption,inventoried_only,True,fb93772f0958f3eb5633072db66546a68907deef4a32f67af44f23401312584b,persistencia,guardar→leer de vuelta→recargar; cola→servidor→consumidor,"cola de contraste; evidencia previa debe reconciliarse, no significa nunca probado"
src/pages/VolcanicEruptionMap.tsx,pagina,/volcanic-eruption,inventoried_only,True,fb93772f0958f3eb5633072db66546a68907deef4a32f67af44f23401312584b,ciclo_vida,background/proceso muerto; actualización PWA; versión antigua,"cola de contraste; evidencia previa debe reconciliarse, no significa nunca probado"
src/pages/VolcanicEruptionMap.tsx,pagina,/volcanic-eruption,inventoried_only,True,fb93772f0958f3eb5633072db66546a68907deef4a32f67af44f23401312584b,salida,exportación/PDF/firma/compartir; integridad; revocación,"cola de contraste; evidencia previa debe reconciliarse, no significa nunca probado"
src/pages/VolcanicEruptionMap.tsx,pagina,/volcanic-eruption,inventoried_only,True,fb93772f0958f3eb5633072db66546a68907deef4a32f67af44f23401312584b,dispositivo,web/Android; permisos revocados; OEM; sensores no disponibles,"cola de contraste; evidencia previa debe reconciliarse, no significa nunca probado"
src/pages/VolcanicEruptionMap.tsx,pagina,/volcanic-eruption,inventoried_only,True,fb93772f0958f3eb5633072db66546a68907deef4a32f67af44f23401312584b,presentacion,idioma/accesibilidad; loading/error; no convertir falta de datos en seguro,"cola de contraste; evidencia previa debe reconciliarse, no significa nunca probado"
src/pages/WasteInventoryPage.tsx,pagina,/waste-inventory,referenced_in_vault_depth_unverified,True,70b8da730c19e3be01c3175fb13e776dc3fc98ecf68cbfcec45d33a3ea8c78c2,identidad,anónimo/autenticado; rol permitido/denegado; sesión expirada/revocada,"cola de contraste; evidencia previa debe reconciliarse, no significa nunca probado"
src/pages/WasteInventoryPage.tsx,pagina,/waste-inventory,referenced_in_vault_depth_unverified,True,70b8da730c19e3be01c3175fb13e776dc3fc98ecf68cbfcec45d33a3ea8c78c2,ambito,sin proyecto; A→B→A; cambio de empresa; respuesta tardía,"cola de contraste; evidencia previa debe reconciliarse, no significa nunca probado"
src/pages/WasteInventoryPage.tsx,pagina,/waste-inventory,referenced_in_vault_depth_unverified,True,70b8da730c19e3be01c3175fb13e776dc3fc98ecf68cbfcec45d33a3ea8c78c2,entrada,menú/URL/QR/push; arranque frío; demo frente a rama normal,"cola de contraste; evidencia previa debe reconciliarse, no significa nunca probado"
src/pages/WasteInventoryPage.tsx,pagina,/waste-inventory,referenced_in_vault_depth_unverified,True,70b8da730c19e3be01c3175fb13e776dc3fc98ecf68cbfcec45d33a3ea8c78c2,datos,vacío/inválido/antiguo; unidades y fechas; procedencia real,"cola de contraste; evidencia previa debe reconciliarse, no significa nunca probado"
src/pages/WasteInventoryPage.tsx,pagina,/waste-inventory,referenced_in_vault_depth_unverified,True,70b8da730c19e3be01c3175fb13e776dc3fc98ecf68cbfcec45d33a3ea8c78c2,red,online/offline; timeout/403/500; recuperación sin estado residual,"cola de contraste; evidencia previa debe reconciliarse, no significa nunca probado"
src/pages/WasteInventoryPage.tsx,pagina,/waste-inventory,referenced_in_vault_depth_unverified,True,70b8da730c19e3be01c3175fb13e776dc3fc98ecf68cbfcec45d33a3ea8c78c2,mutacion,doble clic/reintento/concurrencia; idempotencia y auditoría,"cola de contraste; evidencia previa debe reconciliarse, no significa nunca probado"
src/pages/WasteInventoryPage.tsx,pagina,/waste-inventory,referenced_in_vault_depth_unverified,True,70b8da730c19e3be01c3175fb13e776dc3fc98ecf68cbfcec45d33a3ea8c78c2,persistencia,guardar→leer de vuelta→recargar; cola→servidor→consumidor,"cola de contraste; evidencia previa debe reconciliarse, no significa nunca probado"
src/pages/WasteInventoryPage.tsx,pagina,/waste-inventory,referenced_in_vault_depth_unverified,True,70b8da730c19e3be01c3175fb13e776dc3fc98ecf68cbfcec45d33a3ea8c78c2,ciclo_vida,background/proceso muerto; actualización PWA; versión antigua,"cola de contraste; evidencia previa debe reconciliarse, no significa nunca probado"
src/pages/WasteInventoryPage.tsx,pagina,/waste-inventory,referenced_in_vault_depth_unverified,True,70b8da730c19e3be01c3175fb13e776dc3fc98ecf68cbfcec45d33a3ea8c78c2,salida,exportación/PDF/firma/compartir; integridad; revocación,"cola de contraste; evidencia previa debe reconciliarse, no significa nunca probado"
src/pages/WasteInventoryPage.tsx,pagina,/waste-inventory,referenced_in_vault_depth_unverified,True,70b8da730c19e3be01c3175fb13e776dc3fc98ecf68cbfcec45d33a3ea8c78c2,dispositivo,web/Android; permisos revocados; OEM; sensores no disponibles,"cola de contraste; evidencia previa debe reconciliarse, no significa nunca probado"
src/pages/WasteInventoryPage.tsx,pagina,/waste-inventory,referenced_in_vault_depth_unverified,True,70b8da730c19e3be01c3175fb13e776dc3fc98ecf68cbfcec45d33a3ea8c78c2,presentacion,idioma/accesibilidad; loading/error; no convertir falta de datos en seguro,"cola de contraste; evidencia previa debe reconciliarse, no significa nunca probado"
src/pages/WearablesIntegration.tsx,pagina,/wearables,referenced_in_vault_depth_unverified,True,dd83a545aca7d734ff55412e4eebf8709ec9ec4d80ccec0eaede08f8c6f0f89b,identidad,anónimo/autenticado; rol permitido/denegado; sesión expirada/revocada,"cola de contraste; evidencia previa debe reconciliarse, no significa nunca probado"
src/pages/WearablesIntegration.tsx,pagina,/wearables,referenced_in_vault_depth_unverified,True,dd83a545aca7d734ff55412e4eebf8709ec9ec4d80ccec0eaede08f8c6f0f89b,ambito,sin proyecto; A→B→A; cambio de empresa; respuesta tardía,"cola de contraste; evidencia previa debe reconciliarse, no significa nunca probado"
src/pages/WearablesIntegration.tsx,pagina,/wearables,referenced_in_vault_depth_unverified,True,dd83a545aca7d734ff55412e4eebf8709ec9ec4d80ccec0eaede08f8c6f0f89b,entrada,menú/URL/QR/push; arranque frío; demo frente a rama normal,"cola de contraste; evidencia previa debe reconciliarse, no significa nunca probado"
src/pages/WearablesIntegration.tsx,pagina,/wearables,referenced_in_vault_depth_unverified,True,dd83a545aca7d734ff55412e4eebf8709ec9ec4d80ccec0eaede08f8c6f0f89b,datos,vacío/inválido/antiguo; unidades y fechas; procedencia real,"cola de contraste; evidencia previa debe reconciliarse, no significa nunca probado"
src/pages/WearablesIntegration.tsx,pagina,/wearables,referenced_in_vault_depth_unverified,True,dd83a545aca7d734ff55412e4eebf8709ec9ec4d80ccec0eaede08f8c6f0f89b,red,online/offline; timeout/403/500; recuperación sin estado residual,"cola de contraste; evidencia previa debe reconciliarse, no significa nunca probado"
src/pages/WearablesIntegration.tsx,pagina,/wearables,referenced_in_vault_depth_unverified,True,dd83a545aca7d734ff55412e4eebf8709ec9ec4d80ccec0eaede08f8c6f0f89b,mutacion,doble clic/reintento/concurrencia; idempotencia y auditoría,"cola de contraste; evidencia previa debe reconciliarse, no significa nunca probado"
src/pages/WearablesIntegration.tsx,pagina,/wearables,referenced_in_vault_depth_unverified,True,dd83a545aca7d734ff55412e4eebf8709ec9ec4d80ccec0eaede08f8c6f0f89b,persistencia,guardar→leer de vuelta→recargar; cola→servidor→consumidor,"cola de contraste; evidencia previa debe reconciliarse, no significa nunca probado"
src/pages/WearablesIntegration.tsx,pagina,/wearables,referenced_in_vault_depth_unverified,True,dd83a545aca7d734ff55412e4eebf8709ec9ec4d80ccec0eaede08f8c6f0f89b,ciclo_vida,background/proceso muerto; actualización PWA; versión antigua,"cola de contraste; evidencia previa debe reconciliarse, no significa nunca probado"
src/pages/WearablesIntegration.tsx,pagina,/wearables,referenced_in_vault_depth_unverified,True,dd83a545aca7d734ff55412e4eebf8709ec9ec4d80ccec0eaede08f8c6f0f89b,salida,exportación/PDF/firma/compartir; integridad; revocación,"cola de contraste; evidencia previa debe reconciliarse, no significa nunca probado"
src/pages/WearablesIntegration.tsx,pagina,/wearables,referenced_in_vault_depth_unverified,True,dd83a545aca7d734ff55412e4eebf8709ec9ec4d80ccec0eaede08f8c6f0f89b,dispositivo,web/Android; permisos revocados; OEM; sensores no disponibles,"cola de contraste; evidencia previa debe reconciliarse, no significa nunca probado"
src/pages/WearablesIntegration.tsx,pagina,/wearables,referenced_in_vault_depth_unverified,True,dd83a545aca7d734ff55412e4eebf8709ec9ec4d80ccec0eaede08f8c6f0f89b,presentacion,idioma/accesibilidad; loading/error; no convertir falta de datos en seguro,"cola de contraste; evidencia previa debe reconciliarse, no significa nunca probado"
src/pages/WebXR.tsx,pagina,/webxr,referenced_in_vault_depth_unverified,True,b841773e8f77360d86b8feb1cca95dc2c91b07d88a77d09d01500a310fbb68fe,identidad,anónimo/autenticado; rol permitido/denegado; sesión expirada/revocada,"cola de contraste; evidencia previa debe reconciliarse, no significa nunca probado"
src/pages/WebXR.tsx,pagina,/webxr,referenced_in_vault_depth_unverified,True,b841773e8f77360d86b8feb1cca95dc2c91b07d88a77d09d01500a310fbb68fe,ambito,sin proyecto; A→B→A; cambio de empresa; respuesta tardía,"cola de contraste; evidencia previa debe reconciliarse, no significa nunca probado"
src/pages/WebXR.tsx,pagina,/webxr,referenced_in_vault_depth_unverified,True,b841773e8f77360d86b8feb1cca95dc2c91b07d88a77d09d01500a310fbb68fe,entrada,menú/URL/QR/push; arranque frío; demo frente a rama normal,"cola de contraste; evidencia previa debe reconciliarse, no significa nunca probado"
src/pages/WebXR.tsx,pagina,/webxr,referenced_in_vault_depth_unverified,True,b841773e8f77360d86b8feb1cca95dc2c91b07d88a77d09d01500a310fbb68fe,datos,vacío/inválido/antiguo; unidades y fechas; procedencia real,"cola de contraste; evidencia previa debe reconciliarse, no significa nunca probado"
src/pages/WebXR.tsx,pagina,/webxr,referenced_in_vault_depth_unverified,True,b841773e8f77360d86b8feb1cca95dc2c91b07d88a77d09d01500a310fbb68fe,red,online/offline; timeout/403/500; recuperación sin estado residual,"cola de contraste; evidencia previa debe reconciliarse, no significa nunca probado"
src/pages/WebXR.tsx,pagina,/webxr,referenced_in_vault_depth_unverified,True,b841773e8f77360d86b8feb1cca95dc2c91b07d88a77d09d01500a310fbb68fe,mutacion,doble clic/reintento/concurrencia; idempotencia y auditoría,"cola de contraste; evidencia previa debe reconciliarse, no significa nunca probado"
src/pages/WebXR.tsx,pagina,/webxr,referenced_in_vault_depth_unverified,True,b841773e8f77360d86b8feb1cca95dc2c91b07d88a77d09d01500a310fbb68fe,persistencia,guardar→leer de vuelta→recargar; cola→servidor→consumidor,"cola de contraste; evidencia previa debe reconciliarse, no significa nunca probado"
src/pages/WebXR.tsx,pagina,/webxr,referenced_in_vault_depth_unverified,True,b841773e8f77360d86b8feb1cca95dc2c91b07d88a77d09d01500a310fbb68fe,ciclo_vida,background/proceso muerto; actualización PWA; versión antigua,"cola de contraste; evidencia previa debe reconciliarse, no significa nunca probado"
src/pages/WebXR.tsx,pagina,/webxr,referenced_in_vault_depth_unverified,True,b841773e8f77360d86b8feb1cca95dc2c91b07d88a77d09d01500a310fbb68fe,salida,exportación/PDF/firma/compartir; integridad; revocación,"cola de contraste; evidencia previa debe reconciliarse, no significa nunca probado"
src/pages/WebXR.tsx,pagina,/webxr,referenced_in_vault_depth_unverified,True,b841773e8f77360d86b8feb1cca95dc2c91b07d88a77d09d01500a310fbb68fe,dispositivo,web/Android; permisos revocados; OEM; sensores no disponibles,"cola de contraste; evidencia previa debe reconciliarse, no significa nunca probado"
src/pages/WebXR.tsx,pagina,/webxr,referenced_in_vault_depth_unverified,True,b841773e8f77360d86b8feb1cca95dc2c91b07d88a77d09d01500a310fbb68fe,presentacion,idioma/accesibilidad; loading/error; no convertir falta de datos en seguro,"cola de contraste; evidencia previa debe reconciliarse, no significa nunca probado"
src/pages/WorkPermits.tsx,pagina,/work-permits,referenced_in_vault_depth_unverified,True,11cbf85da9d77157992548e04eca552ee8ec52ca3796443bcb3af1b466fbe32f,identidad,anónimo/autenticado; rol permitido/denegado; sesión expirada/revocada,"cola de contraste; evidencia previa debe reconciliarse, no significa nunca probado"
src/pages/WorkPermits.tsx,pagina,/work-permits,referenced_in_vault_depth_unverified,True,11cbf85da9d77157992548e04eca552ee8ec52ca3796443bcb3af1b466fbe32f,ambito,sin proyecto; A→B→A; cambio de empresa; respuesta tardía,"cola de contraste; evidencia previa debe reconciliarse, no significa nunca probado"
src/pages/WorkPermits.tsx,pagina,/work-permits,referenced_in_vault_depth_unverified,True,11cbf85da9d77157992548e04eca552ee8ec52ca3796443bcb3af1b466fbe32f,entrada,menú/URL/QR/push; arranque frío; demo frente a rama normal,"cola de contraste; evidencia previa debe reconciliarse, no significa nunca probado"
src/pages/WorkPermits.tsx,pagina,/work-permits,referenced_in_vault_depth_unverified,True,11cbf85da9d77157992548e04eca552ee8ec52ca3796443bcb3af1b466fbe32f,datos,vacío/inválido/antiguo; unidades y fechas; procedencia real,"cola de contraste; evidencia previa debe reconciliarse, no significa nunca probado"
src/pages/WorkPermits.tsx,pagina,/work-permits,referenced_in_vault_depth_unverified,True,11cbf85da9d77157992548e04eca552ee8ec52ca3796443bcb3af1b466fbe32f,red,online/offline; timeout/403/500; recuperación sin estado residual,"cola de contraste; evidencia previa debe reconciliarse, no significa nunca probado"
src/pages/WorkPermits.tsx,pagina,/work-permits,referenced_in_vault_depth_unverified,True,11cbf85da9d77157992548e04eca552ee8ec52ca3796443bcb3af1b466fbe32f,mutacion,doble clic/reintento/concurrencia; idempotencia y auditoría,"cola de contraste; evidencia previa debe reconciliarse, no significa nunca probado"
src/pages/WorkPermits.tsx,pagina,/work-permits,referenced_in_vault_depth_unverified,True,11cbf85da9d77157992548e04eca552ee8ec52ca3796443bcb3af1b466fbe32f,persistencia,guardar→leer de vuelta→recargar; cola→servidor→consumidor,"cola de contraste; evidencia previa debe reconciliarse, no significa nunca probado"
src/pages/WorkPermits.tsx,pagina,/work-permits,referenced_in_vault_depth_unverified,True,11cbf85da9d77157992548e04eca552ee8ec52ca3796443bcb3af1b466fbe32f,ciclo_vida,background/proceso muerto; actualización PWA; versión antigua,"cola de contraste; evidencia previa debe reconciliarse, no significa nunca probado"
src/pages/WorkPermits.tsx,pagina,/work-permits,referenced_in_vault_depth_unverified,True,11cbf85da9d77157992548e04eca552ee8ec52ca3796443bcb3af1b466fbe32f,salida,exportación/PDF/firma/compartir; integridad; revocación,"cola de contraste; evidencia previa debe reconciliarse, no significa nunca probado"
src/pages/WorkPermits.tsx,pagina,/work-permits,referenced_in_vault_depth_unverified,True,11cbf85da9d77157992548e04eca552ee8ec52ca3796443bcb3af1b466fbe32f,dispositivo,web/Android; permisos revocados; OEM; sensores no disponibles,"cola de contraste; evidencia previa debe reconciliarse, no significa nunca probado"
src/pages/WorkPermits.tsx,pagina,/work-permits,referenced_in_vault_depth_unverified,True,11cbf85da9d77157992548e04eca552ee8ec52ca3796443bcb3af1b466fbe32f,presentacion,idioma/accesibilidad; loading/error; no convertir falta de datos en seguro,"cola de contraste; evidencia previa debe reconciliarse, no significa nunca probado"
src/pages/WorkerPortableHistory.tsx,pagina,/portable-history,referenced_in_vault_depth_unverified,True,b561bb96538b8831c11b4e3e6bc7cbaf5ca8a96a0f96c86d6b45ed182c4901fe,identidad,anónimo/autenticado; rol permitido/denegado; sesión expirada/revocada,"cola de contraste; evidencia previa debe reconciliarse, no significa nunca probado"
src/pages/WorkerPortableHistory.tsx,pagina,/portable-history,referenced_in_vault_depth_unverified,True,b561bb96538b8831c11b4e3e6bc7cbaf5ca8a96a0f96c86d6b45ed182c4901fe,ambito,sin proyecto; A→B→A; cambio de empresa; respuesta tardía,"cola de contraste; evidencia previa debe reconciliarse, no significa nunca probado"
src/pages/WorkerPortableHistory.tsx,pagina,/portable-history,referenced_in_vault_depth_unverified,True,b561bb96538b8831c11b4e3e6bc7cbaf5ca8a96a0f96c86d6b45ed182c4901fe,entrada,menú/URL/QR/push; arranque frío; demo frente a rama normal,"cola de contraste; evidencia previa debe reconciliarse, no significa nunca probado"
src/pages/WorkerPortableHistory.tsx,pagina,/portable-history,referenced_in_vault_depth_unverified,True,b561bb96538b8831c11b4e3e6bc7cbaf5ca8a96a0f96c86d6b45ed182c4901fe,datos,vacío/inválido/antiguo; unidades y fechas; procedencia real,"cola de contraste; evidencia previa debe reconciliarse, no significa nunca probado"
src/pages/WorkerPortableHistory.tsx,pagina,/portable-history,referenced_in_vault_depth_unverified,True,b561bb96538b8831c11b4e3e6bc7cbaf5ca8a96a0f96c86d6b45ed182c4901fe,red,online/offline; timeout/403/500; recuperación sin estado residual,"cola de contraste; evidencia previa debe reconciliarse, no significa nunca probado"
src/pages/WorkerPortableHistory.tsx,pagina,/portable-history,referenced_in_vault_depth_unverified,True,b561bb96538b8831c11b4e3e6bc7cbaf5ca8a96a0f96c86d6b45ed182c4901fe,mutacion,doble clic/reintento/concurrencia; idempotencia y auditoría,"cola de contraste; evidencia previa debe reconciliarse, no significa nunca probado"
src/pages/WorkerPortableHistory.tsx,pagina,/portable-history,referenced_in_vault_depth_unverified,True,b561bb96538b8831c11b4e3e6bc7cbaf5ca8a96a0f96c86d6b45ed182c4901fe,persistencia,guardar→leer de vuelta→recargar; cola→servidor→consumidor,"cola de contraste; evidencia previa debe reconciliarse, no significa nunca probado"
src/pages/WorkerPortableHistory.tsx,pagina,/portable-history,referenced_in_vault_depth_unverified,True,b561bb96538b8831c11b4e3e6bc7cbaf5ca8a96a0f96c86d6b45ed182c4901fe,ciclo_vida,background/proceso muerto; actualización PWA; versión antigua,"cola de contraste; evidencia previa debe reconciliarse, no significa nunca probado"
src/pages/WorkerPortableHistory.tsx,pagina,/portable-history,referenced_in_vault_depth_unverified,True,b561bb96538b8831c11b4e3e6bc7cbaf5ca8a96a0f96c86d6b45ed182c4901fe,salida,exportación/PDF/firma/compartir; integridad; revocación,"cola de contraste; evidencia previa debe reconciliarse, no significa nunca probado"
src/pages/WorkerPortableHistory.tsx,pagina,/portable-history,referenced_in_vault_depth_unverified,True,b561bb96538b8831c11b4e3e6bc7cbaf5ca8a96a0f96c86d6b45ed182c4901fe,dispositivo,web/Android; permisos revocados; OEM; sensores no disponibles,"cola de contraste; evidencia previa debe reconciliarse, no significa nunca probado"
src/pages/WorkerPortableHistory.tsx,pagina,/portable-history,referenced_in_vault_depth_unverified,True,b561bb96538b8831c11b4e3e6bc7cbaf5ca8a96a0f96c86d6b45ed182c4901fe,presentacion,idioma/accesibilidad; loading/error; no convertir falta de datos en seguro,"cola de contraste; evidencia previa debe reconciliarse, no significa nunca probado"
src/pages/WorkerReadiness.tsx,pagina,/worker-readiness,referenced_in_vault_depth_unverified,True,fe9eddb200f712d2a2a7aa7eaf7ceaa069ad85511f3cde831735368eb0c5542a,identidad,anónimo/autenticado; rol permitido/denegado; sesión expirada/revocada,"cola de contraste; evidencia previa debe reconciliarse, no significa nunca probado"
src/pages/WorkerReadiness.tsx,pagina,/worker-readiness,referenced_in_vault_depth_unverified,True,fe9eddb200f712d2a2a7aa7eaf7ceaa069ad85511f3cde831735368eb0c5542a,ambito,sin proyecto; A→B→A; cambio de empresa; respuesta tardía,"cola de contraste; evidencia previa debe reconciliarse, no significa nunca probado"
src/pages/WorkerReadiness.tsx,pagina,/worker-readiness,referenced_in_vault_depth_unverified,True,fe9eddb200f712d2a2a7aa7eaf7ceaa069ad85511f3cde831735368eb0c5542a,entrada,menú/URL/QR/push; arranque frío; demo frente a rama normal,"cola de contraste; evidencia previa debe reconciliarse, no significa nunca probado"
src/pages/WorkerReadiness.tsx,pagina,/worker-readiness,referenced_in_vault_depth_unverified,True,fe9eddb200f712d2a2a7aa7eaf7ceaa069ad85511f3cde831735368eb0c5542a,datos,vacío/inválido/antiguo; unidades y fechas; procedencia real,"cola de contraste; evidencia previa debe reconciliarse, no significa nunca probado"
src/pages/WorkerReadiness.tsx,pagina,/worker-readiness,referenced_in_vault_depth_unverified,True,fe9eddb200f712d2a2a7aa7eaf7ceaa069ad85511f3cde831735368eb0c5542a,red,online/offline; timeout/403/500; recuperación sin estado residual,"cola de contraste; evidencia previa debe reconciliarse, no significa nunca probado"
src/pages/WorkerReadiness.tsx,pagina,/worker-readiness,referenced_in_vault_depth_unverified,True,fe9eddb200f712d2a2a7aa7eaf7ceaa069ad85511f3cde831735368eb0c5542a,mutacion,doble clic/reintento/concurrencia; idempotencia y auditoría,"cola de contraste; evidencia previa debe reconciliarse, no significa nunca probado"
src/pages/WorkerReadiness.tsx,pagina,/worker-readiness,referenced_in_vault_depth_unverified,True,fe9eddb200f712d2a2a7aa7eaf7ceaa069ad85511f3cde831735368eb0c5542a,persistencia,guardar→leer de vuelta→recargar; cola→servidor→consumidor,"cola de contraste; evidencia previa debe reconciliarse, no significa nunca probado"
src/pages/WorkerReadiness.tsx,pagina,/worker-readiness,referenced_in_vault_depth_unverified,True,fe9eddb200f712d2a2a7aa7eaf7ceaa069ad85511f3cde831735368eb0c5542a,ciclo_vida,background/proceso muerto; actualización PWA; versión antigua,"cola de contraste; evidencia previa debe reconciliarse, no significa nunca probado"
src/pages/WorkerReadiness.tsx,pagina,/worker-readiness,referenced_in_vault_depth_unverified,True,fe9eddb200f712d2a2a7aa7eaf7ceaa069ad85511f3cde831735368eb0c5542a,salida,exportación/PDF/firma/compartir; integridad; revocación,"cola de contraste; evidencia previa debe reconciliarse, no significa nunca probado"
src/pages/WorkerReadiness.tsx,pagina,/worker-readiness,referenced_in_vault_depth_unverified,True,fe9eddb200f712d2a2a7aa7eaf7ceaa069ad85511f3cde831735368eb0c5542a,dispositivo,web/Android; permisos revocados; OEM; sensores no disponibles,"cola de contraste; evidencia previa debe reconciliarse, no significa nunca probado"
src/pages/WorkerReadiness.tsx,pagina,/worker-readiness,referenced_in_vault_depth_unverified,True,fe9eddb200f712d2a2a7aa7eaf7ceaa069ad85511f3cde831735368eb0c5542a,presentacion,idioma/accesibilidad; loading/error; no convertir falta de datos en seguro,"cola de contraste; evidencia previa debe reconciliarse, no significa nunca probado"
src/pages/Workers.tsx,pagina,/workers,referenced_in_vault_depth_unverified,True,5e8da25671bd6d0ff6e9c7db370e4da72dcb2920dc2865e33e77258945cac813,identidad,anónimo/autenticado; rol permitido/denegado; sesión expirada/revocada,"cola de contraste; evidencia previa debe reconciliarse, no significa nunca probado"
src/pages/Workers.tsx,pagina,/workers,referenced_in_vault_depth_unverified,True,5e8da25671bd6d0ff6e9c7db370e4da72dcb2920dc2865e33e77258945cac813,ambito,sin proyecto; A→B→A; cambio de empresa; respuesta tardía,"cola de contraste; evidencia previa debe reconciliarse, no significa nunca probado"
src/pages/Workers.tsx,pagina,/workers,referenced_in_vault_depth_unverified,True,5e8da25671bd6d0ff6e9c7db370e4da72dcb2920dc2865e33e77258945cac813,entrada,menú/URL/QR/push; arranque frío; demo frente a rama normal,"cola de contraste; evidencia previa debe reconciliarse, no significa nunca probado"
src/pages/Workers.tsx,pagina,/workers,referenced_in_vault_depth_unverified,True,5e8da25671bd6d0ff6e9c7db370e4da72dcb2920dc2865e33e77258945cac813,datos,vacío/inválido/antiguo; unidades y fechas; procedencia real,"cola de contraste; evidencia previa debe reconciliarse, no significa nunca probado"
src/pages/Workers.tsx,pagina,/workers,referenced_in_vault_depth_unverified,True,5e8da25671bd6d0ff6e9c7db370e4da72dcb2920dc2865e33e77258945cac813,red,online/offline; timeout/403/500; recuperación sin estado residual,"cola de contraste; evidencia previa debe reconciliarse, no significa nunca probado"
src/pages/Workers.tsx,pagina,/workers,referenced_in_vault_depth_unverified,True,5e8da25671bd6d0ff6e9c7db370e4da72dcb2920dc2865e33e77258945cac813,mutacion,doble clic/reintento/concurrencia; idempotencia y auditoría,"cola de contraste; evidencia previa debe reconciliarse, no significa nunca probado"
src/pages/Workers.tsx,pagina,/workers,referenced_in_vault_depth_unverified,True,5e8da25671bd6d0ff6e9c7db370e4da72dcb2920dc2865e33e77258945cac813,persistencia,guardar→leer de vuelta→recargar; cola→servidor→consumidor,"cola de contraste; evidencia previa debe reconciliarse, no significa nunca probado"
src/pages/Workers.tsx,pagina,/workers,referenced_in_vault_depth_unverified,True,5e8da25671bd6d0ff6e9c7db370e4da72dcb2920dc2865e33e77258945cac813,ciclo_vida,background/proceso muerto; actualización PWA; versión antigua,"cola de contraste; evidencia previa debe reconciliarse, no significa nunca probado"
src/pages/Workers.tsx,pagina,/workers,referenced_in_vault_depth_unverified,True,5e8da25671bd6d0ff6e9c7db370e4da72dcb2920dc2865e33e77258945cac813,salida,exportación/PDF/firma/compartir; integridad; revocación,"cola de contraste; evidencia previa debe reconciliarse, no significa nunca probado"
src/pages/Workers.tsx,pagina,/workers,referenced_in_vault_depth_unverified,True,5e8da25671bd6d0ff6e9c7db370e4da72dcb2920dc2865e33e77258945cac813,dispositivo,web/Android; permisos revocados; OEM; sensores no disponibles,"cola de contraste; evidencia previa debe reconciliarse, no significa nunca probado"
src/pages/Workers.tsx,pagina,/workers,referenced_in_vault_depth_unverified,True,5e8da25671bd6d0ff6e9c7db370e4da72dcb2920dc2865e33e77258945cac813,presentacion,idioma/accesibilidad; loading/error; no convertir falta de datos en seguro,"cola de contraste; evidencia previa debe reconciliarse, no significa nunca probado"
src/pages/Zettelkasten.tsx,pagina,/zettelkasten,referenced_in_vault_depth_unverified,True,40f0773d7cad957d5adaf8688a3dae3e396cbf0d7b893ca4d6d0ef04b4eac0c4,identidad,anónimo/autenticado; rol permitido/denegado; sesión expirada/revocada,"cola de contraste; evidencia previa debe reconciliarse, no significa nunca probado"
src/pages/Zettelkasten.tsx,pagina,/zettelkasten,referenced_in_vault_depth_unverified,True,40f0773d7cad957d5adaf8688a3dae3e396cbf0d7b893ca4d6d0ef04b4eac0c4,ambito,sin proyecto; A→B→A; cambio de empresa; respuesta tardía,"cola de contraste; evidencia previa debe reconciliarse, no significa nunca probado"
src/pages/Zettelkasten.tsx,pagina,/zettelkasten,referenced_in_vault_depth_unverified,True,40f0773d7cad957d5adaf8688a3dae3e396cbf0d7b893ca4d6d0ef04b4eac0c4,entrada,menú/URL/QR/push; arranque frío; demo frente a rama normal,"cola de contraste; evidencia previa debe reconciliarse, no significa nunca probado"
src/pages/Zettelkasten.tsx,pagina,/zettelkasten,referenced_in_vault_depth_unverified,True,40f0773d7cad957d5adaf8688a3dae3e396cbf0d7b893ca4d6d0ef04b4eac0c4,datos,vacío/inválido/antiguo; unidades y fechas; procedencia real,"cola de contraste; evidencia previa debe reconciliarse, no significa nunca probado"
src/pages/Zettelkasten.tsx,pagina,/zettelkasten,referenced_in_vault_depth_unverified,True,40f0773d7cad957d5adaf8688a3dae3e396cbf0d7b893ca4d6d0ef04b4eac0c4,red,online/offline; timeout/403/500; recuperación sin estado residual,"cola de contraste; evidencia previa debe reconciliarse, no significa nunca probado"
src/pages/Zettelkasten.tsx,pagina,/zettelkasten,referenced_in_vault_depth_unverified,True,40f0773d7cad957d5adaf8688a3dae3e396cbf0d7b893ca4d6d0ef04b4eac0c4,mutacion,doble clic/reintento/concurrencia; idempotencia y auditoría,"cola de contraste; evidencia previa debe reconciliarse, no significa nunca probado"
src/pages/Zettelkasten.tsx,pagina,/zettelkasten,referenced_in_vault_depth_unverified,True,40f0773d7cad957d5adaf8688a3dae3e396cbf0d7b893ca4d6d0ef04b4eac0c4,persistencia,guardar→leer de vuelta→recargar; cola→servidor→consumidor,"cola de contraste; evidencia previa debe reconciliarse, no significa nunca probado"
src/pages/Zettelkasten.tsx,pagina,/zettelkasten,referenced_in_vault_depth_unverified,True,40f0773d7cad957d5adaf8688a3dae3e396cbf0d7b893ca4d6d0ef04b4eac0c4,ciclo_vida,background/proceso muerto; actualización PWA; versión antigua,"cola de contraste; evidencia previa debe reconciliarse, no significa nunca probado"
src/pages/Zettelkasten.tsx,pagina,/zettelkasten,referenced_in_vault_depth_unverified,True,40f0773d7cad957d5adaf8688a3dae3e396cbf0d7b893ca4d6d0ef04b4eac0c4,salida,exportación/PDF/firma/compartir; integridad; revocación,"cola de contraste; evidencia previa debe reconciliarse, no significa nunca probado"
src/pages/Zettelkasten.tsx,pagina,/zettelkasten,referenced_in_vault_depth_unverified,True,40f0773d7cad957d5adaf8688a3dae3e396cbf0d7b893ca4d6d0ef04b4eac0c4,dispositivo,web/Android; permisos revocados; OEM; sensores no disponibles,"cola de contraste; evidencia previa debe reconciliarse, no significa nunca probado"
src/pages/Zettelkasten.tsx,pagina,/zettelkasten,referenced_in_vault_depth_unverified,True,40f0773d7cad957d5adaf8688a3dae3e396cbf0d7b893ca4d6d0ef04b4eac0c4,presentacion,idioma/accesibilidad; loading/error; no convertir falta de datos en seguro,"cola de contraste; evidencia previa debe reconciliarse, no significa nunca probado"
src/pages/ZoneEntryView.tsx,pagina,/zone-entry,referenced_in_vault_depth_unverified,True,6065ef7b518b694029718a5fad07c0139a2cf4ba7e66de51ba69a2fe4b65c349,identidad,anónimo/autenticado; rol permitido/denegado; sesión expirada/revocada,"cola de contraste; evidencia previa debe reconciliarse, no significa nunca probado"
src/pages/ZoneEntryView.tsx,pagina,/zone-entry,referenced_in_vault_depth_unverified,True,6065ef7b518b694029718a5fad07c0139a2cf4ba7e66de51ba69a2fe4b65c349,ambito,sin proyecto; A→B→A; cambio de empresa; respuesta tardía,"cola de contraste; evidencia previa debe reconciliarse, no significa nunca probado"
src/pages/ZoneEntryView.tsx,pagina,/zone-entry,referenced_in_vault_depth_unverified,True,6065ef7b518b694029718a5fad07c0139a2cf4ba7e66de51ba69a2fe4b65c349,entrada,menú/URL/QR/push; arranque frío; demo frente a rama normal,"cola de contraste; evidencia previa debe reconciliarse, no significa nunca probado"
src/pages/ZoneEntryView.tsx,pagina,/zone-entry,referenced_in_vault_depth_unverified,True,6065ef7b518b694029718a5fad07c0139a2cf4ba7e66de51ba69a2fe4b65c349,datos,vacío/inválido/antiguo; unidades y fechas; procedencia real,"cola de contraste; evidencia previa debe reconciliarse, no significa nunca probado"
src/pages/ZoneEntryView.tsx,pagina,/zone-entry,referenced_in_vault_depth_unverified,True,6065ef7b518b694029718a5fad07c0139a2cf4ba7e66de51ba69a2fe4b65c349,red,online/offline; timeout/403/500; recuperación sin estado residual,"cola de contraste; evidencia previa debe reconciliarse, no significa nunca probado"
src/pages/ZoneEntryView.tsx,pagina,/zone-entry,referenced_in_vault_depth_unverified,True,6065ef7b518b694029718a5fad07c0139a2cf4ba7e66de51ba69a2fe4b65c349,mutacion,doble clic/reintento/concurrencia; idempotencia y auditoría,"cola de contraste; evidencia previa debe reconciliarse, no significa nunca probado"
src/pages/ZoneEntryView.tsx,pagina,/zone-entry,referenced_in_vault_depth_unverified,True,6065ef7b518b694029718a5fad07c0139a2cf4ba7e66de51ba69a2fe4b65c349,persistencia,guardar→leer de vuelta→recargar; cola→servidor→consumidor,"cola de contraste; evidencia previa debe reconciliarse, no significa nunca probado"
src/pages/ZoneEntryView.tsx,pagina,/zone-entry,referenced_in_vault_depth_unverified,True,6065ef7b518b694029718a5fad07c0139a2cf4ba7e66de51ba69a2fe4b65c349,ciclo_vida,background/proceso muerto; actualización PWA; versión antigua,"cola de contraste; evidencia previa debe reconciliarse, no significa nunca probado"
src/pages/ZoneEntryView.tsx,pagina,/zone-entry,referenced_in_vault_depth_unverified,True,6065ef7b518b694029718a5fad07c0139a2cf4ba7e66de51ba69a2fe4b65c349,salida,exportación/PDF/firma/compartir; integridad; revocación,"cola de contraste; evidencia previa debe reconciliarse, no significa nunca probado"
src/pages/ZoneEntryView.tsx,pagina,/zone-entry,referenced_in_vault_depth_unverified,True,6065ef7b518b694029718a5fad07c0139a2cf4ba7e66de51ba69a2fe4b65c349,dispositivo,web/Android; permisos revocados; OEM; sensores no disponibles,"cola de contraste; evidencia previa debe reconciliarse, no significa nunca probado"
src/pages/ZoneEntryView.tsx,pagina,/zone-entry,referenced_in_vault_depth_unverified,True,6065ef7b518b694029718a5fad07c0139a2cf4ba7e66de51ba69a2fe4b65c349,presentacion,idioma/accesibilidad; loading/error; no convertir falta de datos en seguro,"cola de contraste; evidencia previa debe reconciliarse, no significa nunca probado"
src/pages/climateRouteSchematic.ts,helper,,inventoried_only,False,abab8652c62d8ff74cb7db66b333d5004e611f5839d9b0f121fd1c4c4add59c6,identidad,anónimo/autenticado; rol permitido/denegado; sesión expirada/revocada,"cola de contraste; evidencia previa debe reconciliarse, no significa nunca probado"
src/pages/climateRouteSchematic.ts,helper,,inventoried_only,False,abab8652c62d8ff74cb7db66b333d5004e611f5839d9b0f121fd1c4c4add59c6,ambito,sin proyecto; A→B→A; cambio de empresa; respuesta tardía,"cola de contraste; evidencia previa debe reconciliarse, no significa nunca probado"
src/pages/climateRouteSchematic.ts,helper,,inventoried_only,False,abab8652c62d8ff74cb7db66b333d5004e611f5839d9b0f121fd1c4c4add59c6,entrada,menú/URL/QR/push; arranque frío; demo frente a rama normal,"cola de contraste; evidencia previa debe reconciliarse, no significa nunca probado"
src/pages/climateRouteSchematic.ts,helper,,inventoried_only,False,abab8652c62d8ff74cb7db66b333d5004e611f5839d9b0f121fd1c4c4add59c6,datos,vacío/inválido/antiguo; unidades y fechas; procedencia real,"cola de contraste; evidencia previa debe reconciliarse, no significa nunca probado"
src/pages/climateRouteSchematic.ts,helper,,inventoried_only,False,abab8652c62d8ff74cb7db66b333d5004e611f5839d9b0f121fd1c4c4add59c6,red,online/offline; timeout/403/500; recuperación sin estado residual,"cola de contraste; evidencia previa debe reconciliarse, no significa nunca probado"
src/pages/climateRouteSchematic.ts,helper,,inventoried_only,False,abab8652c62d8ff74cb7db66b333d5004e611f5839d9b0f121fd1c4c4add59c6,mutacion,doble clic/reintento/concurrencia; idempotencia y auditoría,"cola de contraste; evidencia previa debe reconciliarse, no significa nunca probado"
src/pages/climateRouteSchematic.ts,helper,,inventoried_only,False,abab8652c62d8ff74cb7db66b333d5004e611f5839d9b0f121fd1c4c4add59c6,persistencia,guardar→leer de vuelta→recargar; cola→servidor→consumidor,"cola de contraste; evidencia previa debe reconciliarse, no significa nunca probado"
src/pages/climateRouteSchematic.ts,helper,,inventoried_only,False,abab8652c62d8ff74cb7db66b333d5004e611f5839d9b0f121fd1c4c4add59c6,ciclo_vida,background/proceso muerto; actualización PWA; versión antigua,"cola de contraste; evidencia previa debe reconciliarse, no significa nunca probado"
src/pages/climateRouteSchematic.ts,helper,,inventoried_only,False,abab8652c62d8ff74cb7db66b333d5004e611f5839d9b0f121fd1c4c4add59c6,salida,exportación/PDF/firma/compartir; integridad; revocación,"cola de contraste; evidencia previa debe reconciliarse, no significa nunca probado"
src/pages/climateRouteSchematic.ts,helper,,inventoried_only,False,abab8652c62d8ff74cb7db66b333d5004e611f5839d9b0f121fd1c4c4add59c6,dispositivo,web/Android; permisos revocados; OEM; sensores no disponibles,"cola de contraste; evidencia previa debe reconciliarse, no significa nunca probado"
src/pages/climateRouteSchematic.ts,helper,,inventoried_only,False,abab8652c62d8ff74cb7db66b333d5004e611f5839d9b0f121fd1c4c4add59c6,presentacion,idioma/accesibilidad; loading/error; no convertir falta de datos en seguro,"cola de contraste; evidencia previa debe reconciliarse, no significa nunca probado"
src/pages/hygieneMetrics.ts,helper,,inventoried_only,False,be671532903c47d6a7e3eff59627aa48818be14de859819d6a2837f69c7c7f01,identidad,anónimo/autenticado; rol permitido/denegado; sesión expirada/revocada,"cola de contraste; evidencia previa debe reconciliarse, no significa nunca probado"
src/pages/hygieneMetrics.ts,helper,,inventoried_only,False,be671532903c47d6a7e3eff59627aa48818be14de859819d6a2837f69c7c7f01,ambito,sin proyecto; A→B→A; cambio de empresa; respuesta tardía,"cola de contraste; evidencia previa debe reconciliarse, no significa nunca probado"
src/pages/hygieneMetrics.ts,helper,,inventoried_only,False,be671532903c47d6a7e3eff59627aa48818be14de859819d6a2837f69c7c7f01,entrada,menú/URL/QR/push; arranque frío; demo frente a rama normal,"cola de contraste; evidencia previa debe reconciliarse, no significa nunca probado"
src/pages/hygieneMetrics.ts,helper,,inventoried_only,False,be671532903c47d6a7e3eff59627aa48818be14de859819d6a2837f69c7c7f01,datos,vacío/inválido/antiguo; unidades y fechas; procedencia real,"cola de contraste; evidencia previa debe reconciliarse, no significa nunca probado"
src/pages/hygieneMetrics.ts,helper,,inventoried_only,False,be671532903c47d6a7e3eff59627aa48818be14de859819d6a2837f69c7c7f01,red,online/offline; timeout/403/500; recuperación sin estado residual,"cola de contraste; evidencia previa debe reconciliarse, no significa nunca probado"
src/pages/hygieneMetrics.ts,helper,,inventoried_only,False,be671532903c47d6a7e3eff59627aa48818be14de859819d6a2837f69c7c7f01,mutacion,doble clic/reintento/concurrencia; idempotencia y auditoría,"cola de contraste; evidencia previa debe reconciliarse, no significa nunca probado"
src/pages/hygieneMetrics.ts,helper,,inventoried_only,False,be671532903c47d6a7e3eff59627aa48818be14de859819d6a2837f69c7c7f01,persistencia,guardar→leer de vuelta→recargar; cola→servidor→consumidor,"cola de contraste; evidencia previa debe reconciliarse, no significa nunca probado"
src/pages/hygieneMetrics.ts,helper,,inventoried_only,False,be671532903c47d6a7e3eff59627aa48818be14de859819d6a2837f69c7c7f01,ciclo_vida,background/proceso muerto; actualización PWA; versión antigua,"cola de contraste; evidencia previa debe reconciliarse, no significa nunca probado"
src/pages/hygieneMetrics.ts,helper,,inventoried_only,False,be671532903c47d6a7e3eff59627aa48818be14de859819d6a2837f69c7c7f01,salida,exportación/PDF/firma/compartir; integridad; revocación,"cola de contraste; evidencia previa debe reconciliarse, no significa nunca probado"
src/pages/hygieneMetrics.ts,helper,,inventoried_only,False,be671532903c47d6a7e3eff59627aa48818be14de859819d6a2837f69c7c7f01,dispositivo,web/Android; permisos revocados; OEM; sensores no disponibles,"cola de contraste; evidencia previa debe reconciliarse, no significa nunca probado"
src/pages/hygieneMetrics.ts,helper,,inventoried_only,False,be671532903c47d6a7e3eff59627aa48818be14de859819d6a2837f69c7c7f01,presentacion,idioma/accesibilidad; loading/error; no convertir falta de datos en seguro,"cola de contraste; evidencia previa debe reconciliarse, no significa nunca probado"
src/pages/medicineMetrics.ts,helper,,inventoried_only,False,0a8d6b6b5c4f06d8eab5cd2a1778f3545d13b847a78844f585c23610e85e01e7,identidad,anónimo/autenticado; rol permitido/denegado; sesión expirada/revocada,"cola de contraste; evidencia previa debe reconciliarse, no significa nunca probado"
src/pages/medicineMetrics.ts,helper,,inventoried_only,False,0a8d6b6b5c4f06d8eab5cd2a1778f3545d13b847a78844f585c23610e85e01e7,ambito,sin proyecto; A→B→A; cambio de empresa; respuesta tardía,"cola de contraste; evidencia previa debe reconciliarse, no significa nunca probado"
src/pages/medicineMetrics.ts,helper,,inventoried_only,False,0a8d6b6b5c4f06d8eab5cd2a1778f3545d13b847a78844f585c23610e85e01e7,entrada,menú/URL/QR/push; arranque frío; demo frente a rama normal,"cola de contraste; evidencia previa debe reconciliarse, no significa nunca probado"
src/pages/medicineMetrics.ts,helper,,inventoried_only,False,0a8d6b6b5c4f06d8eab5cd2a1778f3545d13b847a78844f585c23610e85e01e7,datos,vacío/inválido/antiguo; unidades y fechas; procedencia real,"cola de contraste; evidencia previa debe reconciliarse, no significa nunca probado"
src/pages/medicineMetrics.ts,helper,,inventoried_only,False,0a8d6b6b5c4f06d8eab5cd2a1778f3545d13b847a78844f585c23610e85e01e7,red,online/offline; timeout/403/500; recuperación sin estado residual,"cola de contraste; evidencia previa debe reconciliarse, no significa nunca probado"
src/pages/medicineMetrics.ts,helper,,inventoried_only,False,0a8d6b6b5c4f06d8eab5cd2a1778f3545d13b847a78844f585c23610e85e01e7,mutacion,doble clic/reintento/concurrencia; idempotencia y auditoría,"cola de contraste; evidencia previa debe reconciliarse, no significa nunca probado"
src/pages/medicineMetrics.ts,helper,,inventoried_only,False,0a8d6b6b5c4f06d8eab5cd2a1778f3545d13b847a78844f585c23610e85e01e7,persistencia,guardar→leer de vuelta→recargar; cola→servidor→consumidor,"cola de contraste; evidencia previa debe reconciliarse, no significa nunca probado"
src/pages/medicineMetrics.ts,helper,,inventoried_only,False,0a8d6b6b5c4f06d8eab5cd2a1778f3545d13b847a78844f585c23610e85e01e7,ciclo_vida,background/proceso muerto; actualización PWA; versión antigua,"cola de contraste; evidencia previa debe reconciliarse, no significa nunca probado"
src/pages/medicineMetrics.ts,helper,,inventoried_only,False,0a8d6b6b5c4f06d8eab5cd2a1778f3545d13b847a78844f585c23610e85e01e7,salida,exportación/PDF/firma/compartir; integridad; revocación,"cola de contraste; evidencia previa debe reconciliarse, no significa nunca probado"
src/pages/medicineMetrics.ts,helper,,inventoried_only,False,0a8d6b6b5c4f06d8eab5cd2a1778f3545d13b847a78844f585c23610e85e01e7,dispositivo,web/Android; permisos revocados; OEM; sensores no disponibles,"cola de contraste; evidencia previa debe reconciliarse, no significa nunca probado"
src/pages/medicineMetrics.ts,helper,,inventoried_only,False,0a8d6b6b5c4f06d8eab5cd2a1778f3545d13b847a78844f585c23610e85e01e7,presentacion,idioma/accesibilidad; loading/error; no convertir falta de datos en seguro,"cola de contraste; evidencia previa debe reconciliarse, no significa nunca probado"
